{"version":20180619,"tag":"996377673","params":"node","when_created":1666585692.9219,"parent_id":"41f1c7b9","props":[],"when_updated":1666610808.1262,"items":{"4":{"flag1":0,"id":"4","type":"question","text":"node.prev.length === 1","one":"3","two":"6"},"9":{"flag1":0,"id":"9","type":"question","two":"10","one":"3","text":"prev.next[1] === node"},"3":{"type":"action","id":"3","one":"1","text":"return true"},"5":{"flag1":0,"id":"5","type":"question","two":"9","one":"3","text":"prev.subtype === \"parbegin\""},"2":{"type":"branch","branchId":0,"one":"4","id":"2"},"6":{"type":"action","id":"6","one":"5","text":"prev = node.prev[0]"},"10":{"type":"action","id":"10","one":"1","text":"return false"},"1":{"type":"end","id":"1"}},"type":"drakon","keywords":{"scenario":false,"async":false,"export":false,"function":true,"algoprop":false},"updated_by":"stipan","language":"LANG_S42","name":"isFirstPar","created_by":"stipan"}