{"keywords":{"scenario":false,"async":false,"export":true,"function":true,"algoprop":false},"tag":"453637218","params":"","when_created":1681121285.13,"parent_id":"73128943","props":[],"language":"LANG_S42","items":{"4":{"one":"5","id":"4","type":"action","text":"bad = {}","two":""},"1":{"type":"end","id":"1"},"5":{"one":"6","id":"5","type":"action","two":"","text":"bad[\"#\"] = true\nbad[\"%\"] = true\nbad[\"&\"] = true\nbad[\"{\"] = true\nbad[\"}\"] = true\nbad[\"\/\"] = true\nbad[\"\\\\\"] = true\nbad[\":\"] = true\nbad[\"\\\"\"] = true\nbad[\"\\'\"] = true\nbad[\"?\"] = true\nbad[\"<\"] = true\nbad[\">\"] = true\nbad[\"|\"] = true\nbad[\"`\"] = true\nbad[\"$\"] = true\nbad[\"=\"] = true\nbad[\"!\"] = true\nbad[\"@\"] = true\nbad[\"+\"] = true\nbad[\"*\"] = true"},"2":{"type":"branch","branchId":0,"one":"4","id":"2"},"6":{"type":"action","id":"6","one":"7","text":"self = FilenameChecker()\nself.bad = bad"},"7":{"type":"action","text":"return self","one":"1","id":"7"}},"version":20180619,"updated_by":"stipan","type":"drakon","when_updated":1681121722.0541,"name":"createFilenameChecker","created_by":"stipan"}