{"version":20180619,"tag":"11344557","params":"ctx\nleft\ntop\nwidth\nheight","when_created":1673074272.1213,"parent_id":"a95f8752","props":[],"language":"LANG_S42","items":{"4":{"one":"5","id":"4","type":"action","text":"h = height \/ 2\nw = width \/ 2","two":""},"1":{"type":"end","id":"1"},"5":{"one":"3","id":"5","type":"action","text":"x = left + w\ny = top + h","two":""},"2":{"type":"branch","branchId":0,"one":"4","id":"2"},"3":{"type":"action","id":"3","one":"1","text":"h2 = makeCylinderHeight(w)\nscale = h \/ h2\nctop = y - h2 + w\ncbottom = y + h2 - w\nctx.save()\nctx.translate(x, y)\nctx.scale(1, scale)\nctx.translate(-x, -y)\nctx.beginPath();\nctx.arc(x, ctop, w, -Math.PI, 0)\nctx.arc(x, cbottom, w, 0, Math.PI)\nctx.closePath()\nctx.restore()"}},"updated_by":"stipan","keywords":{"scenario":false,"async":false,"export":false,"function":true,"algoprop":false},"type":"drakon","created_by":"stipan","name":"databasePath","when_updated":1673075152.3507}