{"version":20180619,"tag":"180598366","params":"record\nsource","when_created":1664376991.1364,"parent_id":"a07682cb","props":[],"when_updated":1664377077.8187,"items":{"4":{"flag1":1,"id":"4","type":"question","text":"record.type === \"node\"","one":"3","two":"5"},"1":{"type":"end","id":"1"},"5":{"type":"action","id":"5","one":"1","text":"return record.element.tail.y > source.tail\n.y"},"2":{"type":"branch","branchId":0,"one":"4","id":"2"},"3":{"type":"action","id":"3","one":"1","text":"return record.element.y > source.tail.y"}},"type":"drakon","keywords":{"scenario":false,"async":false,"export":false,"function":true,"algoprop":false},"updated_by":"stipan","language":"LANG_S42","name":"isLower","created_by":"stipan"}