{"version":20180619,"tag":"752680025","params":"element\npos","when_created":1671263765.3446,"parent_id":"768df1c8","props":[],"created_by":"stipan","items":{"2":{"type":"branch","branchId":0,"one":"10","id":"2"},"1":{"type":"end","id":"1"},"10":{"type":"action","text":"return true","one":"1","id":"10"}},"keywords":{"scenario":false,"async":false,"export":false,"function":true,"algoprop":false},"when_updated":1671264040.6409,"updated_by":"stipan","type":"drakon","name":"hit","language":"LANG_S42"}