{"keywords":{"scenario":false,"async":false,"export":false,"function":true,"algoprop":false},"tag":"171067663","params":"visuals\nnode\nctx","when_created":1666101579.3309,"parent_id":"4ee6bb37","props":[],"created_by":"stipan","items":{"1":{"type":"end","id":"1"},"5":{"one":"12","id":"5","type":"action","two":"","text":"left = node.x - node.w\nright = node.x + node.w\ntop = node.y - node.h"},"15":{"type":"action","id":"15","one":"1","text":"ctx.fillRect(\n    x2,\n    top,\n    thickness,\n    node.h * 2\n)"},"16":{"one":"7","id":"16","type":"action","text":"ctx.fillStyle = getThemeValue(\n    visuals.config,\n    node,\n    \"internalLine\"\n)","two":""},"11":{"type":"action","text":"renderAction(visuals, node, ctx)","one":"5","id":"11"},"12":{"type":"action","text":"x1 = left + visuals.config.insertionPadding\nx2 = right - visuals.config.insertionPadding","one":"10","id":"12"},"7":{"type":"action","text":"ctx.fillRect(\n    x1,\n    top,\n    thickness,\n    node.h * 2\n)","one":"15","id":"7"},"2":{"type":"branch","branchId":0,"one":"11","id":"2"},"10":{"type":"action","id":"10","one":"14","text":"thickness = getThemeValue(\n    visuals.config,\n    node,\n    \"borderWidth\"\n) || 1"},"14":{"one":"16","id":"14","type":"action","text":"style = getThemeValue(\n    visuals.config,\n    node,\n    \"iconBorder\"\n)","two":""}},"updated_by":"stipan","version":20180619,"type":"drakon","language":"LANG_S42","name":"renderInsertion","when_updated":1666103033.4681}