{"version":20180619,"tag":"396915632","params":"widget\nnode","when_created":1666718949.3678,"parent_id":"f474e5bd","props":[],"when_updated":1675883936.8601,"items":{"4":{"type":"action","id":"4","one":"5","text":"popFromSkewer(widget, node, edits)"},"1":{"type":"end","id":"1"},"5":{"type":"action","text":"return edits","one":"1","id":"5"},"2":{"type":"branch","branchId":0,"one":"3","id":"2"},"3":{"type":"action","id":"3","one":"4","text":"edits = []"}},"keywords":{"scenario":false,"async":false,"export":false,"function":true,"algoprop":false},"type":"drakon","updated_by":"stipan","language":"LANG_S42","name":"deleteSimple","created_by":"stipan"}