{"keywords":{"scenario":false,"async":false,"export":false,"function":true,"algoprop":false},"tag":"339597108","params":"left\ntop\nwidth\nheight\npadding","when_created":1657881499.5354,"parent_id":"683f5bbe","props":[],"when_updated":1672562020.696,"items":{"4":{"type":"action","id":"4","one":"7","text":"x0 = left - add\nx1 = x0 + padding\nx3 = left + width + add\nx2 = x3 - padding\nbottom = top + height"},"1":{"type":"end","id":"1"},"5":{"type":"action","text":"add = 5","one":"4","id":"5"},"2":{"branchId":0,"one":"5","id":"2","type":"branch","text":""},"6":{"type":"action","id":"6","one":"1","text":"return [\n    {x: x0, y: y},\n    {x: x1, y: top},\n    {x: x2, y: top},\n    {x: x3, y: y},\n    {x: x3, y: bottom},\n    {x: x0, y: bottom}\n]"},"7":{"type":"action","id":"7","one":"6","text":"y = top + height \/ 2"}},"type":"drakon","version":20180619,"updated_by":"stipan","created_by":"stipan","name":"buildLoopBeginCoords","language":"LANG_S42"}