{"keywords":{"scenario":false,"async":false,"export":false,"function":true,"algoprop":false},"tag":"192931415","params":"node","when_created":1666585875.1785,"parent_id":"41f1c7b9","props":[],"language":"LANG_S42","items":{"4":{"flag1":1,"id":"4","type":"question","text":"node.two","one":"3","two":"5"},"1":{"type":"end","id":"1"},"5":{"type":"action","id":"5","one":"1","text":"return true"},"2":{"type":"branch","branchId":0,"one":"4","id":"2"},"3":{"type":"action","id":"3","one":"1","text":"return false"}},"type":"drakon","version":20180619,"updated_by":"stipan","when_updated":1666585897.0111,"name":"isLastPar","created_by":"stipan"}