{"version":20180619,"tag":"80827458","params":"element","when_created":1671584088.6699,"parent_id":"33dd7b8d","props":[],"language":"LANG_S42","items":{"4":{"flag1":1,"id":"4","type":"question","text":"element.innerBox","one":"3","two":"5"},"1":{"type":"end","id":"1"},"5":{"type":"action","id":"5","one":"1","text":"return element.box"},"2":{"type":"branch","branchId":0,"one":"4","id":"2"},"3":{"type":"action","id":"3","one":"1","text":"return element.innerBox"}},"updated_by":"stipan","keywords":{"scenario":false,"async":false,"export":false,"function":true,"algoprop":false},"type":"drakon","when_updated":1671584114.5751,"name":"getGuideBox","created_by":"stipan"}