{"keywords":{"scenario":false,"async":false,"export":false,"function":true,"algoprop":false},"tag":"109119961","params":"ctx\nx\ny\nradius","when_created":1672899198.3533,"parent_id":"a95f8752","props":[],"when_updated":1672899222.617,"items":{"2":{"type":"branch","branchId":0,"one":"4","id":"2"},"1":{"type":"end","id":"1"},"4":{"one":"1","id":"4","type":"action","text":"ctx.arc(\n    x + radius,\n    y - radius,\n    radius,\n    Math.PI * 0.5,\n    Math.PI * 1.0\n)","two":""}},"version":20180619,"type":"drakon","updated_by":"stipan","created_by":"stipan","name":"leftBottomCorner","language":"LANG_S42"}