{"keywords":{"scenario":false,"async":false,"export":false,"function":true,"algoprop":false},"tag":"200824950","params":"x\ny","when_created":1671269138.349,"parent_id":"fcdb9bd6","props":[],"language":"LANG_S42","items":{"2":{"type":"branch","branchId":0,"one":"4","id":"2"},"4":{"type":"action","id":"4","one":"5","text":"self.element.width = x - self.left"},"1":{"type":"end","id":"1"},"5":{"type":"action","id":"5","one":"1","text":"findVerticalForHandle(\n    self,\n    self.element,\n    x\n)"}},"version":20180619,"updated_by":"stipan","type":"drakon","created_by":"stipan","name":"dragTo","when_updated":1671376400.6013}