{"keywords":{"scenario":false,"async":false,"export":false,"function":true,"algoprop":false},"tag":"767362352","params":"line","when_created":1667825991.7819,"parent_id":"f2ec426b","props":[],"when_updated":1667826013.638,"items":{"2":{"type":"branch","branchId":0,"one":"4","id":"2"},"1":{"type":"end","id":"1"},"4":{"type":"action","id":"4","one":"1","text":"line.push({type: \"space\"})"}},"updated_by":"stipan","version":20180619,"type":"drakon","language":"LANG_S42","name":"addSpaceToLine","created_by":"stipan"}