{"version":20180619,"tag":"240922243","params":"selection\nreferenced","when_created":1671126347.0628,"parent_id":"35f7b123","props":[],"when_updated":1671126417.1792,"items":{"4":{"type":"loopend","id":"4","one":"10","text":""},"8":{"flag1":1,"id":"8","type":"question","text":"id in referenced","one":"4","two":"9"},"1":{"type":"end","id":"1"},"5":{"type":"loopbegin","text":"id, type; selection.prims","one":"6","id":"5"},"9":{"type":"action","id":"9","one":"1","text":"return id"},"6":{"flag1":1,"id":"6","type":"question","text":"type === \"node\"","one":"8","two":"7"},"7":{"type":"action","id":"7","one":"1","text":"return undefined"},"2":{"type":"branch","branchId":0,"one":"5","id":"2"},"10":{"type":"action","id":"10","one":"1","text":"return undefined"}},"keywords":{"scenario":false,"async":false,"export":false,"function":true,"algoprop":false},"created_by":"stipan","updated_by":"stipan","type":"drakon","name":"findHead","language":"LANG_S42"}