{"keywords":{"scenario":false,"async":false,"export":false,"function":true,"algoprop":false},"tag":"976479038","params":"visuals\nid","when_created":1657629899.2707,"parent_id":"82d2ccaf","props":[],"when_updated":1675146785.5327,"items":{"4":{"flag1":0,"id":"4","type":"question","two":"9","one":"8","text":"edge.vertical"},"8":{"type":"action","text":"head.right = null\ntail.left = null","one":"10","id":"8"},"1":{"type":"end","id":"1"},"9":{"type":"action","text":"head.down = null\ntail.up = null","one":"10","id":"9"},"11":{"type":"action","text":"edge.head = null\nedge.tail = null\nedge.source = null\nedge.target = null\nedge.finalTarget = null","one":"12","id":"11"},"12":{"type":"action","id":"12","one":"1","text":"delete visuals.edges[id]"},"3":{"type":"action","id":"3","one":"7","text":"edge = visuals.edges[id]"},"7":{"type":"action","id":"7","one":"4","text":"head = edge.head\ntail = edge.tail"},"2":{"type":"branch","branchId":0,"one":"3","id":"2"},"10":{"type":"action","id":"10","one":"11","text":"utils.remove(head.sources, edge)\nutils.remove(head.targets, edge)\nutils.remove(tail.sources, edge)\nutils.remove(tail.targets, edge)"}},"type":"drakon","version":20180619,"updated_by":"stipan","created_by":"stipan","name":"removeEdge","language":"LANG_S42"}