{"keywords":{"scenario":false,"async":false,"export":false,"function":true,"algoprop":false},"tag":"611665233","params":"visuals\nabove\nbelow\ndistance","when_created":1657705484.5542,"parent_id":"794efc2c","props":[],"language":"LANG_S42","items":{"2":{"type":"branch","branchId":0,"one":"3","id":"2"},"1":{"type":"end","id":"1"},"3":{"type":"action","text":"linkSkewersGeneric(\n    visuals.levelLinks,\n    above.id,\n    below.id,\n    distance\n)","one":"1","id":"3"}},"type":"drakon","version":20180619,"updated_by":"stipan","when_updated":1657788695.2873,"name":"linkLevels","created_by":"stipan"}