{"keywords":{"scenario":false,"async":false,"export":false,"function":true,"algoprop":false},"tag":"620808521","params":"widget\nsocket","when_created":1665029989.7556,"parent_id":"f7515898","props":[],"created_by":"stipan","items":{"11":{"one":"5","id":"11","type":"action","text":"model = widget.model","two":""},"12":{"one":"13","id":"12","type":"action","text":"beginId = createItem(\n    model,\n    edits,\n    {type: \"loopbegin\", one: endId}\n)","two":""},"1":{"type":"end","id":"1"},"5":{"one":"12","id":"5","type":"action","two":"","text":"endId = createItem(\n    model,\n    edits,\n    {type: \"loopend\", one: socket.target}\n)"},"2":{"type":"branch","branchId":0,"one":"4","id":"2"},"4":{"one":"11","id":"4","type":"action","text":"edits = []","two":""},"13":{"type":"action","text":"redirectUpperItems(\n    edits,\n    socket.links,\n    beginId\n)","one":"10","id":"13"},"10":{"one":"1","id":"10","type":"action","two":"","text":"return edits"}},"version":20180619,"type":"drakon","updated_by":"stipan","when_updated":1665030150.9548,"name":"foreachInsert","language":"LANG_S42"}