{"keywords":{"scenario":false,"async":false,"export":false,"function":true,"algoprop":false},"tag":"671964812","params":"visited\nnode","when_created":1665048764.6809,"parent_id":"ed3b4890","props":[],"language":"LANG_S42","items":{"8":{"flag1":1,"id":"8","type":"question","text":"prev.itemId in visited","one":"6","two":"9"},"1":{"type":"end","id":"1"},"7":{"type":"loopbegin","text":"prev; node.aprev","one":"8","id":"7"},"2":{"type":"branch","branchId":0,"one":"7","id":"2"},"6":{"type":"loopend","text":"","one":"3","id":"6"},"9":{"type":"action","id":"9","one":"1","text":"return true"},"3":{"type":"action","id":"3","one":"1","text":"return false"}},"version":20180619,"updated_by":"stipan","type":"drakon","created_by":"stipan","name":"hasUntouchedArrows","when_updated":1665048826.8578}