{"version":20180619,"tag":"653463027","params":"element\nconfig","when_created":1671559690.7582,"parent_id":"3df720c9","props":[],"language":"LANG_S42","items":{"2":{"branchId":0,"one":"35","id":"2","type":"branch","text":""},"1":{"type":"end","id":"1"},"35":{"type":"action","id":"35","one":"1","text":"calculateRectBox(element)"}},"keywords":{"scenario":false,"async":false,"export":false,"function":true,"algoprop":false},"type":"drakon","updated_by":"stipan","when_updated":1671559962.454,"name":"calculateBox","created_by":"stipan"}