{"version":20180619,"tag":"907606852","when_created":1669035304.4924,"parent_id":"e0f4b57d","props":[],"items":{"4":{"type":"action","id":"4","one":"5","text":"src = self.edit.diagram"},"8":{"type":"action","id":"8","one":"1","text":"return JSON.stringify(diagram, null, 4)"},"1":{"type":"end","id":"1"},"5":{"type":"action","id":"5","one":"10","text":"copyFieldsWithValue(\n    diagram,\n    src,\n    [\"name\", \"params\", \"style\"]\n)"},"9":{"type":"loopend","text":"","one":"8","id":"9"},"11":{"type":"action","id":"11","one":"12","text":"copy = utils.clone(item)"},"12":{"type":"action","id":"12","one":"13","text":"delete copy.id"},"3":{"type":"action","text":"diagram = {\n    items: {},\n    type: self.model.type\n}","one":"4","id":"3"},"2":{"type":"branch","branchId":0,"one":"14","id":"2"},"10":{"type":"loopbegin","text":"id, item; src.items","one":"11","id":"10"},"13":{"type":"action","id":"13","one":"9","text":"diagram.items[id] = copy"},"14":{"type":"action","text":"tracing.trace(\"DrakonCanvas.exportJson\")","one":"3","id":"14"}},"when_updated":1675145524.1643,"created_by":"stipan","updated_by":"stipan","type":"drakon","name":"exportJson","language":"LANG_S42"}