{"keywords":{"scenario":false,"async":false,"export":false,"function":true,"algoprop":false},"tag":"434918480","params":"widget\nexisting\nitem","when_created":1664970478.4991,"parent_id":"f7515898","props":[],"created_by":"stipan","items":{"4":{"one":"7","id":"4","type":"action","text":"edits = []","two":""},"8":{"one":"9","id":"8","type":"action","text":"targetId = existing.next[0].itemId","two":""},"1":{"type":"end","id":"1"},"5":{"one":"13","id":"5","type":"action","text":"caseId = createItem(model, edits, fields)","two":""},"9":{"one":"5","id":"9","type":"action","two":"","text":"item = item || {}\nfields = utils.clone(item)\nfields.one = targetId\nfields.type = \"case\"\nfields.two = existing.itemId"},"6":{"one":"1","id":"6","type":"action","two":"","text":"return edits"},"7":{"one":"8","id":"7","type":"action","text":"model = widget.model","two":""},"2":{"type":"branch","branchId":0,"one":"4","id":"2"},"13":{"one":"6","id":"13","type":"action","two":"","text":"updateItem(\n    edits,\n    existing.select.itemId,\n    {one: caseId}\n)"}},"version":20180619,"type":"drakon","updated_by":"stipan","when_updated":1675145531.4763,"name":"firstCaseInsertCore","language":"LANG_S42"}