{"version":20180619,"tag":"729704727","params":"widget\nelement","when_created":1671484200.3963,"parent_id":"c7c5feee","props":[],"created_by":"stipan","items":{"4":{"one":"5","id":"4","type":"action","two":"","text":"elementActions = widget.freeIcons[\n    element.type\n]"},"1":{"type":"end","id":"1"},"5":{"flag1":1,"id":"5","type":"question","text":"elementActions.canEditLink","one":"3","two":"6"},"2":{"type":"branch","branchId":0,"one":"4","id":"2"},"6":{"type":"action","id":"6","one":"1","text":"return false"},"3":{"type":"action","text":"return elementActions.canEditLink()","one":"1","id":"3"}},"type":"drakon","keywords":{"scenario":false,"async":false,"export":false,"function":true,"algoprop":false},"updated_by":"stipan","when_updated":1671583786.4213,"name":"canEditLink","language":"LANG_S42"}