{"keywords":{"scenario":false,"async":false,"export":true,"function":true,"algoprop":false},"tag":"16751456529960","params":"src","when_created":1657265690.5134,"parent_id":"73128943","props":[],"items":{"4":{"flag1":1,"id":"4","type":"question","two":"5","one":"3","text":"src"},"1":{"type":"end","id":"1"},"5":{"type":"action","text":"return src","one":"1","id":"5"},"2":{"type":"branch","branchId":0,"one":"4","id":"2"},"6":{"type":"action","id":"6","one":"1","text":"return dst"},"7":{"type":"action","id":"7","one":"6","text":"Object.assign(dst, src)"},"3":{"type":"action","id":"3","one":"7","text":"dst = {}"}},"when_updated":1675145652.9961,"type":"drakon","updated_by":"stipan","version":20180619,"name":"clone","created_by":"stipan"}