{"keywords":{"scenario":false,"function":true,"async":false,"export":false},"tag":"","params":"visited\nobj","when_created":1672747357.5249,"parent_id":"3e215c98","props":[],"items":{"4":{"flag1":1,"id":"4","type":"question","text":"obj === undefined","one":"3","two":"5"},"31":{"one":"35","id":"31","type":"loopend","two":"","text":""},"21":{"one":"36","id":"21","type":"case","text":"\"boolean\"","two":"24"},"41":{"type":"action","text":"copy = {}","one":"43","id":"41"},"22":{"one":"36","id":"22","type":"case","two":"21","text":"\"number\""},"32":{"one":"34","id":"32","type":"loopbegin","two":"","text":"item; obj"},"5":{"flag1":1,"id":"5","type":"question","text":"obj === null","one":"3","two":"23"},"28":{"flag1":1,"id":"28","type":"question","two":"29","one":"36","text":"obj instanceof RegExp"},"47":{"type":"action","id":"47","one":"30","text":"visited.add(obj)"},"23":{"type":"select","text":" typeof obj","one":"22","id":"23"},"33":{"one":"32","id":"33","type":"action","two":"","text":"array = []"},"29":{"flag1":1,"id":"29","type":"question","text":"obj instanceof Date","one":"36","two":"46"},"44":{"type":"action","text":"copy[key] = deepCloneCore(visited, value)","one":"42","id":"44"},"43":{"type":"loopbegin","id":"43","one":"44","text":"key, value; obj"},"45":{"type":"action","text":"return copy","one":"1","id":"45"},"34":{"one":"31","id":"34","type":"action","two":"","text":"array.push(deepCloneCore(visited, item))"},"1":{"type":"end","id":"1"},"42":{"type":"loopend","text":"","one":"45","id":"42"},"24":{"one":"36","id":"24","type":"case","text":"\"string\"","two":"25"},"39":{"type":"action","id":"39","one":"1","text":"throw new Error(\n    \"deepClone: cycle detected\"\n)"},"36":{"type":"action","id":"36","one":"1","text":"return obj"},"35":{"one":"1","id":"35","type":"action","text":"return array","two":""},"25":{"one":"36","id":"25","type":"case","text":"\"bigint\"","two":"26"},"46":{"flag1":0,"id":"46","type":"question","text":"visited.has(obj)","one":"47","two":"39"},"3":{"type":"action","text":"return undefined","one":"1","id":"3"},"26":{"one":"36","id":"26","type":"case","text":"\"function\"","two":"27"},"30":{"flag1":1,"id":"30","type":"question","two":"41","one":"33","text":"Array.isArray(obj)"},"2":{"type":"branch","branchId":0,"one":"4","id":"2"},"27":{"one":"36","id":"27","type":"case","two":"20","text":"\"symbol\""},"20":{"type":"case","one":"28","id":"20"}},"created_by":"stipan","updated_by":"stipan","type":"drakon","version":20180619,"name":"deepCloneCore","when_updated":1672747357.5249}