{"keywords":{"scenario":false,"async":false,"export":false,"function":true,"algoprop":false},"tag":"971272157","params":"widget\nprim","when_created":1660543357.2282,"parent_id":"befd80d4","props":[],"when_updated":1671182136.8059,"items":{"4":{"type":"action","id":"4","one":"5","text":"prim.left = pos.x\nprim.top = pos.y"},"8":{"type":"action","text":"prim.diagramLeft = prim.left\nprim.diagramTop = prim.top\nprim.diagramWidth = prim.width\nprim.diagramHeight = prim.height","one":"3","id":"8"},"1":{"type":"end","id":"1"},"5":{"type":"action","text":"zoom = widget.zoomFactor","one":"6","id":"5"},"2":{"type":"branch","branchId":0,"one":"8","id":"2"},"6":{"type":"action","id":"6","one":"1","text":"prim.width *= zoom\nprim.height *= zoom"},"3":{"type":"action","text":"pos = toClient(\n    widget,\n    prim.left,\n    prim.top\n)","one":"4","id":"3"}},"version":20180619,"type":"drakon","updated_by":"stipan","created_by":"stipan","name":"primToClient","language":"LANG_S42"}