{"version":20180619,"tag":"41299822","params":"visuals\nnode\nctx","when_created":1666197085.0753,"parent_id":"4ee6bb37","props":[],"created_by":"stipan","items":{"2":{"type":"branch","branchId":0,"one":"17","id":"2"},"15":{"one":"1","id":"15","type":"action","two":"","text":"centerContent(visuals, node, ctx)"},"1":{"type":"end","id":"1"},"17":{"type":"action","id":"17","one":"15","text":"renderDrakonIconShape(\n    ctx,\n    visuals,\n    node,\n    buildSimpleInputCoords,\n    visuals.config.metre\n)"}},"keywords":{"scenario":false,"async":false,"export":false,"function":true,"algoprop":false},"updated_by":"stipan","type":"drakon","language":"LANG_S42","name":"renderSimpleInput","when_updated":1672563875.6463}