{"version":20180619,"tag":"183112587","params":"widget\nnode","when_created":1671124431.358,"parent_id":"35f7b123","props":[],"created_by":"stipan","items":{"1":{"type":"end","id":"1"},"21":{"type":"action","text":"reportSelection(widget)","one":"14","id":"21"},"2":{"type":"branch","branchId":0,"one":"20","id":"2"},"15":{"type":"action","text":"return false","one":"1","id":"15"},"20":{"flag1":1,"id":"20","type":"question","two":"15","one":"21","text":"addToSelectionCore(widget, node)"},"14":{"type":"action","text":"return true","one":"1","id":"14"}},"updated_by":"stipan","keywords":{"scenario":false,"async":false,"export":false,"function":true,"algoprop":false},"type":"drakon","when_updated":1671124994.4078,"name":"addToSelection","language":"LANG_S42"}