{"version":20180619,"tag":"78182009","params":"widget\nnode","when_created":1673445321.8459,"parent_id":"b3d6c272","props":[],"created_by":"stipan","items":{"2":{"type":"branch","branchId":0,"one":"3","id":"2"},"1":{"type":"end","id":"1"},"3":{"type":"action","id":"3","one":"1","text":"return widget.mindIcons[node.type]"}},"keywords":{"scenario":false,"async":false,"export":false,"function":true,"algoprop":false},"when_updated":1673445400.6974,"updated_by":"stipan","type":"drakon","name":"isMindIcon","language":"LANG_S42"}