{"keywords":{"scenario":false,"async":false,"export":false,"function":true,"algoprop":false},"tag":"585314167","params":"x1\ny1\nx2\ny2","when_created":1671457038.8973,"parent_id":"34e4d875","props":[],"items":{"4":{"type":"action","text":"div = Math.sqrt(a * a + b * b)","one":"5","id":"4"},"1":{"type":"end","id":"1"},"5":{"type":"action","id":"5","one":"1","text":"return {\n    a: a,\n    b: b,\n    c: c,\n    div: div\n}"},"2":{"type":"branch","branchId":0,"one":"3","id":"2"},"3":{"type":"action","text":"a = y1 - y2\nb = x2 - x1\nc = x1 * y2 - x2 * y1","one":"4","id":"3"}},"when_updated":1671457479.1982,"type":"drakon","updated_by":"stipan","version":20180619,"name":"lineFrom2Points","created_by":"stipan"}