{"version":20180619,"tag":"104914031","when_created":1672946034.4414,"parent_id":"cfcfb786","props":[],"items":{"4":{"type":"action","id":"4","one":"1","text":"return items"},"8":{"type":"action","id":"8","one":"5","text":"pushMenuItem(\n    \"add_vertex\",\n    items,\n    tr(self.widget, \"Add vertex\"),\n    undefined,\n    function () {\n        self.addVertex(\n            self.widget,\n            self.element.id,\n            self.ordinal\n        )\n    }\n)"},"3":{"type":"action","id":"3","one":"8","text":"items = []"},"5":{"flag1":0,"id":"5","type":"question","text":"self.element.coords.length === 3","one":"10","two":"4"},"2":{"type":"branch","branchId":0,"one":"3","id":"2"},"9":{"type":"action","text":"pushMenuItem(\n    \"remove_vertex\",\n    items,\n    tr(self.widget, \"Remove vertex\"),\n    self.widget.visuals.config.imagePath\n    + \"delete.png\",\n    function () {\n        removeVertex(\n            self.widget,\n            self.element.id,\n            self.ordinal\n        )\n    }\n)","one":"4","id":"9"},"10":{"type":"action","id":"10","one":"9","text":"items.push({type: \"separator\"})"},"1":{"type":"end","id":"1"}},"when_updated":1672986114.204,"created_by":"stipan","type":"drakon","updated_by":"stipan","name":"makeContextMenu","language":"LANG_S42"}