{"version":20180619,"tag":"425959520","params":"visuals\nelement\nctx","when_created":1673156216.3149,"parent_id":"f298c153","props":[],"language":"LANG_S42","items":{"47":{"one":"48","id":"47","type":"action","text":"clearShadow(ctx)","two":""},"46":{"type":"action","text":"w = element.width \/ 2\nh = element.height \/ 2\nx = element.left + w\ny = element.top + h","one":"45","id":"46"},"1":{"type":"end","id":"1"},"48":{"type":"action","id":"48","one":"1","text":"ctx.stroke()"},"2":{"type":"branch","branchId":0,"one":"32","id":"2"},"45":{"type":"action","id":"45","one":"47","text":"circlePath(ctx, x, y, w)\nctx.fill()"},"44":{"one":"46","id":"44","type":"action","two":"","text":"setFillStroke(visuals, element, ctx)"},"32":{"type":"action","id":"32","one":"44","text":"config = visuals.config"}},"updated_by":"stipan","keywords":{"scenario":false,"async":false,"export":false,"function":true,"algoprop":false},"type":"drakon","created_by":"stipan","name":"renderRadioFalse","when_updated":1673156782.159}