{"keywords":{"scenario":false,"async":false,"export":true,"function":true,"algoprop":false},"tag":"264673453","params":"raw","when_created":1681122528.2222,"parent_id":"73128943","props":[],"items":{"4":{"type":"loopend","text":"","one":"23","id":"4"},"1":{"type":"end","id":"1"},"21":{"type":"action","text":"result += ch","one":"4","id":"21"},"9":{"flag1":0,"id":"9","type":"question","two":"16","one":"17","text":"isSpace(code)"},"6":{"type":"action","text":"ch = raw[i]\ncode = raw.charCodeAt(i)","one":"9","id":"6"},"22":{"type":"action","id":"22","one":"4","text":"result += \" \""},"7":{"type":"action","text":"result = \"\"","one":"5","id":"7"},"23":{"type":"action","text":"return result.trim()","one":"1","id":"23"},"5":{"type":"loopbegin","id":"5","one":"6","text":"i = 0; i < raw.length; i++"},"17":{"flag1":1,"id":"17","type":"question","text":"code > 32","one":"20","two":"4"},"18":{"type":"action","text":"checker = createFilenameChecker()","one":"7","id":"18"},"2":{"type":"branch","branchId":0,"one":"18","id":"2"},"16":{"type":"action","text":"result += \" \"","one":"4","id":"16"},"20":{"flag1":1,"id":"20","type":"question","text":"checker.isGoodChar(ch)","one":"21","two":"22"}},"when_updated":1681123775.7213,"version":20180619,"type":"drakon","updated_by":"stipan","name":"sanitizeFilename","created_by":"stipan"}