{"version":20180619,"tag":"294398357","params":"visuals\nelement\nctx","when_created":1673158341.9066,"parent_id":"f298c153","props":[],"when_updated":1673159625.5575,"items":{"4":{"one":"5","id":"4","type":"action","two":"","text":"ctx.lineWidth = getLineWidth(\n    visuals,\n    element\n)"},"8":{"flag1":0,"id":"8","type":"question","text":"mustShift(visuals.config, line)","one":"12","two":"9"},"1":{"type":"end","id":"1"},"5":{"one":"7","id":"5","type":"action","text":"ctx.strokeStyle = getLineColor(\n    visuals,\n    element\n)","two":""},"9":{"one":"12","id":"9","type":"action","two":"","text":"x += 0.5\ny += 0.5"},"12":{"type":"action","text":"xp = Math.round(w * 0.5)\nyp = Math.round(h * 0.5)\nx0 = x - w + xp\nx1 = x + w - xp\ny0 = y - h + yp\ny1 = y + h - yp\nline1(ctx, x0, y0, x1, y0)\nline1(ctx, x0, y, x1, y)\nline1(ctx, x0, y1, x1, y1)","one":"1","id":"12"},"7":{"type":"action","text":"w = element.width \/ 2\nh = element.height \/ 2\nx = element.left + w\ny = element.top + h","one":"10","id":"7"},"2":{"type":"branch","branchId":0,"one":"4","id":"2"},"10":{"one":"8","id":"10","type":"action","text":"line = ctx.lineWidth || 1","two":""}},"keywords":{"scenario":false,"async":false,"export":false,"function":true,"algoprop":false},"created_by":"stipan","updated_by":"stipan","type":"drakon","name":"renderMenu","language":"LANG_S42"}