{"keywords":{"scenario":false,"async":false,"export":true,"function":true,"algoprop":false},"tag":"547490263","params":"diagram\nsender","when_created":1661097657.1789,"parent_id":"7f386394","props":[],"language":"LANG_S42","items":{"4":{"type":"action","id":"4","one":"1","text":"return self"},"8":{"one":"4","id":"8","type":"action","text":"self.currentUndo = -1\nself.undo = []","two":""},"1":{"type":"end","id":"1"},"5":{"type":"action","id":"5","one":"8","text":"self.edit = sender"},"2":{"type":"branch","branchId":0,"one":"3","id":"2"},"6":{"type":"action","text":"self.diagram = diagram","one":"5","id":"6"},"3":{"type":"action","id":"3","one":"6","text":"self = UndoEdit()"}},"version":20180619,"updated_by":"stipan","type":"drakon","when_updated":1661500951.7259,"name":"createUndoEdit","created_by":"stipan"}