{"version":20180619,"tag":"744823562","params":"property\ndefaultValue\ndst\nsrc","when_created":1658245719.1611,"parent_id":"34e4d875","props":[],"language":"LANG_S42","items":{"4":{"flag1":1,"id":"4","type":"question","text":"property in src","one":"3","two":"5"},"1":{"type":"end","id":"1"},"5":{"type":"action","text":"dst[property] = defaultValue","one":"1","id":"5"},"2":{"type":"branch","branchId":0,"one":"4","id":"2"},"3":{"type":"action","id":"3","one":"1","text":"dst[property] = src[property]"}},"updated_by":"stipan","keywords":{"scenario":false,"async":false,"export":false,"function":true,"algoprop":false},"type":"drakon","created_by":"stipan","name":"setc","when_updated":1660229422.1254}