{"version":20180619,"tag":"928628652","params":"visuals\nelement\nctx","when_created":1676216522.5529,"parent_id":"f85b1648","props":[],"language":"LANG_S42","items":{"37":{"type":"action","text":"left = element.left\ntop = element.top\nwidth = element.width\nheight = element.height\nbottom = top + height","one":"51","id":"37"},"31":{"type":"action","id":"31","one":"50","text":"image = visuals.images[element.image]"},"41":{"type":"action","id":"41","one":"40","text":"textTop = Math.ceil(\n    middle - element.flowBlock.height \/ 2\n)"},"38":{"one":"42","id":"38","type":"action","two":"","text":"textLeft = left + 1"},"32":{"branchId":5,"one":"1","id":"32","type":"branch","text":"Exit"},"48":{"branchId":4,"one":"55","id":"48","type":"branch","text":"Border"},"42":{"type":"action","text":"middle = (imageHeight + top + bottom) \/ 2","one":"41","id":"42"},"52":{"flag1":0,"id":"52","type":"question","text":"element.flowBlock.lines.length === 0","one":"30","two":"47"},"49":{"type":"action","text":"renderIconShapeBorder(\n    ctx,\n    visuals,\n    buildRectCoords,\n    line,\n    left,\n    top,\n    width,\n    height,\n    undefined\n)","one":"32","id":"49"},"56":{"flag1":1,"id":"56","type":"question","text":"element.style.iconBorder","one":"49","two":"32"},"34":{"branchId":1,"one":"37","id":"34","type":"branch","text":"Fill"},"1":{"type":"end","id":"1"},"55":{"flag1":1,"id":"55","type":"question","two":"32","one":"56","text":"element.style"},"30":{"type":"action","text":"ctx.drawImage(\n    image.imageObj,\n    left,\n    top,\n    width,\n    imageHeight\n)","one":"33","id":"30"},"53":{"flag1":1,"id":"53","type":"question","two":"2","one":"35","text":"element.style"},"51":{"type":"action","text":"cy = Math.round(top + height \/ 2)","one":"53","id":"51"},"35":{"one":"54","id":"35","type":"action","text":"line = setFillStroke(visuals, element, ctx)","two":""},"50":{"one":"46","id":"50","type":"action","two":"","text":"imageHeight = getImageHeight(\n    image,\n    width\n)"},"46":{"flag1":1,"id":"46","type":"question","text":"element.flowBlock","one":"52","two":"47"},"2":{"branchId":2,"one":"31","id":"2","type":"branch","text":"Image"},"54":{"flag1":1,"id":"54","type":"question","two":"2","one":"36","text":"element.style.iconBack"},"47":{"type":"action","id":"47","one":"48","text":"ctx.drawImage(\n    image.imageObj,\n    left,\n    Math.round(cy - imageHeight \/ 2),\n    width,\n    imageHeight\n)"},"33":{"branchId":3,"one":"38","id":"33","type":"branch","text":"Text content"},"36":{"type":"action","id":"36","one":"2","text":"renderIconShapeFill(\n    ctx,\n    visuals,\n    buildRectCoords,\n    left,\n    top,\n    width,\n    height,\n    undefined\n)"},"40":{"one":"48","id":"40","type":"action","text":"renderContentCore(\n    visuals,\n    element,\n    textLeft,\n    textTop\n)","two":""}},"updated_by":"stipan","keywords":{"scenario":false,"async":false,"export":false,"function":true,"algoprop":false},"type":"drakon","created_by":"stipan","name":"render","when_updated":1676224139.3633}