{"keywords":{"scenario":false,"async":false,"export":false,"function":true,"algoprop":false},"tag":"883688255","params":"leftId\nrightId\nitems","when_created":1657285249.8594,"parent_id":"befd80d4","props":[],"when_updated":1657285303.0313,"items":{"2":{"type":"branch","branchId":0,"one":"3","id":"2"},"3":{"type":"action","id":"3","one":"5","text":"left = items[leftId]\nright = items[rightId]"},"1":{"type":"end","id":"1"},"5":{"type":"action","text":"return left.branchId - right.branchId","one":"1","id":"5"}},"version":20180619,"type":"drakon","updated_by":"stipan","created_by":"stipan","name":"compareBranches","language":"LANG_S42"}