{"keywords":{"scenario":false,"async":false,"export":false,"function":true,"algoprop":false},"tag":"61149196","params":"ctx\nx0\ny0\nx1\ny1\nx2\ny2","when_created":1667640174.0748,"parent_id":"99e62b4e","props":[],"created_by":"stipan","items":{"2":{"type":"branch","branchId":0,"one":"3","id":"2"},"1":{"type":"end","id":"1"},"3":{"type":"action","id":"3","one":"1","text":"ctx.beginPath();\nctx.moveTo(x0, y0)\nctx.lineTo(x1, y1)\nctx.lineTo(x2, y2)\nctx.stroke()"}},"updated_by":"stipan","version":20180619,"type":"drakon","language":"LANG_S42","name":"line2","when_updated":1667640189.8456}