{"keywords":{"scenario":false,"async":false,"export":false,"function":true,"algoprop":false},"tag":"223694106","params":"widget\nheadNode\nnode","when_created":1658404285.6099,"parent_id":"35f7b123","props":[],"when_updated":1666719820.6251,"items":{"4":{"flag1":0,"id":"4","type":"question","text":"headNode","one":"3","two":"6"},"8":{"type":"action","id":"8","one":"1","text":"return headNode"},"10":{"type":"action","id":"10","one":"7","text":"selection = widget.selection"},"9":{"type":"action","id":"9","one":"16","text":"selection.prims[node.id] = \"node\""},"6":{"flag1":1,"id":"6","type":"question","text":"node.y < headNode.y","one":"3","two":"14"},"16":{"flag1":0,"id":"16","type":"question","two":"17","one":"4","text":"node.side"},"7":{"flag1":0,"id":"7","type":"question","text":"node.id in selection.prims","one":"9","two":"8"},"3":{"type":"action","id":"3","one":"1","text":"return node"},"17":{"type":"action","text":"selection.prims[node.side] = \"node\"","one":"4","id":"17"},"2":{"type":"branch","branchId":0,"one":"10","id":"2"},"1":{"type":"end","id":"1"},"13":{"flag1":1,"id":"13","type":"question","two":"8","one":"3","text":"node.x < headNode.x"},"14":{"flag1":1,"id":"14","type":"question","text":"node.y === headNode.y","one":"13","two":"8"}},"updated_by":"stipan","version":20180619,"type":"drakon","language":"LANG_S42","name":"addOne","created_by":"stipan"}