{"version":20180619,"tag":"116834849","params":"widget\nsocket\nparent\nordinal\npayload","when_created":1673678172.8121,"parent_id":"b3d6c272","props":[],"when_updated":1673678208.4011,"items":{"4":{"one":"5","id":"4","type":"action","text":"roots = createMindIconOrPaste(\n    widget,\n    socket,\n    parent,\n    payload,\n    edits\n)","two":""},"1":{"type":"end","id":"1"},"5":{"one":"7","id":"5","type":"action","two":"","text":"insertMindChildren(\n    edits,\n    parent,\n    roots,\n    ordinal\n)"},"2":{"type":"branch","branchId":0,"one":"6","id":"2"},"6":{"one":"4","id":"6","type":"action","text":"edits = []","two":""},"7":{"one":"1","id":"7","type":"action","two":"","text":"return edits"}},"updated_by":"stipan","keywords":{"scenario":false,"async":false,"export":false,"function":true,"algoprop":false},"type":"drakon","created_by":"stipan","name":"mindInsertCore","language":"LANG_S42"}