{"keywords":{"scenario":false,"async":false,"export":false,"function":true,"algoprop":false},"tag":"19134285","params":"node","when_created":1657630328.2237,"parent_id":"84128d97","props":[],"created_by":"stipan","items":{"2":{"type":"branch","branchId":0,"one":"3","id":"2"},"1":{"type":"end","id":"1"},"3":{"type":"action","id":"3","one":"1","text":"return node.right.tail"}},"version":20180619,"type":"drakon","updated_by":"stipan","when_updated":1657630339.8766,"name":"getRight","language":"LANG_S42"}