{"keywords":{"scenario":false,"async":false,"export":false,"function":true,"algoprop":false},"tag":"","params":"widget\nelement\nctx","when_created":1673076889.5889,"parent_id":"32dea8ec","props":[],"language":"LANG_S42","items":{"2":{"branchId":0,"one":"62","id":"2","type":"branch","text":""},"1":{"type":"end","id":"1"},"62":{"type":"action","text":"drawRectCandies(widget, element, ctx)","one":"1","id":"62"}},"version":20180619,"updated_by":"stipan","type":"drakon","when_updated":1673076889.5889,"name":"drawCandies","created_by":"stipan"}