{"keywords":{"scenario":false,"async":false,"export":false,"function":true,"algoprop":false},"tag":"151573013","params":"config\nctx\ncoords\ncolor\nwidth\ntail\nhead\niconBack","when_created":1672776533.1969,"parent_id":"befd80d4","props":[],"created_by":"stipan","items":{"4":{"flag1":1,"id":"4","type":"question","two":"5","one":"3","text":"coords.length === 2"},"8":{"branchId":2,"one":"11","id":"8","type":"branch","text":"Tail"},"1":{"type":"end","id":"1"},"5":{"one":"6","id":"5","type":"action","two":"","text":"radius = config.lineRadius || 0"},"9":{"type":"action","id":"9","one":"8","text":"multilineRounded(\n    ctx,\n    coords,\n    color,\n    width,\n    radius\n)"},"15":{"type":"action","id":"15","one":"13","text":"point.x += 0.5\npoint.y += 0.5"},"16":{"flag1":0,"id":"16","type":"question","text":"width % 2 === 0","one":"14","two":"9"},"6":{"flag1":0,"id":"6","type":"question","text":"radius","one":"3","two":"16"},"11":{"type":"action","text":"drawTail(\n    ctx,\n    coords,\n    tail,\n    color,\n    iconBack,\n    width\n)","one":"10","id":"11"},"12":{"type":"action","id":"12","one":"7","text":"drawHead(\n    ctx,\n    coords,\n    head,\n    color,\n    iconBack,\n    width\n)"},"3":{"type":"action","text":"multilineSharp(ctx, coords, color, width)","one":"8","id":"3"},"7":{"branchId":4,"one":"1","id":"7","type":"branch","text":"Exit"},"2":{"branchId":1,"one":"4","id":"2","type":"branch","text":"Line"},"10":{"branchId":3,"one":"12","id":"10","type":"branch","text":"Head"},"13":{"type":"loopend","text":"","one":"9","id":"13"},"14":{"type":"loopbegin","text":"point; coords","one":"15","id":"14"}},"version":20180619,"type":"drakon","updated_by":"stipan","when_updated":1672813042.5736,"name":"multiline","language":"LANG_S42"}