{"keywords":{"scenario":false,"async":false,"export":false,"function":true,"algoprop":false},"tag":"","params":"visuals\nop","when_created":1666585547.1756,"parent_id":"41f1c7b9","props":[],"language":"LANG_S42","items":{"4":{"flag1":1,"id":"4","type":"question","text":"isSilhouette(visuals)","one":"3","two":"1"},"1":{"type":"end","id":"1"},"5":{"type":"action","id":"5","one":"1","text":"forType(visuals, \"branch\", showInsert)"},"2":{"type":"branch","branchId":0,"one":"4","id":"2"},"3":{"type":"action","text":"showInsert = function (visuals, node) {\n    showBranchSockets(visuals, node, op)\n}","one":"5","id":"3"}},"version":20180619,"updated_by":"stipan","type":"drakon","created_by":"stipan","name":"showAllBranchSockets","when_updated":1666585547.1756}