{"keywords":{"scenario":false,"async":false,"export":false,"function":true,"algoprop":false},"tag":"","params":"visuals\nelement","when_created":1673155315.8172,"parent_id":"e44b5c6f","props":[],"language":"LANG_S42","items":{"2":{"type":"branch","branchId":0,"one":"9","id":"2"},"8":{"one":"1","id":"8","type":"action","two":"","text":"return buildTextContent(\n    visuals,\n    element,\n    options,\n    element.width\n)"},"1":{"type":"end","id":"1"},"9":{"one":"8","id":"9","type":"action","text":"options = {}","two":""}},"version":20180619,"type":"drakon","updated_by":"stipan","created_by":"stipan","name":"flow","when_updated":1673155315.8172}