{"version":20180619,"tag":"969005143","params":"widget\nid\nctx\nconfig","when_created":1658299246.8659,"parent_id":"45b959db","props":[],"when_updated":1675499835.0705,"items":{"8":{"type":"action","text":"juncCandy(node, ctx, config)","one":"1","id":"8"},"1":{"type":"end","id":"1"},"5":{"flag1":0,"id":"5","type":"question","two":"8","one":"7","text":"node.type === \"junction\""},"9":{"flag1":1,"id":"9","type":"question","two":"10","one":"12","text":"shouldAlignWidth(visuals, node)"},"15":{"type":"action","text":"mindCandy(widget, node, ctx)","one":"1","id":"15"},"16":{"flag1":0,"id":"16","type":"question","text":"node.type === \"header\"","one":"14","two":"17"},"7":{"flag1":0,"id":"7","type":"question","two":"8","one":"16","text":"node.type === \"arrow-loop\""},"11":{"type":"action","text":"skewerResizeCandy(widget, node, ctx)","one":"1","id":"11"},"12":{"flag1":1,"id":"12","type":"question","two":"10","one":"11","text":"visuals.config.allowResize"},"6":{"type":"action","id":"6","one":"5","text":"node = visuals.nodes[id]"},"17":{"type":"action","text":"standardCandy(node, ctx, config)","one":"1","id":"17"},"2":{"type":"branch","branchId":0,"one":"13","id":"2"},"10":{"type":"action","id":"10","one":"1","text":"standardCandy(node, ctx, config)"},"13":{"type":"action","id":"13","one":"6","text":"visuals = widget.visuals"},"14":{"flag1":0,"id":"14","type":"question","text":"isMindIcon(widget, node)","one":"9","two":"15"}},"updated_by":"stipan","created_by":"stipan","type":"drakon","keywords":{"scenario":false,"async":false,"export":false,"function":true,"algoprop":false},"name":"drawNodeCandy","language":"LANG_S42"}