{"keywords":{"scenario":false,"async":false,"export":false,"function":true,"algoprop":false},"tag":"166023981","params":"item\noldToNew","when_created":1665136445.5971,"parent_id":"e674bf58","props":[],"when_updated":1672682791.7724,"items":{"4":{"flag1":0,"id":"4","type":"question","two":"6","one":"5","text":"item.one"},"8":{"flag1":0,"id":"8","type":"question","text":"item.side","one":"10","two":"9"},"1":{"type":"end","id":"1"},"5":{"flag1":0,"id":"5","type":"question","two":"7","one":"8","text":"item.two"},"9":{"one":"10","id":"9","type":"action","text":"item.side = oldToNew[item.side]","two":""},"6":{"type":"action","id":"6","one":"5","text":"item.one = oldToNew[item.one]"},"11":{"one":"12","id":"11","type":"action","two":"","text":"item.begin = oldToNew[item.begin]"},"12":{"flag1":0,"id":"12","type":"question","text":"item.end","one":"1","two":"13"},"7":{"type":"action","text":"item.two = oldToNew[item.two]","one":"8","id":"7"},"2":{"type":"branch","branchId":0,"one":"4","id":"2"},"13":{"one":"1","id":"13","type":"action","text":"item.end = oldToNew[item.end]","two":""},"10":{"flag1":0,"id":"10","type":"question","two":"11","one":"12","text":"item.begin"}},"type":"drakon","version":20180619,"updated_by":"stipan","created_by":"stipan","name":"replaceTarget","language":"LANG_S42"}