{"keywords":{"scenario":false,"async":false,"export":false,"function":true,"algoprop":false},"tag":"726499534","params":"ctx\nx0\ny0\nx1\ny1","when_created":1667640147.6167,"parent_id":"99e62b4e","props":[],"created_by":"stipan","items":{"2":{"type":"branch","branchId":0,"one":"3","id":"2"},"1":{"type":"end","id":"1"},"3":{"type":"action","id":"3","one":"1","text":"ctx.beginPath();\nctx.moveTo(x0, y0)\nctx.lineTo(x1, y1)\nctx.stroke()"}},"version":20180619,"type":"drakon","updated_by":"stipan","when_updated":1667640163.1329,"name":"line1","language":"LANG_S42"}