{"version":20180619,"tag":"502929125","params":"visuals\nnode\noptions\nforceWidth","when_created":1667376382.6392,"parent_id":"f67c537c","props":[],"language":"LANG_S42","items":{"4":{"branchId":4,"one":"1","id":"4","type":"branch","text":"Exit"},"40":{"type":"action","id":"40","one":"54","text":"text = node.content || \"\""},"5":{"branchId":3,"one":"40","id":"5","type":"branch","text":"Flow text"},"41":{"type":"action","id":"41","one":"37","text":"color = getFromOptionsOrConfig(\n    config,\n    options,\n    node,\n    \"color\"\n)"},"22":{"branchId":1,"one":"45","id":"22","type":"branch","text":"Padding"},"61":{"type":"action","id":"61","one":"41","text":"visuals.fonts[font] = true"},"62":{"flag1":0,"id":"62","type":"question","text":"forceWidth","one":"55","two":"63"},"42":{"flag1":0,"id":"42","type":"question","two":"51","one":"59","text":"options.singleLine"},"63":{"type":"action","id":"63","one":"58","text":"node.flowBlock = flowTextBlock(\n    node.textBlock,\n    forceWidth\n)"},"44":{"type":"action","id":"44","one":"5","text":"lineHeight = getFromOptionsOrConfig(\n    config,\n    options,\n    node,\n    \"lineHeight\"\n)"},"64":{"type":"action","text":"centerContent = getFromOptionsOrConfig(\n    config,\n    options,\n    node,\n    \"centerContent\"\n)","one":"36","id":"64"},"53":{"type":"action","id":"53","one":"42","text":"node.contentDiv = textDiv"},"24":{"branchId":2,"one":"64","id":"24","type":"branch","text":"Other values"},"25":{"type":"action","id":"25","one":"26","text":"paddingLeft = padding + getConfigValue(\n    options,\n    \"paddingLeft\",\n    0\n)"},"46":{"one":"25","id":"46","type":"action","two":"","text":"padding = getFromOptionsOrConfig(\n    config,\n    options,\n    node,\n    \"padding\",\n    0\n)"},"54":{"flag1":0,"id":"54","type":"question","text":"visuals.config.canvasIcons","one":"47","two":"57"},"47":{"one":"53","id":"47","type":"action","two":"","text":"textDiv = div(\n    \"drakon-icon-content\",\n    {\n        \"padding-left\": paddingLeft + \"px\",\n        \"padding-top\": paddingTop + \"px\",\n        \"padding-right\": paddingRight + \"px\",\n        \"padding-bottom\": paddingBottom +\n        \"px\",\n        \"text-align\": textAlign,\n        font: font,\n        color: color,\n        \"min-width\": minWidth + \"px\",\n        \"max-width\": maxWidth + \"px\",\n        \"line-height\": lineHeight,\n        \"user-select\": \"none\"\n    }\n)"},"27":{"type":"action","id":"27","one":"28","text":"paddingTop = padding + getConfigValue(\n    options,\n    \"paddingTop\",\n    0\n)"},"58":{"type":"action","id":"58","one":"4","text":"return {\n    width: node.flowBlock.width,\n    height: node.flowBlock.height\n}"},"37":{"type":"action","id":"37","one":"38","text":"textAlign = getFromOptionsOrConfig(\n    config,\n    options,\n    node,\n    \"textAlign\"\n)"},"56":{"type":"action","text":"node.textBlock = createTextBlock(\n    visuals.ctx,\n    text,\n    toptions,\n    visuals.fonts\n)","one":"62","id":"56"},"59":{"type":"action","id":"59","one":"52","text":"addTextToDiv(\n    options,\n    config,\n    textDiv,\n    text,\n    visuals.fonts,\n    font\n)"},"57":{"type":"action","id":"57","one":"56","text":"toptions = {\n    paddingLeft: paddingLeft,\n    paddingTop: paddingTop,\n    paddingRight: paddingRight,\n    paddingBottom: paddingBottom,\n    minWidth: minWidth,\n    font: font,\n    color: color,\n    lineHeight: lineHeight,\n    textAlign: textAlign,\n    textFormat: config.textFormat,\n    centerContent: centerContent,\n    singleLine: options.singleLine,\n    link: !!node.link\n}"},"28":{"type":"action","id":"28","one":"24","text":"paddingBottom = padding + getConfigValue(\n    options,\n    \"paddingBottom\",\n    0\n)"},"39":{"type":"action","text":"minWidth = getFromOptionsOrConfig(\n    config,\n    options,\n    node,\n    \"minWidth\"\n)","one":"44","id":"39"},"1":{"type":"end","id":"1"},"36":{"type":"action","text":"font = getFromOptionsOrConfig(\n    config,\n    options,\n    node,\n    \"font\"\n)","one":"61","id":"36"},"26":{"type":"action","id":"26","one":"27","text":"paddingRight = padding + getConfigValue(\n    options,\n    \"paddingRight\",\n    0\n)"},"38":{"type":"action","id":"38","one":"39","text":"maxWidth = getFromOptionsOrConfig(\n    config,\n    options,\n    node,\n    \"maxWidth\"\n)"},"45":{"one":"46","id":"45","type":"action","text":"config = visuals.config","two":""},"51":{"one":"52","id":"51","type":"action","text":"html.addText(textDiv, text)","two":""},"55":{"type":"action","id":"55","one":"58","text":"node.flowBlock = measureFlow(\n    node.textBlock,\n    minWidth,\n    maxWidth\n)"},"52":{"one":"4","id":"52","type":"action","text":"return addDivToDiagram(visuals, textDiv)","two":""}},"updated_by":"stipan","keywords":{"scenario":false,"async":false,"export":false,"function":true,"algoprop":false},"type":"drakon","when_updated":1671583450.2192,"name":"buildTextContent","created_by":"stipan"}