{"version":20180619,"tag":"100885361","params":"width\nheight\nbackground","when_created":1667562088.1726,"parent_id":"99e62b4e","props":[],"language":"LANG_S42","items":{"4":{"type":"action","text":"canvas.width = width\ncanvas.height = height\ncanvas.style.width = width + \"px\"\ncanvas.style.height = height + \"px\"","one":"6","id":"4"},"8":{"type":"action","id":"8","one":"9","text":"ctx.fillStyle = background"},"10":{"type":"action","id":"10","one":"1","text":"return ctx"},"5":{"type":"action","id":"5","one":"4","text":"canvas.style.display = \"inline-block\"\ncanvas.style.position = \"fixed\"\ncanvas.style.left = \"0px\"\ncanvas.style.top = \"0px\""},"9":{"type":"action","text":"ctx.fillRect(0, 0, width, height)","one":"10","id":"9"},"6":{"type":"action","id":"6","one":"7","text":"document.documentElement.appendChild(\n    canvas\n)"},"3":{"type":"action","text":"canvas = document.createElement(\"canvas\")\ncanvas.id = \"dummy-canvas\"","one":"5","id":"3"},"7":{"type":"action","text":"ctx = canvas.getContext(\"2d\")","one":"8","id":"7"},"2":{"type":"branch","branchId":0,"one":"3","id":"2"},"1":{"type":"end","id":"1"}},"updated_by":"stipan","keywords":{"scenario":false,"async":false,"export":true,"function":true,"algoprop":false},"type":"drakon","created_by":"stipan","name":"createDummyCanvas","when_updated":1667563835.739}