{"version":20180619,"tag":"685830981","params":"crawler\nstartEdge","when_created":1664017160.5552,"parent_id":"8e739cfd","props":[],"when_updated":1664017330.4493,"items":{"4":{"branchId":3,"one":"1","id":"4","type":"branch","text":"Exit"},"8":{"type":"action","id":"8","one":"7","text":"edge[crawler.side] = crawler.sub"},"1":{"type":"end","id":"1"},"5":{"branchId":2,"one":"13","id":"5","type":"branch","text":"Postponed subspaces"},"9":{"type":"arrow-loop","one":"8","id":"9"},"6":{"flag1":0,"id":"6","type":"question","text":"edge","one":"5","two":"9"},"11":{"type":"action","id":"11","one":"6","text":"edge = step.next"},"12":{"type":"loopend","text":"","one":"4","id":"12"},"3":{"type":"action","id":"3","one":"9","text":"edge = startEdge"},"7":{"type":"action","text":"crawler.onEdge(edge, step)","one":"11","id":"7"},"2":{"branchId":1,"one":"10","id":"2","type":"branch","text":"Traverse"},"10":{"type":"action","id":"10","one":"3","text":"step = {}"},"13":{"type":"loopbegin","text":"node; crawler.plan","one":"14","id":"13"},"14":{"type":"action","id":"14","one":"12","text":"createQSubspace(crawler, node)"}},"updated_by":"stipan","keywords":{"scenario":false,"async":false,"export":false,"function":true,"algoprop":false},"type":"drakon","created_by":"stipan","name":"crawl","language":"LANG_S42"}