{"version":20180619,"tag":"609826163","when_created":1672850128.2508,"parent_id":"9ee626d2","props":[],"items":{"2":{"type":"branch","branchId":0,"one":"7","id":"2"},"8":{"one":"1","id":"8","type":"action","text":"updateAndKeepSelection(\n    self.widget,\n    [change]\n)","two":""},"1":{"type":"end","id":"1"},"7":{"one":"8","id":"7","type":"action","two":"","text":"change = {\n    id: self.element.id,\n    fields: {aux: self.element.aux},\n    op: \"update\"\n}"}},"created_by":"stipan","language":"LANG_S42","updated_by":"stipan","type":"drakon","name":"complete","when_updated":1672851780.2818}