{"version":20180619,"tag":"764827006","params":"handle","when_created":1671273017.5667,"parent_id":"791b14d4","props":[],"created_by":"stipan","items":{"2":{"type":"branch","branchId":0,"one":"4","id":"2"},"4":{"one":"5","id":"4","type":"action","text":"change = {\n    id: handle.element.id,\n    fields: {\n        left: handle.element.left,\n        top: handle.element.top,\n        width: handle.element.width,\n        height: handle.element.height\n    },\n    op: \"update\"\n}","two":""},"1":{"type":"end","id":"1"},"5":{"one":"1","id":"5","type":"action","text":"updateAndKeepSelection(\n    handle.widget,\n    [change]\n)","two":""}},"type":"drakon","keywords":{"scenario":false,"async":false,"export":false,"function":true,"algoprop":false},"updated_by":"stipan","language":"LANG_S42","name":"saveRectangleCoords","when_updated":1671273042.9822}