{"keywords":{"scenario":false,"async":false,"export":false,"function":true,"algoprop":false},"tag":"644915848","params":"widget\nsocket\npayload","when_created":1665136045.8314,"parent_id":"e674bf58","props":[],"when_updated":1665136207.2316,"items":{"4":{"type":"action","id":"4","one":"1","text":"return edits"},"8":{"type":"action","id":"8","one":"4","text":"redirectUpperItems(\n    edits,\n    socket.links,\n    firstId\n)"},"1":{"type":"end","id":"1"},"5":{"type":"action","text":"firstId = replaceIds(\n    widget,\n    payload.start,\n    payload.items,\n    socket.target\n)","one":"6","id":"5"},"2":{"type":"branch","branchId":0,"one":"3","id":"2"},"6":{"type":"action","text":"create = function (item) {\n    createPastedItem(edits, item)\n}","one":"7","id":"6"},"7":{"type":"action","text":"payload.items.forEach(create)","one":"8","id":"7"},"3":{"type":"action","id":"3","one":"5","text":"edits = []"}},"version":20180619,"type":"drakon","updated_by":"stipan","created_by":"stipan","name":"pasteBlock","language":"LANG_S42"}