{"version":20180619,"tag":"809906105","params":"node","when_created":1657635812.4751,"parent_id":"82d2ccaf","props":[],"when_updated":1664346402.2448,"items":{"4":{"flag1":1,"id":"4","type":"question","two":"9","one":"5","text":"node.type === \"junction\""},"8":{"flag1":0,"id":"8","type":"question","two":"9","one":"3","text":"node.down"},"1":{"type":"end","id":"1"},"5":{"flag1":1,"id":"5","type":"question","two":"9","one":"6","text":"node.left"},"9":{"type":"action","id":"9","one":"1","text":"return false"},"6":{"flag1":1,"id":"6","type":"question","two":"9","one":"7","text":"node.up"},"3":{"type":"action","id":"3","one":"1","text":"return true"},"7":{"flag1":0,"id":"7","type":"question","text":"node.right","one":"8","two":"9"},"2":{"type":"branch","branchId":0,"one":"4","id":"2"}},"type":"drakon","keywords":{"scenario":false,"async":false,"export":false,"function":true,"algoprop":false},"updated_by":"stipan","language":"LANG_S42","name":"isLeftUp","created_by":"stipan"}