{"keywords":{"scenario":false,"async":false,"export":false,"function":true,"algoprop":false},"tag":"773679695","params":"widget\nnode","when_created":1665049661.7485,"parent_id":"f474e5bd","props":[],"when_updated":1675883514.309,"items":{"4":{"branchId":4,"one":"7","id":"4","type":"branch","text":"Exit"},"8":{"type":"action","text":"redirectUpperItems(\n    edits,\n    edgeUp.links,\n    below.itemId\n)","one":"17","id":"8"},"1":{"type":"end","id":"1"},"5":{"branchId":2,"one":"9","id":"5","type":"branch","text":"Mark the nodes that stay"},"9":{"type":"action","id":"9","one":"10","text":"toKeep = {}\ntoKeep[node.itemId] = true"},"15":{"type":"action","text":"first = firstCase(node)\nbelow = first.next[0]","one":"16","id":"15"},"16":{"type":"action","id":"16","one":"8","text":"edgeUp = node.up"},"7":{"type":"action","text":"return edits","one":"1","id":"7"},"11":{"type":"action","id":"11","one":"6","text":"markToStay(\n    widget,\n    undefined,\n    below.itemId,\n    toKeep\n)"},"6":{"branchId":3,"one":"13","id":"6","type":"branch","text":"Gather the nodes to delete"},"3":{"type":"action","text":"edits = []","one":"15","id":"3"},"17":{"type":"action","id":"17","one":"5","text":"deleteItem(widget, edits, node)"},"2":{"branchId":1,"one":"14","id":"2","type":"branch","text":"Delete itself"},"10":{"type":"action","id":"10","one":"11","text":"one = node.next[0]"},"13":{"type":"action","text":"markToDelete(\n    widget,\n    toKeep,\n    node,\n    first.itemId,\n    edits\n)","one":"4","id":"13"},"14":{"type":"action","text":"model = widget.model","one":"3","id":"14"}},"updated_by":"stipan","version":20180619,"type":"drakon","language":"LANG_S42","name":"deleteSelect","created_by":"stipan"}