{"keywords":{"scenario":false,"async":false,"export":false,"function":true,"algoprop":false},"tag":"809062374","params":"widget\nitemId\nimages","when_created":1666747217.1082,"parent_id":"e674bf58","props":[],"when_updated":1676011914.1239,"items":{"4":{"type":"action","id":"4","one":"5","text":"copy = utils.clone(item)"},"1":{"type":"end","id":"1"},"5":{"type":"action","text":"delete copy.side","one":"7","id":"5"},"2":{"type":"branch","branchId":0,"one":"3","id":"2"},"6":{"type":"action","text":"return copy","one":"1","id":"6"},"7":{"type":"action","id":"7","one":"6","text":"takeImageToClipboard(\n    widget,\n    copy,\n    images\n)"},"3":{"type":"action","id":"3","one":"4","text":"item = widget.model.items[itemId]"}},"version":20180619,"type":"drakon","updated_by":"stipan","created_by":"stipan","name":"copyItem","language":"LANG_S42"}