{"keywords":{"scenario":false,"async":false,"export":false,"function":true,"algoprop":false},"tag":"384781752","params":"visuals\nelement\nsource","when_created":1664378845.414,"parent_id":"a07682cb","props":[],"created_by":"stipan","items":{"4":{"branchId":3,"one":"1","id":"4","type":"branch","text":"Exit"},"8":{"flag1":1,"id":"8","type":"question","text":"canTransplant(visuals, targetId, source)","one":"5","two":"4"},"1":{"type":"end","id":"1"},"5":{"branchId":2,"one":"9","id":"5","type":"branch","text":"Create socket"},"9":{"flag1":1,"id":"9","type":"question","text":"element.tail.x < source.tail.x","one":"12","two":"4"},"6":{"flag1":0,"id":"6","type":"question","two":"4","one":"7","text":"isArrowLoop(element.head)"},"11":{"flag1":0,"id":"11","type":"question","two":"4","one":"13","text":"hasOtherEntries(\n    visuals,\n    source,\n    element.tail\n)"},"12":{"type":"action","id":"12","one":"10","text":"targetLoops = element.finalTarget.loops\nsrcLoops = source.finalTarget.loops"},"3":{"type":"action","text":"targetId = element.finalTarget.itemId","one":"6","id":"3"},"7":{"flag1":0,"id":"7","type":"question","two":"4","one":"8","text":"isArrowLoop(element.tail)"},"2":{"branchId":1,"one":"3","id":"2","type":"branch","text":"Analyze"},"10":{"flag1":1,"id":"10","type":"question","text":"withinSameLoop(\n    visuals,\n    source,\n    element,\n    0\n)","one":"11","two":"4"},"13":{"type":"action","text":"socket = createSocketFromEdge(\n    visuals,\n    element,\n    \"arrow\",\n    undefined\n)","one":"14","id":"13"},"14":{"type":"action","text":"utils.addRange(\n    source.links,\n    socket.links\n)","one":"4","id":"14"}},"type":"drakon","language":"LANG_S42","updated_by":"stipan","version":20180619,"name":"createArrowSocket","when_updated":1675145382.3245}