{"keywords":{"scenario":false,"async":false,"export":false,"function":true,"algoprop":false},"tag":"468712841","params":"visuals\nnode\nctx","when_created":1657733099.0266,"parent_id":"4ee6bb37","props":[],"created_by":"stipan","items":{"11":{"one":"7","id":"11","type":"action","text":"ctx.fillStyle = getThemeValue(\n    visuals.config,\n    node,\n    \"internalLine\"\n)","two":""},"9":{"type":"action","text":"thickness = getThemeValue(\n    visuals.config,\n    node,\n    \"borderWidth\"\n) || 1","one":"11","id":"9"},"3":{"type":"action","text":"renderBranch(visuals, node, ctx)","one":"5","id":"3"},"5":{"one":"6","id":"5","type":"action","two":"","text":"left = node.x - node.w\nbottom = node.y + node.h"},"2":{"type":"branch","branchId":0,"one":"3","id":"2"},"6":{"one":"9","id":"6","type":"action","two":"","text":"middle = bottom - visuals.config.metre"},"7":{"type":"action","text":"ctx.fillRect(\n    left,\n    middle,\n    node.w * 2,\n    thickness\n)","one":"1","id":"7"},"1":{"type":"end","id":"1"}},"updated_by":"stipan","version":20180619,"type":"drakon","language":"LANG_S42","name":"renderCase","when_updated":1666103087.9246}