{"version":20180619,"tag":"16751616726401","params":"array\nproperty\nvalue","when_created":1675161668.2317,"parent_id":"73128943","props":[],"language":"LANG_S42","items":{"4":{"flag1":0,"id":"4","type":"question","two":"1","one":"5","text":"index === -1"},"1":{"type":"end","id":"1"},"5":{"type":"action","id":"5","one":"1","text":"array.splice(index, 1)"},"2":{"type":"branch","branchId":0,"one":"3","id":"2"},"3":{"type":"action","id":"3","one":"4","text":"index = findIndex(array, property, value)"}},"updated_by":"stipan","keywords":{"scenario":false,"async":false,"export":true,"function":true,"algoprop":false},"type":"drakon","created_by":"stipan","name":"removeBy","when_updated":1675161672.6401}