{"keywords":{"scenario":false,"async":false,"export":false,"function":true,"algoprop":false},"tag":"84515453","params":"widget\nvisited\nprev\nstartItemId\nedits","when_created":1665047522.1825,"parent_id":"f474e5bd","props":[],"when_updated":1666722024.4256,"items":{"4":{"type":"action","text":"traverseItemToDelete(\n    context,\n    prev,\n    startItemId\n)","one":"7","id":"4"},"8":{"type":"action","id":"8","one":"1","text":"context.deleteList.forEach(addDeletion)"},"1":{"type":"end","id":"1"},"7":{"type":"action","id":"7","one":"8","text":"addDeletion = function (id) {\n    deleteWithDur(widget, id, edits)\n}"},"2":{"type":"branch","branchId":0,"one":"3","id":"2"},"3":{"type":"action","id":"3","one":"4","text":"context = {\n    visuals: widget.visuals,\n    items: widget.model.items,\n    deleteList: [],\n    visited: visited,\n    edits: edits\n}"}},"version":20180619,"type":"drakon","updated_by":"stipan","created_by":"stipan","name":"markToDelete","language":"LANG_S42"}