{"version":20180619,"tag":"102761639","params":"x\ny","when_created":1671016596.1728,"parent_id":"8cef7122","props":[],"created_by":"stipan","items":{"2":{"type":"branch","branchId":0,"one":"3","id":"2"},"1":{"type":"end","id":"1"},"3":{"type":"action","text":"self.element.w = x - self.element.x","one":"1","id":"3"}},"type":"drakon","keywords":{"scenario":false,"async":false,"export":false,"function":true,"algoprop":false},"updated_by":"stipan","language":"LANG_S42","name":"dragTo","when_updated":1671016623.7146}