{"keywords":{"scenario":false,"async":false,"export":false,"function":true,"algoprop":false},"tag":"654499500","params":"links\nlink","when_created":1657702105.0497,"parent_id":"794efc2c","props":[],"created_by":"stipan","items":{"2":{"type":"branch","branchId":0,"one":"3","id":"2"},"1":{"type":"end","id":"1"},"3":{"type":"action","id":"3","one":"1","text":"links.push(link)"}},"updated_by":"stipan","version":20180619,"type":"drakon","language":"LANG_S42","name":"addLink","when_updated":1657702116.4086}