{"keywords":{"scenario":false,"async":false,"export":false,"function":true,"algoprop":false},"tag":"57745823","params":"x\ny","when_created":1671273916.8691,"parent_id":"714ea493","props":[],"language":"LANG_S42","items":{"4":{"type":"action","text":"self.element.width = self.right - x\nself.element.height = self.bottom - y","one":"6","id":"4"},"1":{"type":"end","id":"1"},"7":{"type":"action","text":"findVerticalForHandle(\n    self,\n    self.element,\n    x\n)","one":"1","id":"7"},"2":{"type":"branch","branchId":0,"one":"3","id":"2"},"6":{"type":"action","id":"6","one":"7","text":"findHorizontalForHandle(\n    self,\n    self.element,\n    y\n)"},"3":{"type":"action","id":"3","one":"4","text":"self.element.left = x\nself.element.top = y"}},"version":20180619,"updated_by":"stipan","type":"drakon","when_updated":1671376414.8465,"name":"dragTo","created_by":"stipan"}