{"version":20180619,"tag":"","params":"element","when_created":1671351730.5469,"parent_id":"f7515898","props":[],"when_updated":1671351730.5469,"items":{"4":{"flag1":0,"id":"4","type":"question","two":"5","one":"3","text":"element.type === \"group-duration\""},"1":{"type":"end","id":"1"},"5":{"type":"action","id":"5","one":"1","text":"return {\n    x: element.x,\n    y: element.y\n}"},"2":{"type":"branch","branchId":0,"one":"4","id":"2"},"3":{"type":"action","text":"return {\n    x: element.left,\n    y: element.top\n}","one":"1","id":"3"}},"type":"drakon","keywords":{"scenario":false,"async":false,"export":false,"function":true,"algoprop":false},"updated_by":"stipan","language":"LANG_S42","name":"getFreePosition","created_by":"stipan"}