{"keywords":{"scenario":false,"async":false,"export":false,"function":true,"algoprop":false},"tag":"69533246","params":"context\nnode","when_created":1664377797.5643,"parent_id":"a07682cb","props":[],"created_by":"stipan","items":{"4":{"flag1":1,"id":"4","type":"question","two":"5","one":"1","text":"context.finished"},"8":{"type":"action","text":"visited[node.id] = true","one":"9","id":"8"},"1":{"type":"end","id":"1"},"5":{"flag1":1,"id":"5","type":"question","text":"node.itemId in loops","one":"6","two":"7"},"9":{"flag1":1,"id":"9","type":"question","two":"12","one":"10","text":"utils.isSubset(node.loops, loops)"},"6":{"type":"action","id":"6","one":"1","text":"context.finished = true"},"11":{"type":"loopend","text":"","one":"1","id":"11"},"12":{"type":"loopbegin","text":"prev; node.prev","one":"13","id":"12"},"3":{"type":"action","text":"loops = context.loops\nvisited = context.visited","one":"4","id":"3"},"7":{"flag1":1,"id":"7","type":"question","two":"8","one":"1","text":"node.id in visited"},"2":{"type":"branch","branchId":0,"one":"3","id":"2"},"13":{"type":"action","id":"13","one":"11","text":"canComeBackToStep(context, prev)"},"10":{"type":"action","id":"10","one":"1","text":"context.finished = true\ncontext.success = true"}},"type":"drakon","language":"LANG_S42","updated_by":"stipan","version":20180619,"name":"canComeBackToStep","when_updated":1675146471.7628}