{"keywords":{"scenario":false,"async":false,"export":false,"function":true,"algoprop":false},"tag":"379984106","params":"visuals\nelement","when_created":1666945847.6126,"parent_id":"c7c5feee","props":[],"when_updated":1666952263.9348,"items":{"4":{"one":"5","id":"4","type":"action","two":"","text":"flow = visuals.config.iconContent[\n    element.type\n]"},"8":{"one":"7","id":"8","type":"action","text":"config = visuals.config","two":""},"1":{"type":"end","id":"1"},"5":{"flag1":1,"id":"5","type":"question","two":"10","one":"9","text":"flow"},"9":{"one":"8","id":"9","type":"action","two":"","text":"element.frame = flow(\n    element,\n    visuals.config,\n    visuals.container\n)"},"6":{"one":"9","id":"6","type":"action","two":"","text":"console.error(\n    \"iconContent callback not found for element of type: \"\n    + element.type\n)"},"11":{"one":"12","id":"11","type":"action","two":"","text":"element.height = snapUp(\n    config,\n    element.frame.height\n)"},"12":{"type":"action","id":"12","one":"1","text":"element.height = Math.max(\n    config.minHeight,\n    element.height\n)"},"7":{"one":"11","id":"7","type":"action","text":"element.width = snapUp(\n    config,\n    element.frame.width\n)","two":""},"2":{"type":"branch","branchId":0,"one":"4","id":"2"},"10":{"one":"6","id":"10","type":"action","text":"flow = visuals.config.iconContent.action","two":""}},"version":20180619,"type":"drakon","updated_by":"stipan","created_by":"stipan","name":"flowFreeElement","language":"LANG_S42"}