{"version":20180619,"tag":"","params":"widget\ncaseNode\nleft","when_created":1673427839.4481,"parent_id":"b0881e64","props":[],"language":"LANG_S42","items":{"2":{"type":"branch","branchId":0,"one":"4","id":"2"},"4":{"type":"action","id":"4","one":"14","text":"tracing.trace(\n    \"insertCase\",\n    caseNode.id + \"-\" + left\n)"},"1":{"type":"end","id":"1"},"14":{"type":"action","id":"14","one":"1","text":"insertCaseCore(\n    widget,\n    caseNode,\n    left,\n    \"insert\"\n)"}},"keywords":{"scenario":false,"async":false,"export":false,"function":true,"algoprop":false},"type":"drakon","updated_by":"stipan","created_by":"stipan","name":"insertCase","when_updated":1673427839.4481}