{"version":20180619,"tag":"481498796","when_created":1666979407.6895,"parent_id":"ddbf5967","props":[],"items":{"19":{"one":"16","id":"19","type":"action","text":"change.fields.x = coord.element.x\nchange.fields.y = coord.element.y","two":""},"5":{"one":"1","id":"5","type":"action","two":"","text":"updateAndKeepSelection(\n    self.widget,\n    changes\n)"},"9":{"type":"loopbegin","id":"9","one":"11","text":"coord; self.coords"},"15":{"type":"action","id":"15","one":"9","text":"changes = []"},"16":{"type":"action","id":"16","one":"10","text":"changes.push(change)"},"11":{"one":"18","id":"11","type":"action","two":"","text":"change = {\n    id: coord.element.id,\n    fields: {},\n    op: \"update\"\n}"},"17":{"one":"16","id":"17","type":"action","text":"change.fields.left = coord.element.left\nchange.fields.top = coord.element.top","two":""},"18":{"flag1":0,"id":"18","type":"question","two":"19","one":"17","text":"coord.xy"},"2":{"type":"branch","branchId":0,"one":"15","id":"2"},"10":{"type":"loopend","text":"","one":"5","id":"10"},"1":{"type":"end","id":"1"}},"when_updated":1671351564.2736,"created_by":"stipan","updated_by":"stipan","type":"drakon","name":"complete","language":"LANG_S42"}