{"version":20180619,"tag":"20837318","params":"visuals\nid","when_created":1657885638.7329,"parent_id":"82d2ccaf","props":[],"created_by":"stipan","items":{"4":{"flag1":0,"id":"4","type":"question","two":"12","one":"5","text":"node.left"},"8":{"type":"action","id":"8","one":"9","text":"node.finalTarget = undefined"},"1":{"type":"end","id":"1"},"5":{"flag1":0,"id":"5","type":"question","text":"node.up","one":"6","two":"12"},"9":{"type":"action","id":"9","one":"10","text":"utils.remove(node.skewer.nodes, node)"},"6":{"flag1":0,"id":"6","type":"question","text":"node.right","one":"7","two":"12"},"11":{"type":"action","text":"delete visuals.nodes[id]","one":"13","id":"11"},"12":{"type":"action","text":"throw new Error(\n    \"removeNode: Node is connected: \" + id\n)","one":"1","id":"12"},"3":{"type":"action","text":"node = visuals.nodes[id]","one":"4","id":"3"},"7":{"flag1":0,"id":"7","type":"question","text":"node.down","one":"8","two":"12"},"2":{"type":"branch","branchId":0,"one":"3","id":"2"},"13":{"type":"action","text":"removeFromMultiDict(\n    visuals.byType,\n    node.type,\n    node.id\n)","one":"1","id":"13"},"10":{"type":"action","id":"10","one":"11","text":"utils.remove(node.level.nodes, node)"}},"updated_by":"stipan","keywords":{"scenario":false,"async":false,"export":false,"function":true,"algoprop":false},"type":"drakon","when_updated":1675146796.1413,"name":"removeNode","language":"LANG_S42"}