{"version":20180619,"tag":"796470135","params":"visuals\nnode","when_created":1673357312.2583,"parent_id":"b3d6c272","props":[],"when_updated":1673689459.8948,"items":{"4":{"branchId":7,"one":"1","id":"4","type":"branch","text":"Exit"},"40":{"one":"41","id":"40","type":"action","text":"connector = createJunction(\n    visuals,\n    undefined\n)","two":""},"101":{"one":"79","id":"101","type":"action","text":"createMindEdges(visuals, child)","two":""},"109":{"type":"action","text":"rootJun.x = node.x - node.w - config.metre\nrootJun.y = node.y","one":"110","id":"109"},"41":{"one":"42","id":"41","type":"action","text":"connector.x = node.x\nconnector.y = childJun.y","two":""},"22":{"type":"action","id":"22","one":"17","text":"prev = undefined\nconnector = undefined"},"110":{"one":"120","id":"110","type":"action","text":"createEdge(visuals, rootJun, node, false)","two":""},"12":{"branchId":6,"one":"105","id":"12","type":"branch","text":"Tree view"},"90":{"flag1":1,"id":"90","type":"question","text":"prev.y < node.y","one":"91","two":"98"},"7":{"one":"49","id":"7","type":"case","text":"\"vertical\"","two":"8"},"42":{"type":"action","text":"createMindEdge(\n    visuals,\n    prev,\n    connector,\n    false,\n    child\n)","one":"43","id":"42"},"108":{"flag1":1,"id":"108","type":"question","two":"109","one":"111","text":"node.parent"},"132":{"one":"130","id":"132","type":"action","text":"child = node.children[0]","two":""},"43":{"type":"action","text":"createMindEdge(\n    visuals,\n    connector,\n    childJun,\n    false,\n    child\n)","one":"24","id":"43"},"82":{"one":"78","id":"82","type":"action","text":"prev = undefined\nconnector = undefined","two":""},"8":{"one":"102","id":"8","type":"case","text":"\"horizontal\"","two":"9"},"111":{"type":"action","id":"111","one":"112","text":"rootJun.x = node.x - node.w + config.metre\nrootJun.y = node.y + node.h"},"83":{"flag1":1,"id":"83","type":"question","two":"133","one":"127","text":"prev"},"24":{"type":"action","id":"24","one":"16","text":"prev = childJun"},"6":{"one":"7","id":"6","type":"select","text":"ttype","two":""},"16":{"type":"loopend","text":"","one":"125","id":"16"},"94":{"one":"95","id":"94","type":"action","text":"connector = createJunction(\n    visuals,\n    undefined\n)","two":""},"46":{"type":"action","id":"46","one":"4","text":"createEdge(\n    visuals,\n    node,\n    connector,\n    true\n)"},"84":{"one":"77","id":"84","type":"action","text":"prev = childJun","two":""},"17":{"type":"loopbegin","id":"17","one":"50","text":"child; node.children"},"47":{"branchId":2,"one":"132","id":"47","type":"branch","text":"Vertical - simple"},"77":{"one":"126","id":"77","type":"loopend","two":"","text":""},"27":{"type":"action","id":"27","one":"28","text":"node.x = childJun.x"},"37":{"flag1":1,"id":"37","type":"question","two":"38","one":"40","text":"child.x > node.x"},"89":{"flag1":0,"id":"89","type":"question","text":"connector","one":"90","two":"98"},"116":{"one":"119","id":"116","type":"action","text":"createEdge(\n    visuals,\n    childJun,\n    child,\n    false\n)","two":""},"125":{"type":"action","text":"prev.sharp = false\nconnector.sharp = true","one":"46","id":"125"},"38":{"flag1":1,"id":"38","type":"question","two":"44","one":"39","text":"child.x === node.x"},"28":{"type":"action","id":"28","one":"44","text":"connector = childJun"},"134":{"one":"84","id":"134","type":"action","text":"connector = childJun","two":""},"48":{"flag1":0,"id":"48","type":"question","text":"node.children.length === 0","one":"21","two":"4"},"39":{"one":"44","id":"39","type":"action","text":"connector = childJun","two":""},"29":{"flag1":0,"id":"29","type":"question","text":"connector","one":"36","two":"44"},"49":{"flag1":1,"id":"49","type":"question","text":"node.children.length === 1","one":"47","two":"5"},"79":{"one":"81","id":"79","type":"action","text":"childJun = createJunction(\n    visuals,\n    undefined\n)","two":""},"19":{"type":"action","text":"createEdge(\n    visuals,\n    childJun,\n    child,\n    true\n)","one":"23","id":"19"},"124":{"type":"action","id":"124","one":"26","text":"childJun.sharp = true"},"135":{"flag1":1,"id":"135","type":"question","two":"24","one":"136","text":"child.x === node.x"},"105":{"one":"108","id":"105","type":"action","two":"","text":"rootJun = createJunction(\n    visuals,\n    undefined\n)"},"104":{"type":"action","text":"createEdge(visuals, node, child, false)","one":"128","id":"104"},"114":{"one":"123","id":"114","type":"loopend","two":"","text":""},"127":{"type":"action","id":"127","one":"89","text":"childJun.sharp = true"},"115":{"one":"117","id":"115","type":"action","text":"childJun = createJunction(\n    visuals,\n    undefined\n)","two":""},"136":{"one":"24","id":"136","type":"action","text":"connector = childJun","two":""},"126":{"type":"action","id":"126","one":"100","text":"prev.sharp = false\nconnector.sharp = true"},"98":{"one":"84","id":"98","type":"action","text":"createMindEdge(\n    visuals,\n    prev,\n    childJun,\n    true,\n    child\n)","two":""},"97":{"one":"84","id":"97","type":"action","two":"","text":"createMindEdge(\n    visuals,\n    connector,\n    childJun,\n    true,\n    child\n)"},"96":{"one":"97","id":"96","type":"action","text":"createMindEdge(\n    visuals,\n    prev,\n    connector,\n    true,\n    child\n)","two":""},"95":{"one":"96","id":"95","type":"action","two":"","text":"connector.x = childJun.x\nconnector.y = node.y"},"93":{"one":"98","id":"93","type":"action","text":"connector = childJun","two":""},"92":{"flag1":1,"id":"92","type":"question","text":"child.y === node.y","one":"93","two":"98"},"91":{"flag1":1,"id":"91","type":"question","text":"child.y > node.y","one":"94","two":"92"},"9":{"one":"12","id":"9","type":"case","text":"\"treeview\"","two":""},"81":{"one":"80","id":"81","type":"action","text":"childJun.y = child.y\nchildJun.x = node.x + node.w + config.metre","two":""},"80":{"one":"83","id":"80","type":"action","two":"","text":"createEdge(\n    visuals,\n    childJun,\n    child,\n    false\n)"},"78":{"one":"101","id":"78","type":"loopbegin","text":"child; node.children","two":""},"51":{"branchId":4,"one":"129","id":"51","type":"branch","text":"Horizontal - simple"},"112":{"one":"120","id":"112","type":"action","two":"","text":"rootJun.role = \"root\"\nrootJun.sharp = true"},"129":{"type":"action","id":"129","one":"104","text":"child = node.children[0]"},"50":{"type":"action","id":"50","one":"18","text":"createMindEdges(visuals, child)"},"5":{"branchId":3,"one":"22","id":"5","type":"branch","text":"Vertical"},"23":{"flag1":1,"id":"23","type":"question","text":"prev","one":"124","two":"135"},"128":{"one":"4","id":"128","type":"action","text":"createMindEdges(visuals, child)","two":""},"130":{"one":"131","id":"130","type":"action","two":"","text":"createEdge(visuals, node, child, true)"},"131":{"one":"4","id":"131","type":"action","text":"createMindEdges(visuals, child)","two":""},"102":{"flag1":1,"id":"102","type":"question","two":"11","one":"51","text":"node.children.length === 1"},"117":{"one":"116","id":"117","type":"action","two":"","text":"childJun.y = child.y\nchildJun.x = prev.x\nchildJun.sharp = true"},"119":{"one":"121","id":"119","type":"action","two":"","text":"createMindEdge(\n    visuals,\n    prev,\n    childJun,\n    true,\n    child\n)"},"118":{"one":"115","id":"118","type":"action","text":"createMindEdges(visuals, child)","two":""},"18":{"type":"action","id":"18","one":"20","text":"childJun = createJunction(\n    visuals,\n    undefined\n)"},"100":{"one":"4","id":"100","type":"action","two":"","text":"createEdge(\n    visuals,\n    node,\n    connector,\n    false\n)"},"113":{"one":"118","id":"113","type":"loopbegin","two":"","text":"child; node.children"},"10":{"one":"6","id":"10","type":"action","two":"","text":"ttype = getTType(node)"},"1":{"type":"end","id":"1"},"123":{"type":"action","id":"123","one":"4","text":"prev.sharp = false"},"11":{"branchId":5,"one":"82","id":"11","type":"branch","text":"Horizontal"},"120":{"type":"action","id":"120","one":"113","text":"prev = rootJun"},"121":{"one":"114","id":"121","type":"action","text":"prev = childJun","two":""},"21":{"type":"action","text":"config = visuals.config","one":"10","id":"21"},"26":{"flag1":0,"id":"26","type":"question","text":"Math.abs(childJun.x - node.x) <= 5","one":"29","two":"27"},"133":{"flag1":1,"id":"133","type":"question","two":"84","one":"134","text":"child.y === node.y"},"2":{"branchId":1,"one":"48","id":"2","type":"branch","text":"Which tree type?"},"36":{"flag1":1,"id":"36","type":"question","two":"44","one":"37","text":"prev.x < node.x"},"44":{"type":"action","id":"44","one":"24","text":"createMindEdge(\n    visuals,\n    prev,\n    childJun,\n    false,\n    child\n)"},"20":{"type":"action","id":"20","one":"19","text":"childJun.x = child.x\nchildJun.y = node.y + node.h + config.metre"}},"type":"drakon","keywords":{"scenario":false,"async":false,"export":false,"function":true,"algoprop":false},"updated_by":"stipan","language":"LANG_S42","name":"createMindEdges","created_by":"stipan"}