{"version":20180619,"tag":"858800113","params":"widget\nctx","when_created":1690630878.3524,"parent_id":"befd80d4","props":[],"language":"LANG_S42","items":{"4":{"flag1":0,"id":"4","type":"question","text":"isDarkColor(ctx, config.theme.background)","one":"6","two":"5"},"1":{"type":"end","id":"1"},"5":{"type":"action","text":"return \"rgba(255, 255, 255, 0.4)\"","one":"1","id":"5"},"2":{"type":"branch","branchId":0,"one":"3","id":"2"},"6":{"type":"action","text":"return \"rgba(0, 0, 0, 0.4)\"","one":"1","id":"6"},"3":{"type":"action","text":"config = widget.visuals.config","one":"4","id":"3"}},"keywords":{"scenario":false,"async":false,"export":false,"function":true,"algoprop":false},"type":"drakon","updated_by":"stipan","when_updated":1690631554.3539,"name":"getWatermarkColor","created_by":"stipan"}