{"keywords":{"scenario":false,"async":false,"export":false,"function":true,"algoprop":false},"tag":"867677387","params":"widget\nstartX\nstartY\nevt","when_created":1658335756.4607,"parent_id":"35f7b123","props":[],"created_by":"stipan","items":{"4":{"flag1":1,"id":"4","type":"question","two":"6","one":"9","text":"visuals.selectionFrame"},"1":{"type":"end","id":"1"},"5":{"one":"4","id":"5","type":"action","two":"","text":"start = toDiagram(widget, evt0)\ncurrent = toDiagram(widget, evt)"},"9":{"flag1":1,"id":"9","type":"question","text":"start.x < current.x","one":"10","two":"11"},"15":{"type":"action","text":"visuals = widget.visuals","one":"16","id":"15"},"16":{"type":"action","id":"16","one":"5","text":"evt0 = {\n    clientX: startX,\n    clientY: startY,\n    target: evt.target\n}"},"11":{"type":"action","text":"left = current.x\nwidth = start.x - current.x","one":"12","id":"11"},"12":{"flag1":1,"id":"12","type":"question","text":"start.y < current.y","one":"13","two":"14"},"6":{"one":"9","id":"6","type":"action","two":"","text":"visuals.selectionFrame = {}"},"7":{"one":"1","id":"7","type":"action","two":"","text":"visuals.selectionFrame.left = left\nvisuals.selectionFrame.top = top\nvisuals.selectionFrame.width = width\nvisuals.selectionFrame.height = height"},"2":{"type":"branch","branchId":0,"one":"15","id":"2"},"10":{"type":"action","text":"left = start.x\nwidth = current.x - start.x","one":"12","id":"10"},"13":{"one":"7","id":"13","type":"action","text":"top = start.y\nheight = current.y - start.y","two":""},"14":{"one":"7","id":"14","type":"action","text":"top = current.y\nheight = start.y - current.y","two":""}},"version":20180619,"type":"drakon","updated_by":"stipan","when_updated":1665577221.419,"name":"updateSelectionFrame","language":"LANG_S42"}