{"keywords":{"scenario":false,"async":false,"export":false,"function":true,"algoprop":false},"tag":"311411555","params":"widget\nevt","when_created":1658309141.4354,"parent_id":"35f7b123","props":[],"when_updated":1671104858.1031,"items":{"4":{"type":"action","text":"widgetX = evt.clientX - rect.left\nwidgetY = evt.clientY - rect.top","one":"8","id":"4"},"8":{"type":"action","id":"8","one":"1","text":"return widgetToDiagram(\n    widget,\n    widgetX,\n    widgetY\n)"},"1":{"type":"end","id":"1"},"2":{"type":"branch","branchId":0,"one":"3","id":"2"},"3":{"type":"action","id":"3","one":"4","text":"rect = widget.canvas.getBoundingClientRect()"}},"type":"drakon","version":20180619,"updated_by":"stipan","created_by":"stipan","name":"toDiagram","language":"LANG_S42"}