{"keywords":{"scenario":false,"async":false,"export":false,"function":true,"algoprop":false},"tag":"563373368","params":"x1\ny1\nx2\ny2","when_created":1687271362.7769,"parent_id":"796aaa28","props":[],"items":{"4":{"flag1":0,"id":"4","type":"question","text":"Math.abs(x1 - x2) > maxDelta","one":"7","two":"5"},"1":{"type":"end","id":"1"},"5":{"type":"action","id":"5","one":"1","text":"return true"},"2":{"type":"branch","branchId":0,"one":"3","id":"2"},"6":{"type":"action","id":"6","one":"1","text":"return false"},"7":{"flag1":0,"id":"7","type":"question","text":"Math.abs(y1 - y2) > maxDelta","one":"6","two":"5"},"3":{"type":"action","text":"maxDelta = 4","one":"4","id":"3"}},"created_by":"stipan","updated_by":"stipan","type":"drakon","version":20180619,"name":"wantedMove","when_updated":1687365207.0827}