{"keywords":{"scenario":false,"async":false,"export":false,"function":true,"algoprop":false},"tag":"939619995","params":"visuals\nelement\nctx","when_created":1673092234.9493,"parent_id":"f298c153","props":[],"when_updated":1673092540.1255,"items":{"4":{"one":"3","id":"4","type":"action","two":"","text":"w = element.width \/ 2\nh = element.height \/ 2\nx = element.left + w\ny = element.top + h"},"8":{"flag1":0,"id":"8","type":"question","text":"visuals.highlight === element.id","one":"6","two":"9"},"1":{"type":"end","id":"1"},"5":{"type":"action","id":"5","one":"10","text":"roundedRect(\n    ctx,\n    element.left,\n    element.top,\n    element.width,\n    element.height,\n    r\n)"},"9":{"one":"5","id":"9","type":"action","two":"","text":"ctx.fillStyle = config.theme.highlight"},"15":{"type":"action","text":"ctx.fill()","one":"1","id":"15"},"16":{"type":"action","text":"config = visuals.config","one":"4","id":"16"},"6":{"one":"5","id":"6","type":"action","two":"","text":"ctx.fillStyle = getThemeValue(\n    config,\n    element,\n    \"iconBorder\"\n)"},"11":{"one":"12","id":"11","type":"action","text":"clearShadow(ctx)","two":""},"12":{"type":"action","id":"12","one":"13","text":"ctx.fillStyle = getThemeValue(\n    config,\n    element,\n    \"iconBack\"\n)"},"3":{"type":"action","id":"3","one":"7","text":"r = w \/ 5\nborder = h \/ 4"},"7":{"one":"8","id":"7","type":"action","text":"setFillStroke(visuals, element, ctx)","two":""},"2":{"type":"branch","branchId":0,"one":"16","id":"2"},"10":{"type":"action","id":"10","one":"11","text":"ctx.fill()"},"13":{"type":"action","id":"13","one":"14","text":"ctx.fillRect(\n    x - w + ctx.lineWidth,\n    y - h + border,\n    w * 2 - ctx.lineWidth * 2,\n    h * 2 - border * 2\n)"},"14":{"type":"action","id":"14","one":"15","text":"circlePath(\n    ctx,\n    x,\n    y - h + border \/ 2,\n    border \/ 4\n)"}},"version":20180619,"type":"drakon","updated_by":"stipan","created_by":"stipan","name":"renderTablet","language":"LANG_S42"}