{"version":20180619,"tag":"585868971","params":"container\ntext\nconfig","when_created":1657806666.5521,"parent_id":"1b7d9218","props":[],"when_updated":1658246273.1141,"items":{"4":{"type":"action","id":"4","one":"5","text":"html.add(container, label)"},"1":{"type":"end","id":"1"},"5":{"type":"action","text":"return label","one":"1","id":"5"},"2":{"type":"branch","branchId":0,"one":"3","id":"2"},"3":{"type":"action","id":"3","one":"4","text":"label = div(\n    {\n        display: \"inline-block\",\n        position: \"absolute\",\n        text: text,\n        \"user-select\": \"none\",\n        color: config.backText,\n        font: config.font,\n        left: \"0px\",\n        top: \"0px\"\n    }\n)"}},"type":"drakon","keywords":{"scenario":false,"async":false,"export":false,"function":true,"algoprop":false},"updated_by":"stipan","language":"LANG_S42","name":"createLabel","created_by":"stipan"}