{"keywords":{"scenario":false,"async":false,"export":false,"function":true,"algoprop":false},"tag":"615430013","params":"visuals","when_created":1673289604.2828,"parent_id":"b3d6c272","props":[],"language":"LANG_S42","items":{"4":{"branchId":3,"one":"14","id":"4","type":"branch","text":"Sort"},"8":{"type":"action","id":"8","one":"17","text":"node.children = []"},"1":{"type":"end","id":"1"},"5":{"branchId":2,"one":"10","id":"5","type":"branch","text":"Populate children"},"9":{"type":"action","id":"9","one":"6","text":"node.parent = getNode(\n    visuals,\n    node.parent\n)"},"15":{"type":"loopend","text":"","one":"1","id":"15"},"16":{"type":"action","id":"16","one":"15","text":"utils.sortBy(node.children, \"ordinal\")"},"7":{"type":"loopbegin","text":"id, node; visuals.nodes","one":"8","id":"7"},"11":{"type":"loopend","id":"11","one":"4","text":""},"12":{"type":"action","id":"12","one":"11","text":"node.parent.children.push(node)"},"6":{"type":"loopend","id":"6","one":"5","text":""},"17":{"flag1":1,"id":"17","type":"question","two":"6","one":"9","text":"node.parent"},"18":{"flag1":1,"id":"18","type":"question","text":"node.parent","one":"12","two":"11"},"2":{"branchId":1,"one":"7","id":"2","type":"branch","text":"Create children property"},"10":{"type":"loopbegin","text":"id, node; visuals.nodes","one":"18","id":"10"},"14":{"type":"loopbegin","text":"id, node; visuals.nodes","one":"16","id":"14"}},"version":20180619,"updated_by":"stipan","type":"drakon","created_by":"stipan","name":"buildMindTree","when_updated":1675145861.8562}