{"keywords":{"scenario":false,"function":true,"async":false,"export":false},"tag":"","params":"property\nleft\nright","when_created":1666946322.9938,"parent_id":"3e215c98","props":[],"items":{"4":{"flag1":1,"id":"4","type":"question","text":"leftValue < rightValue","one":"5","two":"7"},"8":{"type":"action","text":"return 0","one":"1","id":"8"},"1":{"type":"end","id":"1"},"5":{"type":"action","text":"return -1","one":"1","id":"5"},"9":{"flag1":1,"id":"9","type":"question","text":" typeof leftValue === \"string\"","one":"10","two":"4"},"6":{"type":"action","text":"return 1","one":"1","id":"6"},"11":{"type":"action","text":"leftValue = leftValue.toLowerCase()\nrightValue = rightValue.toLowerCase()","one":"4","id":"11"},"3":{"type":"action","text":"leftValue = left[property]\nrightValue = right[property]","one":"9","id":"3"},"7":{"flag1":1,"id":"7","type":"question","two":"8","one":"6","text":"leftValue > rightValue"},"2":{"type":"branch","branchId":0,"one":"3","id":"2"},"10":{"flag1":1,"id":"10","type":"question","text":" typeof rightValue === \"string\"","one":"11","two":"4"}},"created_by":"stipan","version":20180619,"updated_by":"stipan","type":"drakon","name":"comparerAsc","when_updated":1666946322.9938}