{"keywords":{"scenario":false,"async":false,"export":false,"function":true,"algoprop":false},"tag":"233123559","params":"node\nctx\nconfig","when_created":1658299547.2132,"parent_id":"45b959db","props":[],"when_updated":1660289269.3141,"items":{"4":{"type":"action","id":"4","one":"10","text":"fill = config.theme.candyFill\nborder = config.theme.candyBorder\nsize = 10\nlineWidth = 2"},"2":{"branchId":1,"one":"3","id":"2","type":"branch","text":"Branch1"},"1":{"type":"end","id":"1"},"21":{"one":"9","id":"21","type":"action","two":"","text":"centerSquare(\n    ctx,\n    right,\n    bottom,\n    size,\n    fill,\n    border,\n    lineWidth\n)"},"9":{"branchId":5,"one":"1","id":"9","type":"branch","text":"Exit"},"15":{"branchId":4,"one":"19","id":"15","type":"branch","text":"Bottom"},"16":{"type":"action","id":"16","one":"18","text":"centerSquare(\n    ctx,\n    left,\n    node.y,\n    size,\n    fill,\n    border,\n    lineWidth\n)"},"20":{"one":"21","id":"20","type":"action","two":"","text":"centerSquare(\n    ctx,\n    node.x,\n    bottom,\n    size,\n    fill,\n    border,\n    lineWidth\n)"},"11":{"one":"12","id":"11","type":"action","text":"centerSquare(\n    ctx,\n    left,\n    top,\n    size,\n    fill,\n    border,\n    lineWidth\n)","two":""},"12":{"one":"13","id":"12","type":"action","text":"centerSquare(\n    ctx,\n    node.x,\n    top,\n    size,\n    fill,\n    border,\n    lineWidth\n)","two":""},"3":{"type":"action","id":"3","one":"4","text":"left = node.x - node.w\ntop = node.y - node.h\nright = node.x + node.w\nbottom = node.y + node.h"},"19":{"one":"20","id":"19","type":"action","two":"","text":"centerSquare(\n    ctx,\n    left,\n    bottom,\n    size,\n    fill,\n    border,\n    lineWidth\n)"},"18":{"type":"action","id":"18","one":"15","text":"centerSquare(\n    ctx,\n    right,\n    node.y,\n    size,\n    fill,\n    border,\n    lineWidth\n)"},"10":{"branchId":2,"one":"11","id":"10","type":"branch","text":"Top"},"13":{"one":"14","id":"13","type":"action","two":"","text":"centerSquare(\n    ctx,\n    right,\n    top,\n    size,\n    fill,\n    border,\n    lineWidth\n)"},"14":{"branchId":3,"one":"16","id":"14","type":"branch","text":"Middle"}},"version":20180619,"type":"drakon","updated_by":"stipan","created_by":"stipan","name":"standardCandy","language":"LANG_S42"}