{"version":20180619,"tag":"231081015","params":"lines\nfont\nfontCache","when_created":1667493595.8479,"parent_id":"f2ec426b","props":[],"language":"LANG_S42","items":{"11":{"type":"action","text":"line.tokens.forEach(\n    function (token) {\n        setFontToToken(token, fontObj)\n    }\n)","one":"9","id":"11"},"12":{"type":"action","id":"12","one":"10","text":"fontObj = parseCssFont(\n    font,\n    fontCache,\n    true\n)"},"1":{"type":"end","id":"1"},"9":{"type":"loopend","id":"9","one":"1","text":""},"6":{"branchId":0,"one":"12","id":"6","type":"branch","text":""},"10":{"type":"loopbegin","text":"line; lines","one":"11","id":"10"}},"type":"drakon","keywords":{"scenario":false,"async":false,"export":false,"function":true,"algoprop":false},"updated_by":"stipan","when_updated":1697120950.5112,"name":"setFontToTokens","created_by":"stipan"}