{"keywords":{"scenario":false,"async":false,"export":false,"function":true,"algoprop":false},"tag":"621222685","params":"widget\nnode","when_created":1665133561.9665,"parent_id":"e674bf58","props":[],"when_updated":1676012664.697,"items":{"4":{"type":"action","text":"return copyBlock(\n    widget,\n    node.itemId,\n    items,\n    images\n)","one":"1","id":"4"},"8":{"type":"action","text":"caseItem = copyItem(\n    widget,\n    caseNode.itemId,\n    images\n)\ncaseItem.one = \"finish\"","one":"9","id":"8"},"1":{"type":"end","id":"1"},"5":{"type":"action","text":"items.push(selectItem)","one":"7","id":"5"},"9":{"type":"action","id":"9","one":"6","text":"items.push(caseItem)"},"6":{"type":"loopend","text":"","one":"4","id":"6"},"3":{"type":"action","text":"items = []","one":"13","id":"3"},"7":{"type":"loopbegin","text":"caseNode; node.cases","one":"8","id":"7"},"2":{"type":"branch","branchId":0,"one":"10","id":"2"},"13":{"type":"action","text":"selectItem = copyItem(\n    widget,\n    node.itemId,\n    images\n)","one":"5","id":"13"},"10":{"type":"action","id":"10","one":"3","text":"images = {}"}},"version":20180619,"type":"drakon","updated_by":"stipan","created_by":"stipan","name":"copySelect","language":"LANG_S42"}