{"version":20180619,"tag":"","params":"visuals\nnode\nctx","when_created":1675796311.1067,"parent_id":"4ee6bb37","props":[],"language":"LANG_S42","items":{"2":{"type":"branch","branchId":0,"one":"28","id":"2"},"28":{"type":"action","id":"28","one":"10","text":"renderDrakonIconShape(\n    ctx,\n    visuals,\n    node,\n    buildRectCoords,\n    undefined\n)"},"1":{"type":"end","id":"1"},"10":{"type":"action","id":"10","one":"1","text":"centerContent(visuals, node, ctx)"}},"updated_by":"stipan","keywords":{"scenario":false,"async":false,"export":false,"function":true,"algoprop":false},"type":"drakon","created_by":"stipan","name":"renderAction","when_updated":1675796311.1067}