{"version":20180619,"tag":"","params":"visuals\nnodeId","when_created":1664474411.0184,"parent_id":"84128d97","props":[],"when_updated":1664474411.0184,"items":{"2":{"type":"branch","branchId":0,"one":"3","id":"2"},"1":{"type":"end","id":"1"},"3":{"type":"action","text":"return visuals.nodes[nodeId]","one":"1","id":"3"}},"type":"drakon","keywords":{"scenario":false,"async":false,"export":false,"function":true,"algoprop":false},"updated_by":"stipan","language":"LANG_S42","name":"getNode","created_by":"stipan"}