{"version":20180619,"tag":"939394760","params":"widget","when_created":1689925512.8584,"parent_id":"befd80d4","props":[],"language":"LANG_S42","items":{"2":{"type":"branch","branchId":0,"one":"3","id":"2"},"4":{"type":"action","text":"return utils.deepClone(clipboard)","one":"1","id":"4"},"1":{"type":"end","id":"1"},"3":{"type":"action","text":"clipboard = widget.visuals.config.getClipboard()","one":"4","id":"3"}},"keywords":{"scenario":false,"async":false,"export":false,"function":true,"algoprop":false},"type":"drakon","updated_by":"stipan","when_updated":1689925712.0933,"name":"getClipboardClone","created_by":"stipan"}