{"keywords":{"scenario":false,"async":false,"export":false,"function":true,"algoprop":false},"tag":"305148198","params":"width","when_created":1667329971.0705,"parent_id":"553696f8","props":[],"language":"LANG_S42","items":{"2":{"type":"branch","branchId":0,"one":"3","id":"2"},"1":{"type":"end","id":"1"},"3":{"type":"action","id":"3","one":"1","text":"return undefined"}},"version":20180619,"updated_by":"stipan","type":"drakon","created_by":"stipan","name":"commit","when_updated":1667330025.0696}