{"version":20180619,"tag":"","params":"pos","when_created":1673073246.9175,"parent_id":"def45ea8","props":[],"created_by":"stipan","items":{"2":{"type":"branch","branchId":0,"one":"4","id":"2"},"4":{"one":"3","id":"4","type":"action","two":"","text":"item = {\n    type: \"f_ptr_left\",\n    left: pos.x,\n    top: pos.y,\n    width: 200,\n    height: 50,\n    aux: 30\n}"},"1":{"type":"end","id":"1"},"3":{"type":"action","id":"3","one":"1","text":"return item"}},"type":"drakon","keywords":{"scenario":false,"async":false,"export":false,"function":true,"algoprop":false},"updated_by":"stipan","when_updated":1673073246.9175,"name":"create","language":"LANG_S42"}