{"keywords":{"scenario":false,"async":false,"export":false,"function":true,"algoprop":false},"tag":"378115116","params":"visuals\nbranchId","when_created":1665293614.8728,"parent_id":"f7515898","props":[],"created_by":"stipan","items":{"4":{"type":"loopend","id":"4","one":"3","text":""},"8":{"type":"action","text":"newId = branch.branchId - 1","one":"9","id":"8"},"10":{"type":"action","text":"edits = []","one":"5","id":"10"},"5":{"type":"loopbegin","id":"5","one":"6","text":"itemId; visuals.branches"},"9":{"type":"action","text":"updateItem(\n    edits,\n    itemId,\n    {branchId: newId}\n)","one":"4","id":"9"},"6":{"type":"action","id":"6","one":"7","text":"branch = getNode(visuals, itemId)"},"3":{"type":"action","text":"return edits","one":"1","id":"3"},"7":{"flag1":0,"id":"7","type":"question","two":"8","one":"4","text":"branch.branchId > branchId"},"2":{"type":"branch","branchId":0,"one":"10","id":"2"},"1":{"type":"end","id":"1"}},"updated_by":"stipan","version":20180619,"type":"drakon","language":"LANG_S42","name":"moveBranchIdsLeft","when_updated":1665293663.5644}