{"keywords":{"scenario":false,"async":true,"export":true,"function":true,"algoprop":false},"tag":"420507161","params":"action\ndelay","when_created":1681365957.0107,"parent_id":"73128943","props":[],"language":"LANG_S42","items":{"10":{"one":"12","id":"10","type":"case","text":"onInput(msg)","two":"9"},"21":{"type":"action","id":"21","one":"14","text":"nextRequested = true"},"11":{"type":"select","id":"11","one":"10","text":"receive"},"12":{"type":"action","id":"12","one":"5","text":"clearTimeout(tobj)"},"7":{"type":"action","text":"tobj = setTimeout(me.onTimeout, delay)","one":"11","id":"7"},"14":{"branchId":4,"one":"15","id":"14","type":"branch","text":"Working"},"24":{"type":"action","id":"24","one":"14","text":"action().then(me.done)"},"6":{"type":"sinput","text":"onInput(msg)","one":"5","id":"6"},"16":{"one":"21","id":"16","type":"case","two":"17","text":"onInput(msg)"},"9":{"one":"23","id":"9","type":"case","text":"onTimeout()","two":null},"15":{"type":"select","id":"15","one":"16","text":"receive"},"23":{"branchId":3,"one":"26","id":"23","type":"branch","text":"Start process"},"26":{"type":"action","id":"26","one":"24","text":"nextRequested = false"},"2":{"branchId":1,"one":"6","id":"2","type":"branch","text":"Idle"},"17":{"one":"20","id":"17","type":"case","two":null,"text":"done()"},"5":{"branchId":2,"one":"7","id":"5","type":"branch","text":"Waiting"},"20":{"flag1":0,"id":"20","type":"question","text":"nextRequested","one":"2","two":"5"}},"version":20180619,"updated_by":"stipan","type":"drakon","created_by":"stipan","name":"debounceAsync","when_updated":1681366855.3196}