{"version":20180619,"tag":"438658013","params":"left\ntop\nwidth\nheight","when_created":1672508656.003,"parent_id":"683f5bbe","props":[],"when_updated":1672508722.778,"items":{"2":{"type":"branch","branchId":0,"one":"3","id":"2"},"4":{"type":"action","id":"4","one":"1","text":"return [\n    {x: left, y: top},\n    {x: right, y: top},\n    {x: right, y: bottom},\n    {x: left, y: bottom}\n]"},"1":{"type":"end","id":"1"},"3":{"type":"action","text":"right = left + width\nbottom = top + height","one":"4","id":"3"}},"keywords":{"scenario":false,"async":false,"export":false,"function":true,"algoprop":false},"created_by":"stipan","updated_by":"stipan","type":"drakon","name":"buildRectCoords","language":"LANG_S42"}