{"version":20180619,"tag":"321286562","when_created":1663865294.1477,"parent_id":"befd80d4","props":[],"items":{"4":{"type":"action","id":"4","one":"5","text":"rs = utils.hexByteToString(r)\nrg = utils.hexByteToString(g)\nrb = utils.hexByteToString(b)"},"1":{"type":"end","id":"1"},"5":{"type":"action","id":"5","one":"1","text":"return \"#\" + rs + rg + rb"},"2":{"type":"branch","branchId":0,"one":"3","id":"2"},"3":{"type":"action","id":"3","one":"4","text":"r = utils.random(200, 256)\ng = utils.random(200, 256)\nb = utils.random(200, 256)"}},"created_by":"stipan","language":"LANG_S42","type":"drakon","updated_by":"stipan","name":"makeRandomColor","when_updated":1675146696.2848}