{"keywords":{"scenario":false,"async":false,"export":false,"function":true,"algoprop":false},"tag":"547880336","params":"line","when_created":1668154296.3061,"parent_id":"36bf5937","props":[],"when_updated":1668154320.0785,"items":{"2":{"type":"branch","branchId":0,"one":"4","id":"2"},"1":{"type":"end","id":"1"},"4":{"type":"action","id":"4","one":"1","text":"line.tokens.push({type: \"space\"})"}},"version":20180619,"type":"drakon","updated_by":"stipan","created_by":"stipan","name":"pushSpace","language":"LANG_S42"}