{"keywords":{"scenario":false,"async":false,"export":false,"function":true,"algoprop":false},"tag":"579583196","params":"visuals\nnode","when_created":1657639705.1161,"parent_id":"794efc2c","props":[],"when_updated":1657716813.5705,"items":{"4":{"flag1":1,"id":"4","type":"question","two":"5","one":"3","text":"node.type in visuals.config.alignedNodes"},"1":{"type":"end","id":"1"},"5":{"type":"action","id":"5","one":"1","text":"return false"},"2":{"type":"branch","branchId":0,"one":"4","id":"2"},"3":{"type":"action","id":"3","one":"1","text":"return true"}},"version":20180619,"type":"drakon","updated_by":"stipan","created_by":"stipan","name":"shouldAlignWidth","language":"LANG_S42"}