{"keywords":{"scenario":false,"async":false,"export":false,"function":true,"algoprop":false},"tag":"643392393","params":"edits\nitemId","when_created":1664879860.313,"parent_id":"f7515898","props":[],"language":"LANG_S42","items":{"2":{"type":"branch","branchId":0,"one":"4","id":"2"},"4":{"one":"3","id":"4","type":"action","two":"","text":"edit = {id: itemId, op: \"delete\"}"},"1":{"type":"end","id":"1"},"3":{"type":"action","id":"3","one":"1","text":"edits.push(edit)"}},"version":20180619,"updated_by":"stipan","type":"drakon","created_by":"stipan","name":"deleteItemCore","when_updated":1666722547.8586}