{"keywords":{"scenario":false,"async":false,"export":false,"function":true,"algoprop":false},"tag":"827594357","params":"ctx\nleft\ntop\nwidth\nheight\nradius","when_created":1666103099.0809,"parent_id":"683f5bbe","props":[],"created_by":"stipan","items":{"2":{"type":"branch","branchId":0,"one":"6","id":"2"},"6":{"one":"5","id":"6","type":"action","two":"","text":"x1 = left + radius\nright2 = left + width\nx2 = right2 - radius\ny1 = top + radius\nbottom2 = top + height\ny2 = bottom2 - radius"},"1":{"type":"end","id":"1"},"5":{"one":"1","id":"5","type":"action","two":"","text":"ctx.beginPath()\nctx.arc(\n    x1,\n    y1,\n    radius,\n    Math.PI * 1.0,\n    Math.PI * 1.5\n)\nctx.lineTo(x2, top)\nctx.arc(\n    x2,\n    y1,\n    radius,\n    Math.PI * 1.5,\n    Math.PI * 0.0\n)\nctx.lineTo(right2, y2)\nctx.arc(\n    x2,\n    y2,\n    radius,\n    Math.PI * 0.0,\n    Math.PI * 0.5\n)\nctx.lineTo(x1, bottom2)\nctx.arc(\n    x1,\n    y2,\n    radius,\n    Math.PI * 0.5,\n    Math.PI * 1.0\n)\nctx.closePath()"}},"version":20180619,"type":"drakon","updated_by":"stipan","language":"LANG_S42","name":"roundedRect","when_updated":1666103183.0033}