{"keywords":{"scenario":false,"async":false,"export":false,"function":true,"algoprop":false},"tag":"879178870","params":"evt","when_created":1658249835.267,"parent_id":"e0f4b57d","props":[],"created_by":"stipan","items":{"2":{"type":"branch","branchId":0,"one":"4","id":"2"},"4":{"type":"action","id":"4","one":"3","text":"evt.preventDefault()"},"1":{"type":"end","id":"1"},"3":{"type":"action","id":"3","one":"1","text":"return false"}},"type":"drakon","language":"LANG_S42","updated_by":"stipan","version":20180619,"name":"onContextMenu","when_updated":1674317986.2995}