{"keywords":{"scenario":false,"async":false,"export":false,"function":true,"algoprop":false},"tag":"568929933","params":"widget\npos\nevt","when_created":1658296533.2933,"parent_id":"b0881e64","props":[],"when_updated":1687274018.9133,"items":{"58":{"flag1":0,"id":"58","type":"question","text":"prim","one":"68","two":"69"},"31":{"one":"32","id":"31","type":"action","two":"","text":"deselectAll(widget)"},"21":{"flag1":0,"id":"21","type":"question","two":"54","one":"24","text":"diff <= doubleClickTime"},"85":{"type":"action","id":"85","one":"26","text":"doubleClick(widget, prim, pos, evt)"},"38":{"one":"39","id":"38","type":"action","two":"","text":"selectPrim(widget, prim.id)"},"32":{"one":"26","id":"32","type":"action","text":"paint(widget)","two":""},"1":{"type":"end","id":"1"},"23":{"type":"action","text":"doubleClickTime = 500","one":"47","id":"23"},"65":{"type":"action","id":"65","one":"32","text":"onItemClick(widget, prim, pos, evt)"},"71":{"type":"action","id":"71","one":"23","text":"tracing.trace(\"mouseClick\", pos)"},"39":{"one":"65","id":"39","type":"action","text":"showLianaSockets(widget, prim)","two":""},"29":{"flag1":0,"id":"29","type":"question","two":"84","one":"31","text":"prim"},"69":{"type":"action","text":"widget.lastPrimId = prim.id\nprimId = prim.id","one":"19","id":"69"},"68":{"type":"action","id":"68","one":"19","text":"widget.lastPrimId = undefined\nprimId = undefined"},"73":{"type":"action","id":"73","one":"29","text":"tracing.trace(\"single click\", prim)"},"34":{"flag1":1,"id":"34","type":"question","text":"prim.id","one":"36","two":"32"},"19":{"flag1":0,"id":"19","type":"question","two":"22","one":"24","text":"lastClick"},"61":{"type":"action","id":"61","one":"42","text":"widget.lastClick = undefined"},"24":{"type":"action","text":"widget.lastClick = now","one":"27","id":"24"},"54":{"flag1":0,"id":"54","type":"question","text":"primId === lastPrimId","one":"24","two":"61"},"53":{"one":"58","id":"53","type":"action","text":"lastPrimId = widget.lastPrimId\nprim = findVisualItem(widget, pos)","two":""},"47":{"one":"20","id":"47","type":"action","text":"visuals = widget.visuals","two":""},"42":{"branchId":3,"one":"85","id":"42","type":"branch","text":"Double click"},"22":{"type":"action","id":"22","one":"21","text":"diff = now - lastClick"},"84":{"flag1":0,"id":"84","type":"question","two":"26","one":"34","text":"prim.elType === \"handle\""},"26":{"branchId":4,"one":"1","id":"26","type":"branch","text":"Exit"},"36":{"flag1":0,"id":"36","type":"question","text":"isSelected(widget, prim.id)","one":"38","two":"65"},"2":{"branchId":1,"one":"71","id":"2","type":"branch","text":"Is it double-click?"},"27":{"branchId":2,"one":"73","id":"27","type":"branch","text":"Single click"},"20":{"type":"action","text":"now = utils.getNowMs()\nlastClick = widget.lastClick","one":"53","id":"20"}},"updated_by":"stipan","version":20180619,"type":"drakon","language":"LANG_S42","name":"mouseClick","created_by":"stipan"}