{"keywords":{"scenario":false,"async":false,"export":false,"function":true,"algoprop":false},"tag":"921561502","params":"visuals\nnode","when_created":1657732697.7818,"parent_id":"ca1bbf82","props":[],"created_by":"stipan","items":{"8":{"type":"action","text":"textSize = buildTextContent(\n    visuals,\n    node,\n    options,\n    width\n)","one":"20","id":"8"},"10":{"flag1":0,"id":"10","type":"question","two":"12","one":"21","text":"node.w"},"21":{"type":"action","text":"width = getFromOptionsOrConfig(\n    config,\n    {},\n    node,\n    \"maxWidth\"\n)","one":"24","id":"21"},"24":{"one":"25","id":"24","type":"action","text":"imageHeight = getImageHeight(\n    image,\n    width\n)","two":""},"16":{"flag1":1,"id":"16","type":"question","two":"19","one":"9","text":"node.content"},"9":{"type":"action","id":"9","one":"8","text":"options = {}"},"25":{"type":"action","id":"25","one":"16","text":"node.extraHeight = imageHeight"},"12":{"type":"action","text":"width = node.w * 2","one":"24","id":"12"},"22":{"one":"17","id":"22","type":"action","text":"config = visuals.config","two":""},"17":{"one":"10","id":"17","type":"action","two":"","text":"image = visuals.images[node.image]"},"2":{"type":"branch","branchId":0,"one":"22","id":"2"},"1":{"type":"end","id":"1"},"19":{"type":"action","id":"19","one":"1","text":"return {\n    width: width,\n    height: imageHeight\n}"},"20":{"type":"action","id":"20","one":"1","text":"return {\n    width: width,\n    height: imageHeight + textSize.height\n}"}},"type":"drakon","language":"LANG_S42","updated_by":"stipan","version":20180619,"name":"contentDrImage","when_updated":1675857147.0209}