{"version":20180619,"tag":"766237979","params":"widget\nprim\ncommon","when_created":1671483832.0167,"parent_id":"b01ba575","props":[],"created_by":"stipan","items":{"4":{"flag1":0,"id":"4","type":"question","text":"isFree(widget, prim)","one":"16","two":"8"},"8":{"type":"action","text":"accepted = getFreeAccepted(widget, prim)","one":"14","id":"8"},"1":{"type":"end","id":"1"},"15":{"one":"13","id":"15","type":"action","text":"incrementDictionaryValue(common, prop)","two":""},"16":{"flag1":1,"id":"16","type":"question","two":"3","one":"17","text":"canEditSecondary(prim)"},"2":{"type":"branch","branchId":0,"one":"12","id":"2"},"12":{"type":"action","text":"incrementDictionaryValue(common, \"count\")","one":"18","id":"12"},"3":{"type":"action","id":"3","one":"14","text":"accepted = getStandardDrakonProps()"},"17":{"one":"3","id":"17","type":"action","text":"incrementDictionaryValue(\n    common,\n    \"internalLine\"\n)","two":""},"18":{"flag1":0,"id":"18","type":"question","two":"19","one":"4","text":"prim.type === \"connection\""},"19":{"type":"action","id":"19","one":"14","text":"accepted = getConnectionProps()"},"13":{"one":"1","id":"13","type":"loopend","two":"","text":""},"14":{"one":"15","id":"14","type":"loopbegin","text":"prop; accepted","two":""}},"type":"drakon","keywords":{"scenario":false,"async":false,"export":false,"function":true,"algoprop":false},"updated_by":"stipan","language":"LANG_S42","name":"getAcceptedStylePropsForPrim","when_updated":1672742106.0405}