{"version":20180619,"tag":"15541782","params":"x\ny","when_created":1671274519.1527,"parent_id":"bf27e1c9","props":[],"created_by":"stipan","items":{"4":{"type":"action","id":"4","one":"5","text":"self.element.width = self.right - x"},"1":{"type":"end","id":"1"},"5":{"type":"action","text":"findVerticalForHandle(\n    self,\n    self.element,\n    x\n)","one":"1","id":"5"},"2":{"type":"branch","branchId":0,"one":"3","id":"2"},"3":{"type":"action","text":"self.element.left = x","one":"4","id":"3"}},"type":"drakon","keywords":{"scenario":false,"async":false,"export":false,"function":true,"algoprop":false},"updated_by":"stipan","language":"LANG_S42","name":"dragTo","when_updated":1671376436.3341}