{"version":20180619,"tag":"629500325","params":"","when_created":1661364845.8384,"parent_id":"e0f4b57d","props":[],"when_updated":1681385601.2355,"items":{"4":{"flag1":1,"id":"4","type":"question","two":"1","one":"3","text":"self.edit"},"1":{"type":"end","id":"1"},"9":{"type":"action","id":"9","one":"7","text":"tracing.trace(\"DrakonCanvas.undo\")"},"11":{"flag1":1,"id":"11","type":"question","two":"1","one":"12","text":"selection"},"12":{"type":"action","id":"12","one":"10","text":"await loadImages(self)"},"3":{"type":"action","id":"3","one":"11","text":"selection = self.edit.undoEdit()"},"7":{"flag1":0,"id":"7","type":"question","text":"isReadonly(self)","one":"4","two":"1"},"2":{"type":"branch","branchId":0,"one":"9","id":"2"},"10":{"type":"action","text":"onUndoRedo(self, selection)","one":"1","id":"10"}},"updated_by":"stipan","keywords":{"scenario":false,"async":true,"export":false,"function":true,"algoprop":false},"type":"drakon","created_by":"stipan","name":"undo","language":"LANG_S42"}