{"version":20180619,"tag":"989805887","params":"pos","when_created":1673076889.5714,"parent_id":"32dea8ec","props":[],"created_by":"stipan","items":{"2":{"type":"branch","branchId":0,"one":"4","id":"2"},"4":{"one":"3","id":"4","type":"action","text":"item = {\n    type: \"combobox\",\n    left: pos.x,\n    top: pos.y,\n    width: 200,\n    height: 30\n}","two":""},"1":{"type":"end","id":"1"},"3":{"type":"action","text":"return item","one":"1","id":"3"}},"type":"drakon","keywords":{"scenario":false,"async":false,"export":false,"function":true,"algoprop":false},"updated_by":"stipan","language":"LANG_S42","name":"create","when_updated":1673096294.5472}