{"version":20180619,"tag":"178118701","params":"widget","when_created":1675782496.2585,"parent_id":"d52a4344","props":[],"created_by":"stipan","items":{"4":{"type":"loopend","id":"4","one":"1","text":""},"8":{"flag1":1,"id":"8","type":"question","text":"item.type === \"image\"","one":"9","two":"4"},"1":{"type":"end","id":"1"},"5":{"type":"loopbegin","text":"id, item; diagram.items","one":"8","id":"5"},"9":{"type":"action","text":"image = {\n    content: item.content,\n    refCount: 0\n}","one":"6","id":"9"},"6":{"type":"action","text":"await loadImage(image)","one":"10","id":"6"},"11":{"type":"action","id":"11","one":"7","text":"diagram = widget.edit.diagram"},"7":{"type":"action","id":"7","one":"5","text":"widget.images = {}"},"2":{"type":"branch","branchId":0,"one":"11","id":"2"},"10":{"type":"action","id":"10","one":"4","text":"widget.images[id] = image"}},"type":"drakon","keywords":{"scenario":false,"async":true,"export":false,"function":true,"algoprop":false},"updated_by":"stipan","language":"LANG_S42","name":"loadImages","when_updated":1675885684.959}