{"version":20180619,"tag":"783923706","params":"widget\nnode","when_created":1667024641.3096,"parent_id":"f474e5bd","props":[],"created_by":"stipan","items":{"4":{"flag1":1,"id":"4","type":"question","text":"canDelete(widget.visuals, node)","one":"31","two":"1"},"10":{"one":"20","id":"10","type":"case","text":"\"case\"","two":"11"},"21":{"type":"action","id":"21","one":"30","text":"edits = deleteParams(widget, node)"},"22":{"type":"action","text":"edits = deleteLoop(widget, node)","one":"30","id":"22"},"11":{"one":"19","id":"11","type":"case","two":"13","text":"\"select\""},"28":{"one":"29","id":"28","type":"case","text":"\"duration\"","two":"12"},"7":{"one":"18","id":"7","type":"case","text":"\"question\"","two":"6"},"18":{"type":"action","id":"18","one":"30","text":"edits = deleteQuestion(widget, node)"},"29":{"type":"action","text":"edits = deleteDuration(widget, node)","one":"30","id":"29"},"13":{"one":"24","id":"13","type":"case","two":"28","text":"\"branch\""},"9":{"one":"21","id":"9","type":"case","text":"\"params\"","two":"10"},"8":{"type":"select","text":"node.type","one":"7","id":"8"},"34":{"type":"action","text":"nodes = []\ngetMindSubtree(node, nodes)","one":"33","id":"34"},"1":{"type":"end","id":"1"},"6":{"one":"22","id":"6","type":"case","text":"\"loopbegin\"","two":"5"},"24":{"type":"action","id":"24","one":"30","text":"edits = deleteBranch(widget, node)"},"15":{"type":"action","text":"edits = deleteSimple(widget, node)","one":"30","id":"15"},"16":{"type":"action","text":"edits = []","one":"4","id":"16"},"5":{"one":"23","id":"5","type":"case","text":"\"loopend\"","two":"9"},"33":{"type":"action","text":"edits = deleteMind(widget, nodes)","one":"30","id":"33"},"31":{"flag1":0,"id":"31","type":"question","two":"34","one":"8","text":"isMindIcon(widget, node)"},"30":{"one":"1","id":"30","type":"action","text":"return doEdit(widget, edits)","two":""},"23":{"type":"action","text":"edits = deleteLoop(\n    widget,\n    node.loopStart\n)","one":"30","id":"23"},"2":{"type":"branch","branchId":0,"one":"16","id":"2"},"19":{"type":"action","text":"edits = deleteSelect(widget, node)","one":"30","id":"19"},"12":{"type":"case","id":"12","one":"15","two":null},"20":{"type":"action","text":"edits = deleteCase(widget, node)","one":"30","id":"20"}},"type":"drakon","keywords":{"scenario":false,"async":false,"export":false,"function":true,"algoprop":false},"updated_by":"stipan","language":"LANG_S42","name":"deleteOne","when_updated":1675884042.8882}