{"version":20180619,"tag":"420631928","params":"widget","when_created":1677498816.0907,"parent_id":"befd80d4","props":[],"language":"LANG_S42","items":{"4":{"flag1":0,"id":"4","type":"question","two":"5","one":"10","text":"widget.model.type === \"free\""},"8":{"one":"3","id":"8","type":"action","two":"","text":"left = visuals.box.left - Math.floor(\n    (wwidth - visuals.box.width) \/ 2\n)"},"1":{"type":"end","id":"1"},"5":{"one":"6","id":"5","type":"action","two":"","text":"wwidth = widget.width \/ zoom"},"6":{"flag1":0,"id":"6","type":"question","two":"8","one":"7","text":"wwidth > visuals.box.width"},"11":{"flag1":0,"id":"11","type":"question","text":"widget.model.type === \"graf\"","one":"4","two":"5"},"12":{"one":"13","id":"12","type":"action","text":"visuals = widget.visuals","two":""},"3":{"type":"action","id":"3","one":"1","text":"return left"},"7":{"one":"3","id":"7","type":"action","text":"left = visuals.box.left","two":""},"2":{"type":"branch","branchId":0,"one":"12","id":"2"},"13":{"one":"11","id":"13","type":"action","text":"zoom = widget.zoomFactor","two":""},"10":{"one":"3","id":"10","type":"action","two":"","text":"left = visuals.box.left"}},"keywords":{"scenario":false,"async":false,"export":false,"function":true,"algoprop":false},"type":"drakon","updated_by":"stipan","when_updated":1677498870.6342,"name":"getDefaultScrollLeft","created_by":"stipan"}