{"keywords":{"scenario":false,"async":false,"export":false,"function":true,"algoprop":false},"tag":"240662671","params":"visuals\nnode","when_created":1657732711.5213,"parent_id":"ca1bbf82","props":[],"language":"LANG_S42","items":{"1":{"type":"end","id":"1"},"17":{"one":"1","id":"17","type":"action","text":"return buildTextContent(\n    visuals,\n    node,\n    options\n)","two":""},"18":{"one":"16","id":"18","type":"action","text":"padding = visuals.config.metre \/ 2","two":""},"16":{"one":"17","id":"16","type":"action","text":"options = {\n    paddingLeft: padding,\n    paddingRight: padding\n}","two":""},"2":{"type":"branch","branchId":0,"one":"18","id":"2"}},"type":"drakon","version":20180619,"updated_by":"stipan","when_updated":1667398203.0379,"name":"contentQuestion","created_by":"stipan"}