{"version":20180619,"tag":"891076977","params":"zoom","when_created":1665566850.8194,"parent_id":"e0f4b57d","props":[],"language":"LANG_S42","items":{"10":{"type":"action","text":"self.zoomFactor = self.zoom \/ 10000","one":"7","id":"10"},"21":{"type":"action","id":"21","one":"15","text":"distX = clientX \/ oldZoom\ndistY = clientY \/ oldZoom\ndistX2 = clientX \/ self.zoomFactor\ndistY2 = clientY \/ self.zoomFactor"},"23":{"type":"action","id":"23","one":"17","text":"scrollY = oldScrollY + Math.round(\n    distY - distY2\n)"},"7":{"flag1":1,"id":"7","type":"question","two":"1","one":"24","text":"self.edit"},"13":{"type":"action","text":"clientX = hover.x\nclientY = hover.y","one":"21","id":"13"},"8":{"type":"action","text":"self.visuals.config.zoom = self.zoomFactor","one":"6","id":"8"},"19":{"type":"action","id":"19","one":"10","text":"oldZoom = self.zoomFactor"},"24":{"type":"action","text":"oldScrollX = self.visuals.scrollX\noldScrollY = self.visuals.scrollY","one":"25","id":"24"},"15":{"type":"action","text":"scrollX = oldScrollX + Math.round(\n    distX - distX2\n)","one":"23","id":"15"},"25":{"type":"action","id":"25","one":"13","text":"hover = getHoverPos(self)"},"9":{"type":"action","id":"9","one":"3","text":"tracing.trace(\n    \"DrakonCanvas.setZoom\",\n    zoom\n)"},"3":{"type":"action","id":"3","one":"19","text":"self.zoom = Math.max(\n    2500,\n    Math.min(40000, zoom)\n)"},"26":{"type":"action","id":"26","one":"1","text":"paintLater(self)"},"2":{"type":"branch","branchId":0,"one":"9","id":"2"},"1":{"type":"end","id":"1"},"17":{"type":"action","id":"17","one":"8","text":"setScroll(self, scrollX, scrollY)"},"6":{"type":"action","text":"initScrollPos(self)","one":"26","id":"6"}},"type":"drakon","keywords":{"scenario":false,"async":false,"export":false,"function":true,"algoprop":false},"updated_by":"stipan","when_updated":1687522503.3383,"name":"setZoom","created_by":"stipan"}