{"version":20180619,"tag":"128234614","params":"widget\npos","when_created":1658297103.6161,"parent_id":"35f7b123","props":[],"language":"LANG_S42","items":{"70":{"one":"1","id":"70","type":"action","text":"return freeToVisualItem(widget, element)","two":""},"80":{"one":"1","id":"80","type":"action","text":"return connectionToVisualItem(\n    widget,\n    element\n)","two":""},"71":{"flag1":1,"id":"71","type":"question","text":"element","one":"79","two":"73"},"87":{"one":"78","id":"87","type":"action","text":"edge = node.up","two":""},"81":{"flag1":1,"id":"81","type":"question","two":"69","one":"85","text":"hitNugget(visuals, pos)"},"78":{"one":"1","id":"78","type":"action","text":"return {\n    id: edge.id,\n    primId: edge.id,\n    type: edge.type,\n    role: edge.role,\n    elType: \"edge\"\n}","two":""},"72":{"one":"1","id":"72","type":"action","two":"","text":"return nodeToVisualItem(widget, node)"},"68":{"type":"action","text":"return scroll","one":"1","id":"68"},"86":{"flag1":0,"id":"86","type":"question","text":"isDownStub(node)","one":"72","two":"87"},"73":{"one":"74","id":"73","type":"action","text":"node = findNode(visuals, pos)","two":""},"69":{"one":"71","id":"69","type":"action","two":"","text":"element = findFree(widget, pos)"},"1":{"type":"end","id":"1"},"75":{"one":"76","id":"75","type":"action","text":"edge = findEdge(visuals, pos)","two":""},"24":{"type":"action","text":"visuals = widget.visuals","one":"66","id":"24"},"79":{"flag1":0,"id":"79","type":"question","two":"80","one":"70","text":"element.type === \"connection\""},"84":{"one":"1","id":"84","type":"action","two":"","text":"return handle"},"66":{"type":"action","text":"scroll = hitScrollBar(visuals, pos)","one":"67","id":"66"},"76":{"flag1":1,"id":"76","type":"question","text":"edge","one":"78","two":"77"},"83":{"flag1":1,"id":"83","type":"question","text":"handle","one":"84","two":"81"},"67":{"flag1":1,"id":"67","type":"question","two":"82","one":"68","text":"scroll"},"82":{"one":"83","id":"82","type":"action","two":"","text":"handle = findHandle(visuals, pos)"},"2":{"branchId":0,"one":"24","id":"2","type":"branch","text":""},"77":{"one":"1","id":"77","type":"action","text":"return undefined","two":""},"85":{"one":"1","id":"85","type":"action","text":"return {\n    elType: \"nugget\"\n}","two":""},"74":{"flag1":1,"id":"74","type":"question","two":"75","one":"86","text":"node"}},"type":"drakon","when_updated":1677569042.381,"updated_by":"stipan","keywords":{"scenario":false,"async":false,"export":false,"function":true,"algoprop":false},"name":"findVisualItem","created_by":"stipan"}