{"version":20180619,"tag":"306762365","params":"widget\npos","when_created":1658297103.6161,"parent_id":"35f7b123","props":[],"language":"LANG_S42","items":{"58":{"flag1":1,"id":"58","type":"question","two":"43","one":"62","text":"hitNugget(visuals, pos)"},"55":{"flag1":0,"id":"55","type":"question","two":"57","one":"44","text":"element.type === \"connection\""},"60":{"flag1":1,"id":"60","type":"question","text":"handle","one":"61","two":"58"},"50":{"flag1":1,"id":"50","type":"question","text":"edge","one":"52","two":"51"},"57":{"type":"action","text":"return connectionToVisualItem(\n    widget,\n    element\n)","one":"1","id":"57"},"62":{"type":"action","id":"62","one":"1","text":"return {\n    elType: \"nugget\"\n}"},"48":{"flag1":1,"id":"48","type":"question","two":"49","one":"63","text":"node"},"51":{"one":"1","id":"51","type":"action","text":"return undefined","two":""},"52":{"one":"1","id":"52","type":"action","text":"return {\n    id: edge.id,\n    primId: edge.id,\n    type: edge.type,\n    role: edge.role,\n    elType: \"edge\"\n}","two":""},"44":{"one":"1","id":"44","type":"action","text":"return freeToVisualItem(widget, element)","two":""},"49":{"one":"50","id":"49","type":"action","text":"edge = findEdge(visuals, pos)","two":""},"1":{"type":"end","id":"1"},"24":{"type":"action","id":"24","one":"59","text":"visuals = widget.visuals"},"65":{"type":"action","text":"edge = node.up","one":"52","id":"65"},"63":{"flag1":0,"id":"63","type":"question","text":"isDownStub(node)","one":"46","two":"65"},"46":{"one":"1","id":"46","type":"action","two":"","text":"return nodeToVisualItem(widget, node)"},"61":{"one":"1","id":"61","type":"action","two":"","text":"return handle"},"59":{"one":"60","id":"59","type":"action","two":"","text":"handle = findHandle(visuals, pos)"},"2":{"branchId":0,"one":"24","id":"2","type":"branch","text":""},"43":{"one":"45","id":"43","type":"action","two":"","text":"element = findFree(widget, pos)"},"47":{"one":"48","id":"47","type":"action","text":"node = findNode(visuals, pos)","two":""},"45":{"flag1":1,"id":"45","type":"question","text":"element","one":"55","two":"47"}},"type":"drakon","when_updated":1673420384.2464,"updated_by":"stipan","keywords":{"scenario":false,"async":false,"export":false,"function":true,"algoprop":false},"name":"findVisualItem","created_by":"stipan"}