{"version":20180619,"tag":"50235773","when_created":1667726974.2728,"parent_id":"b01ba575","props":[],"items":{"2":{"type":"branch","branchId":0,"one":"3","id":"2"},"1":{"type":"end","id":"1"},"3":{"type":"action","id":"3","one":"1","text":"return [\n    \"font\",\n    \"headerFont\",\n    \"branchFont\",\n    \"canvasLabels\",\n    \"metre\",\n    \"padding\",\n    \"maxWidth\",\n    \"lineHeight\",\n    \"textAlign\",\n    \"centerContent\"\n]"}},"when_updated":1672571170.6016,"created_by":"stipan","type":"drakon","updated_by":"stipan","name":"configToStyleFields","language":"LANG_S42"}