{"keywords":{"scenario":false,"async":false,"export":false,"function":true,"algoprop":false},"tag":"386885244","params":"widget\nedge","when_created":1667023659.0759,"parent_id":"befd80d4","props":[],"language":"LANG_S42","items":{"4":{"type":"action","text":"menu = []","one":"9","id":"4"},"6":{"type":"action","id":"6","one":"7","text":"pushMenuItem(\n    \"paste_block\",\n    menu,\n    tr(widget, \"Paste\"),\n    undefined,\n    function () {\n        pasteIntoEdge(\n            widget,\n            edge,\n            clipboard.content\n        )\n    }\n)"},"1":{"type":"end","id":"1"},"7":{"one":"15","id":"7","type":"action","two":"","text":"menu.push({type: \"separator\"})"},"9":{"flag1":0,"id":"9","type":"question","text":"isReadonly(widget)","one":"12","two":"3"},"15":{"type":"action","text":"pushMenuItem(\n    \"insert_action\",\n    menu,\n    tr(widget, \"Action\"),\n    widget.visuals.config.imagePath + \"action.png\",\n    function () {\n        insertIntoEdge(\n            widget,\n            edge,\n            \"action\"\n        )\n    }\n)","one":"16","id":"15"},"16":{"type":"action","text":"pushMenuItem(\n    \"insert_question\",\n    menu,\n    tr(widget, \"Question\"),\n    widget.visuals.config.imagePath + \"question.png\",\n    function () {\n        insertIntoEdge(\n            widget,\n            edge,\n            \"question\"\n        )\n    }\n)","one":"17","id":"16"},"2":{"type":"branch","branchId":0,"one":"4","id":"2"},"20":{"type":"action","id":"20","one":"3","text":"pushMenuItem(\n    \"insert_insertion\",\n    menu,\n    tr(widget, \"Insertion\"),\n    widget.visuals.config.imagePath + \"insertion.png\",\n    function () {\n        insertIntoEdge(\n            widget,\n            edge,\n            \"insertion\"\n        )\n    }\n)"},"12":{"type":"action","text":"clipboard = getClipboardClone(widget)","one":"13","id":"12"},"3":{"type":"action","id":"3","one":"1","text":"return menu"},"17":{"type":"action","text":"pushMenuItem(\n    \"insert_choice\",\n    menu,\n    tr(widget, \"Choice\"),\n    widget.visuals.config.imagePath + \"select.png\",\n    function () {\n        insertIntoEdge(\n            widget,\n            edge,\n            \"select\"\n        )\n    }\n)","one":"18","id":"17"},"18":{"type":"action","text":"pushMenuItem(\n    \"insert_loop\",\n    menu,\n    tr(widget, \"FOR Loop\"),\n    widget.visuals.config.imagePath + \"foreach.png\",\n    function () {\n        insertIntoEdge(\n            widget,\n            edge,\n            \"foreach\"\n        )\n    }\n)","one":"19","id":"18"},"19":{"type":"action","text":"pushMenuItem(\n    \"insert_comment\",\n    menu,\n    tr(widget, \"Comment\"),\n    widget.visuals.config.imagePath + \"comment.png\",\n    function () {\n        insertIntoEdge(\n            widget,\n            edge,\n            \"comment\"\n        )\n    }\n)","one":"20","id":"19"},"13":{"flag1":1,"id":"13","type":"question","two":"15","one":"14","text":"clipboard"},"14":{"flag1":1,"id":"14","type":"question","text":"clipboard.type === \"block\"","one":"6","two":"15"}},"type":"drakon","version":20180619,"updated_by":"stipan","created_by":"stipan","name":"buildDownEdgeMenu","when_updated":1689925482.7926}