{"keywords":{"scenario":false,"async":false,"export":false,"function":true,"algoprop":false},"tag":"134709804","params":"widget","when_created":1663149359.9456,"parent_id":"f7515898","props":[],"when_updated":1676208512.8693,"items":{"4":{"type":"action","text":"addSimpleInsert(widget, \"action\")\naddSimpleInsert(widget, \"insertion\")\naddSimpleInsert(widget, \"comment\")\naddSimpleInsert(widget, \"simpleinput\")\naddSimpleInsert(widget, \"simpleoutput\")\naddSimpleInsert(widget, \"timer\")\naddSimpleInsert(widget, \"pause\")\naddSimpleInsert(widget, \"ctrlstart\")\naddSimpleInsert(widget, \"ctrlend\")\naddSimpleInsert(widget, \"input\")\naddSimpleInsert(widget, \"output\")\naddSimpleInsert(widget, \"shelf\")\naddSimpleInsert(widget, \"process\")\naddSimpleInsert(widget, \"drakon-image\")","one":"5","id":"4"},"8":{"type":"action","id":"8","one":"6","text":"widget.insertActions.branch = branchInsert"},"1":{"type":"end","id":"1"},"5":{"type":"action","id":"5","one":"8","text":"widget.insertActions.question = questionInsert"},"9":{"type":"action","text":"widget.insertActions[\"parblock\"] = parBlockInsert\nwidget.insertActions[\"par\"] = parInsert\nwidget.insertActions[\"firstpar\"] = firstParInsert","one":"10","id":"9"},"6":{"type":"action","text":"widget.insertActions.select = selectInsert\nwidget.insertActions[\"case\"] = caseInsert\nwidget.insertActions[\"first-case\"] = firstCaseInsert","one":"7","id":"6"},"11":{"type":"action","id":"11","one":"9","text":"widget.insertActions[\"mind-child\"] = mindChildInsert\nwidget.insertActions[\"mind-before\"] = mindBeforeInsert\nwidget.insertActions[\"mind-after\"] = mindAfterInsert"},"3":{"type":"action","text":"widget.insertActions = {}","one":"4","id":"3"},"7":{"type":"action","id":"7","one":"11","text":"widget.insertActions[\"foreach\"] = foreachInsert"},"2":{"type":"branch","branchId":0,"one":"3","id":"2"},"10":{"type":"action","id":"10","one":"1","text":"widget.insertActions.duration = durationInsert"}},"updated_by":"stipan","created_by":"stipan","type":"drakon","version":20180619,"name":"initInsertFunctions","language":"LANG_S42"}