{"version":20180619,"tag":"991405526","params":"widget\naddress\ntargetId","when_created":1665303973.9374,"parent_id":"2de5181c","props":[],"when_updated":1671129267.9455,"items":{"3":{"type":"action","id":"3","one":"5","text":"edits = []"},"5":{"type":"action","id":"5","one":"9","text":"redirectUpperItems(\n    edits,\n    address.up.links,\n    targetId\n)"},"2":{"type":"branch","branchId":0,"one":"3","id":"2"},"9":{"type":"action","id":"9","one":"1","text":"return updateAndKeepSelection(\n    widget,\n    edits\n)"},"1":{"type":"end","id":"1"}},"keywords":{"scenario":false,"async":false,"export":false,"function":true,"algoprop":false},"updated_by":"stipan","type":"drakon","language":"LANG_S42","name":"redirectAddress","created_by":"stipan"}