{"keywords":{"scenario":false,"async":false,"export":false,"function":true,"algoprop":false},"tag":"518635999","params":"widget\nsocket\nimages","when_created":1676124547.6875,"parent_id":"f7515898","props":[],"language":"LANG_S42","items":{"4":{"type":"action","text":"return edits","one":"1","id":"4"},"10":{"type":"action","id":"10","one":"3","text":"imageData = socket.imageData"},"5":{"type":"action","text":"item = {\n    type: \"drakon-image\",\n    content: \"\",\n    one: socket.target\n}","one":"12","id":"5"},"9":{"type":"action","id":"9","one":"10","text":"model = widget.model"},"15":{"type":"action","text":"images[tempId] = {\n    content: imageData.content\n}","one":"14","id":"15"},"16":{"type":"action","id":"16","one":"15","text":"tempId = \"temp-image-id\""},"6":{"type":"action","text":"newId = createItem(model, edits, item)","one":"7","id":"6"},"12":{"flag1":1,"id":"12","type":"question","two":"16","one":"13","text":"imageData.id"},"3":{"type":"action","text":"edits = []","one":"5","id":"3"},"7":{"type":"action","id":"7","one":"4","text":"redirectUpperItems(\n    edits,\n    socket.links,\n    newId\n)"},"2":{"type":"branch","branchId":0,"one":"9","id":"2"},"1":{"type":"end","id":"1"},"13":{"type":"action","id":"13","one":"6","text":"item.image = imageData.id"},"14":{"type":"action","text":"item.image = tempId","one":"6","id":"14"}},"version":20180619,"updated_by":"stipan","type":"drakon","when_updated":1676126394.1148,"name":"drakonImageInsert","created_by":"stipan"}