{"keywords":{"scenario":false,"async":false,"export":false,"function":true,"algoprop":false},"tag":"6609030","params":"widget\nnode\nelType","when_created":1667021741.44,"parent_id":"35f7b123","props":[],"when_updated":1676127389.9652,"items":{"4":{"type":"action","id":"4","one":"7","text":"prim = {\n    id: node.id,\n    primId: node.id,\n    type: node.type,\n    elType: elType,\n    content: node.content || \"\",\n    secondary: node.secondary || \"\",\n    link: node.link || \"\",\n    style: node.style || \"\"\n}"},"8":{"type":"action","id":"8","one":"6","text":"primToClient(widget, prim)"},"1":{"type":"end","id":"1"},"9":{"flag1":1,"id":"9","type":"question","two":"12","one":"11","text":"node.innerBox"},"6":{"type":"action","id":"6","one":"1","text":"return prim"},"11":{"type":"action","text":"Object.assign(prim, node.innerBox)","one":"8","id":"11"},"12":{"flag1":1,"id":"12","type":"question","two":"8","one":"13","text":"node.box"},"7":{"type":"action","text":"setNotNull(node, prim, \"x\")\nsetNotNull(node, prim, \"y\")\nsetNotNull(node, prim, \"w\")\nsetNotNull(node, prim, \"h\")\nsetNotNull(node, prim, \"flag1\")\nsetNotNull(node, prim, \"branchId\")\nsetNotNull(node, prim, \"one\")\nsetNotNull(node, prim, \"two\")\nsetNotNull(node, prim, \"side\")\nsetNotNull(node, prim, \"margin\")\nsetNotNull(node, prim, \"begin\")\nsetNotNull(node, prim, \"end\")\nsetNotNull(node, prim, \"parent\")\nsetNotNull(node, prim, \"ordinal\")\nsetNotNull(node, prim, \"treeType\")\nsetNotNull(node, prim, \"collapsed\")\nsetNotNull(node, prim, \"image\")","one":"9","id":"7"},"2":{"type":"branch","branchId":0,"one":"4","id":"2"},"13":{"type":"action","id":"13","one":"8","text":"Object.assign(prim, node.box)"}},"version":20180619,"type":"drakon","updated_by":"stipan","created_by":"stipan","name":"nodeToVisualItemCore","language":"LANG_S42"}