{"keywords":{"scenario":false,"async":false,"export":false,"function":true,"algoprop":false},"tag":"422031363","params":"x\ny","when_created":1671015446.9373,"parent_id":"cd1c5f8a","props":[],"language":"LANG_S42","items":{"2":{"type":"branch","branchId":0,"one":"3","id":"2"},"1":{"type":"end","id":"1"},"3":{"type":"action","text":"self.element.w = self.element.x - x","one":"1","id":"3"}},"version":20180619,"updated_by":"stipan","type":"drakon","created_by":"stipan","name":"dragTo","when_updated":1671016397.4021}