{"version":20180619,"tag":"913274657","params":"evt","when_created":1666978773.2918,"parent_id":"278a1473","props":[],"created_by":"stipan","items":{"4":{"one":"6","id":"4","type":"action","two":"","text":"updateSelectionFrame(\n    self.widget,\n    self.startX,\n    self.startY,\n    evt\n)"},"1":{"type":"end","id":"1"},"5":{"one":"1","id":"5","type":"action","two":"","text":"paint(self.widget)"},"2":{"type":"branch","branchId":0,"one":"4","id":"2"},"6":{"one":"5","id":"6","type":"action","two":"","text":"blockSelect(self.widget)"}},"type":"drakon","keywords":{"scenario":false,"async":false,"export":false,"function":true,"algoprop":false},"updated_by":"stipan","when_updated":1666978975.5469,"name":"onDrag","language":"LANG_S42"}