{"keywords":{"scenario":false,"async":false,"export":false,"function":true,"algoprop":false},"tag":"929323096","params":"visuals\nid","when_created":1672739531.1058,"parent_id":"fdabdff8","props":[],"created_by":"stipan","items":{"2":{"type":"branch","branchId":0,"one":"3","id":"2"},"1":{"type":"end","id":"1"},"3":{"type":"action","id":"3","one":"1","text":"return visuals.connectionById[id]"}},"version":20180619,"type":"drakon","updated_by":"stipan","when_updated":1672739553.0729,"name":"getConnection","language":"LANG_S42"}