{"keywords":{"scenario":false,"async":false,"export":false,"function":true,"algoprop":false},"tag":"942568981","params":"visuals\nitemId","when_created":1657542555.8212,"parent_id":"befd80d4","props":[],"when_updated":1657542599.533,"items":{"2":{"type":"branch","branchId":0,"one":"3","id":"2"},"4":{"type":"action","id":"4","one":"1","text":"return visuals.nodes[nodeId]"},"1":{"type":"end","id":"1"},"3":{"type":"action","text":"nodeId = visuals.itemsToNodes[itemId]","one":"4","id":"3"}},"version":20180619,"type":"drakon","updated_by":"stipan","created_by":"stipan","name":"getNodeForItem","language":"LANG_S42"}