{"version":20180619,"tag":"12681382","params":"parentElement\ntext","when_created":1675756565.0591,"parent_id":"99e62b4e","props":[],"language":"LANG_S42","items":{"4":{"type":"loopend","id":"4","one":"15","text":""},"8":{"flag1":0,"id":"8","type":"question","text":"link","one":"11","two":"12"},"1":{"type":"end","id":"1"},"5":{"type":"loopbegin","text":"part; parts","one":"7","id":"5"},"9":{"one":"4","id":"9","type":"action","text":"parentElement.appendChild(link)","two":""},"15":{"flag1":1,"id":"15","type":"question","text":"buffer","one":"16","two":"1"},"16":{"one":"1","id":"16","type":"action","two":"","text":"appendTextNode(parentElement, buffer)"},"11":{"type":"action","id":"11","one":"4","text":"buffer += part"},"12":{"flag1":1,"id":"12","type":"question","two":"9","one":"13","text":"buffer"},"3":{"type":"action","text":"parts = splitByWhitespacePreserve(text)","one":"10","id":"3"},"7":{"type":"action","text":"link = tryCreateLink(part)","one":"8","id":"7"},"2":{"type":"branch","branchId":0,"one":"3","id":"2"},"10":{"type":"action","id":"10","one":"5","text":"buffer = \"\""},"13":{"one":"14","id":"13","type":"action","text":"appendTextNode(parentElement, buffer)","two":""},"14":{"type":"action","id":"14","one":"9","text":"buffer = \"\""}},"updated_by":"stipan","keywords":{"scenario":false,"async":false,"export":false,"function":true,"algoprop":false},"type":"drakon","when_updated":1675757820.4148,"name":"addTextWithLinksToDom","created_by":"stipan"}