{"version":20180619,"tag":"948812616","params":"widget\nctx","when_created":1690026249.1183,"parent_id":"befd80d4","props":[],"language":"LANG_S42","items":{"4":{"one":"9","id":"4","type":"action","two":"","text":"visuals = widget.visuals"},"8":{"one":"10","id":"8","type":"action","two":"","text":"ctx.setLineDash([])"},"1":{"type":"end","id":"1"},"5":{"one":"8","id":"5","type":"loopend","text":"","two":""},"9":{"one":"6","id":"9","type":"action","two":"","text":"visited = {}"},"6":{"one":"11","id":"6","type":"loopbegin","text":"element; visuals.free","two":""},"11":{"flag1":1,"id":"11","type":"question","two":"5","one":"7","text":"element.zIndex >= 0"},"7":{"one":"5","id":"7","type":"action","text":"drawFreeIcon(\n    widget,\n    element,\n    ctx,\n    visited\n)","two":""},"2":{"type":"branch","branchId":0,"one":"4","id":"2"},"10":{"one":"1","id":"10","type":"action","text":"clearShadow(ctx)","two":""}},"updated_by":"stipan","keywords":{"scenario":false,"async":false,"export":false,"function":true,"algoprop":false},"type":"drakon","created_by":"stipan","name":"drawFrontPlane","when_updated":1690027627.8677}