{"keywords":{"scenario":false,"async":true,"export":false,"function":true,"algoprop":false},"tag":"665611891","params":"","when_created":1667488105.0342,"parent_id":"36bf5937","props":[],"language":"LANG_S42","items":{"40":{"one":"80","id":"40","type":"case","two":"41","text":"next(ch)"},"31":{"one":"36","id":"31","type":"case","text":"next(ch)","two":"32"},"21":{"flag1":0,"id":"21","type":"question","two":"22","one":"23","text":"ch === \"-\""},"41":{"one":"6","id":"41","type":"case","two":"42","text":"white()"},"22":{"type":"action","text":"current.text += \"•\"","one":"7","id":"22"},"32":{"one":"6","id":"32","type":"case","text":"white()","two":"33"},"23":{"type":"action","text":"current.text += ch","one":"7","id":"23"},"62":{"type":"action","id":"62","one":"7","text":"type = \"em\"\ncurrent = endToken(current, line, type)"},"7":{"branchId":5,"one":"49","id":"7","type":"branch","text":"Token"},"42":{"one":"78","id":"42","type":"case","two":"71","text":"line()"},"52":{"one":"57","id":"52","type":"case","two":"63","text":"line()"},"44":{"one":"82","id":"44","type":"case","two":null,"text":"strong()"},"43":{"one":"81","id":"43","type":"case","two":"44","text":"em()"},"73":{"type":"action","text":"type = \"\"\nline = endLine(line, me.lines)","one":"2","id":"73"},"34":{"one":"60","id":"34","type":"case","text":"em()","two":"35"},"53":{"one":"62","id":"53","type":"case","text":"em()","two":"54"},"75":{"type":"action","text":"type = \"\"\ncurrent = endToken(current, line, type)","one":"5","id":"75"},"24":{"one":"26","id":"24","type":"case","two":"25","text":"em()"},"15":{"one":"2","id":"15","type":"case","two":"16","text":"white()"},"16":{"one":"2","id":"16","type":"case","text":"line()","two":"24"},"35":{"one":"38","id":"35","type":"case","text":"strong()","two":null},"25":{"one":"27","id":"25","type":"case","text":"strong()","two":null},"46":{"type":"action","text":"current.text += ch","one":"7","id":"46"},"17":{"one":"21","id":"17","type":"case","two":"15","text":"next(ch)"},"36":{"type":"action","id":"36","one":"7","text":"current.text += ch"},"27":{"type":"action","text":"type = \"strong\"\ncurrent = endToken(current, line, type)","one":"7","id":"27"},"82":{"type":"action","id":"82","one":"48","text":"pushSpace(line)"},"81":{"type":"action","id":"81","one":"61","text":"pushSpace(line)"},"55":{"type":"action","id":"55","one":"7","text":"current.text += ch"},"56":{"type":"action","id":"56","one":"6","text":"current = endToken(current, line, type)"},"80":{"type":"action","text":"pushSpace(line)","one":"46","id":"80"},"61":{"type":"action","id":"61","one":"7","text":"type = \"em\"\ncurrent = endToken(current, line, type)"},"66":{"type":"action","text":"type = \"\"\ncurrent = endToken(current, line, type)","one":"5","id":"66"},"38":{"type":"action","text":"type = \"strong\"\ncurrent = endToken(current, line, type)","one":"7","id":"38"},"57":{"type":"action","id":"57","one":"79","text":"current = endToken(current, line, type)"},"72":{"type":"action","id":"72","one":"5","text":"type = \"\"\ncurrent = endToken(current, line, type)"},"71":{"one":"72","id":"71","type":"case","two":"43","text":"end()"},"78":{"type":"action","text":"type = \"\"\nline = endLine(line, me.lines)","one":"2","id":"78"},"48":{"type":"action","text":"type = \"strong\"\ncurrent = endToken(current, line, type)","one":"7","id":"48"},"39":{"type":"select","text":"receive","one":"40","id":"39"},"65":{"one":"66","id":"65","type":"case","text":"end()","two":"34"},"63":{"one":"75","id":"63","type":"case","two":"53","text":"end()"},"49":{"type":"select","text":"receive","one":"50","id":"49"},"79":{"type":"action","text":"type = \"\"\nline = endLine(line, me.lines)","one":"2","id":"79"},"60":{"type":"action","id":"60","one":"7","text":"type = \"em\"\ncurrent = endToken(current, line, type)"},"19":{"type":"action","id":"19","one":"20","text":"current = {text: \"\", type: \"\"}"},"6":{"branchId":4,"one":"39","id":"6","type":"branch","text":"Space"},"59":{"type":"action","text":"type = \"strong\"\ncurrent = endToken(current, line, type)","one":"7","id":"59"},"54":{"one":"59","id":"54","type":"case","text":"strong()","two":null},"51":{"one":"56","id":"51","type":"case","two":"52","text":"white()"},"50":{"one":"55","id":"50","type":"case","text":"next(ch)","two":"51"},"5":{"branchId":3,"one":"30","id":"5","type":"branch","text":"Idle"},"12":{"type":"select","text":"receive","one":"17","id":"12"},"2":{"branchId":2,"one":"12","id":"2","type":"branch","text":"New line"},"26":{"type":"action","text":"type = \"em\"\ncurrent = endToken(current, line, type)","one":"7","id":"26"},"30":{"type":"select","text":"receive","one":"31","id":"30"},"33":{"one":"73","id":"33","type":"case","two":"65","text":"line()"},"18":{"branchId":1,"one":"19","id":"18","type":"branch","text":"Init"},"20":{"type":"action","text":"type = \"\"\nline = {tokens: []}\nme.lines = []","one":"2","id":"20"}},"type":"drakon","version":20180619,"updated_by":"stipan","when_updated":1668154381.9667,"name":"SpanBuilder","created_by":"stipan"}