{"version":20180619,"tag":"932925570","params":"node","when_created":1666679963.1227,"parent_id":"a07682cb","props":[],"language":"LANG_S42","items":{"4":{"flag1":1,"id":"4","type":"question","text":"node.type === \"question\"","one":"6","two":"5"},"8":{"type":"action","id":"8","one":"1","text":"return true"},"1":{"type":"end","id":"1"},"5":{"flag1":1,"id":"5","type":"question","two":"7","one":"6","text":"node.type === \"select\""},"9":{"type":"action","text":"node = getUp(node)","one":"10","id":"9"},"6":{"type":"action","id":"6","one":"1","text":"return false"},"7":{"flag1":0,"id":"7","type":"question","two":"9","one":"8","text":"node.up"},"2":{"type":"branch","branchId":0,"one":"10","id":"2"},"10":{"type":"arrow-loop","one":"4","id":"10"}},"updated_by":"stipan","keywords":{"scenario":false,"async":false,"export":false,"function":true,"algoprop":false},"type":"drakon","created_by":"stipan","name":"canTurnRight","when_updated":1666680147.1963}