{"keywords":{"scenario":false,"async":false,"export":false,"function":true,"algoprop":false},"tag":"949666930","params":"src\ndst\nname","when_created":1657539809.3632,"parent_id":"34e4d875","props":[],"created_by":"stipan","items":{"2":{"type":"branch","branchId":0,"one":"4","id":"2"},"4":{"flag1":1,"id":"4","type":"question","text":"name in src","one":"3","two":"1"},"1":{"type":"end","id":"1"},"3":{"type":"action","id":"3","one":"1","text":"dst[name] = src[name]"}},"version":20180619,"type":"drakon","updated_by":"stipan","when_updated":1657539842.3723,"name":"setNotNull","language":"LANG_S42"}