{"version":20180619,"tag":"439353841","params":"widget\naddress\nmenu","when_created":1665302763.3465,"parent_id":"befd80d4","props":[],"when_updated":1665303910.9367,"items":{"4":{"type":"action","id":"4","one":"7","text":"selected = widget.visuals.branches.filter(\n    notCurrent\n)"},"1":{"type":"end","id":"1"},"5":{"type":"action","text":"makeItem = function (itemId) {\n    target = getNode(\n        widget.visuals,\n        itemId\n    )\n    makePointToItem(\n        widget,\n        address,\n        target,\n        menu\n    )\n}","one":"6","id":"5"},"2":{"type":"branch","branchId":0,"one":"3","id":"2"},"6":{"type":"action","id":"6","one":"1","text":"selected.forEach(makeItem)"},"7":{"flag1":0,"id":"7","type":"question","text":"selected.length === 0","one":"5","two":"1"},"3":{"type":"action","id":"3","one":"4","text":"notCurrent = function (itemId) {\n    return itemId != address.branch.itemId\n}"}},"type":"drakon","keywords":{"scenario":false,"async":false,"export":false,"function":true,"algoprop":false},"updated_by":"stipan","language":"LANG_S42","name":"addressDestinations","created_by":"stipan"}