{"keywords":{"scenario":false,"async":false,"export":false,"function":true,"algoprop":false},"tag":"946658694","params":"widget\nevt\nears","when_created":1672826046.4331,"parent_id":"2ffccec2","props":[],"language":"LANG_S42","items":{"4":{"flag1":1,"id":"4","type":"question","two":"7","one":"5","text":"hitBox(ears.element, pos.x, pos.y)"},"10":{"type":"action","text":"ears.lineTarget = target","one":"9","id":"10"},"5":{"type":"action","text":"ears.lineTarget = undefined","one":"6","id":"5"},"11":{"flag1":1,"id":"11","type":"question","text":"target","one":"8","two":"15"},"12":{"type":"action","text":"ears.lineTarget = box","one":"13","id":"12"},"7":{"type":"action","id":"7","one":"11","text":"target = findFree(widget, pos)"},"18":{"type":"action","id":"18","one":"1","text":"ears.target = target"},"13":{"type":"action","text":"ears.hideEar = false","one":"17","id":"13"},"8":{"flag1":1,"id":"8","type":"question","text":"canConnect(widget, target)","one":"19","two":"15"},"1":{"type":"end","id":"1"},"9":{"type":"action","text":"ears.hideEar = true","one":"18","id":"9"},"6":{"type":"action","text":"ears.hideEar = false","one":"16","id":"6"},"16":{"type":"action","id":"16","one":"1","text":"ears.target = undefined"},"3":{"type":"action","text":"pos = toDiagram(widget, evt)","one":"4","id":"3"},"17":{"type":"action","text":"ears.target = undefined","one":"1","id":"17"},"2":{"type":"branch","branchId":0,"one":"3","id":"2"},"19":{"flag1":0,"id":"19","type":"question","two":"15","one":"10","text":"areConnected(\n    widget.visuals,\n    ears.element.id,\n    target.id\n)"},"15":{"type":"action","id":"15","one":"12","text":"box = ears.boxes[ears.selected]"}},"version":20180619,"updated_by":"stipan","type":"drakon","when_updated":1672827829.3001,"name":"recalculateEarsVisuals","created_by":"stipan"}