{"keywords":{"scenario":false,"async":false,"export":false,"function":true,"algoprop":false},"tag":"987397903","params":"visuals\nnode1\nnode2","when_created":1657629211.1837,"parent_id":"82d2ccaf","props":[],"language":"LANG_S42","items":{"4":{"type":"action","text":"finalTarget = node2","one":"5","id":"4"},"1":{"type":"end","id":"1"},"5":{"type":"action","id":"5","one":"7","text":"jun = createLeftDown(\n    visuals,\n    finalTarget\n)"},"2":{"type":"branch","branchId":0,"one":"4","id":"2"},"6":{"type":"action","id":"6","one":"3","text":"makeRightEdge(\n    visuals,\n    node1,\n    jun,\n    finalTarget\n)"},"7":{"type":"action","text":"jun.parallelStack = node1.parallelStack.slice()","one":"6","id":"7"},"3":{"type":"action","id":"3","one":"1","text":"return jun"}},"type":"drakon","version":20180619,"updated_by":"stipan","when_updated":1666551746.7559,"name":"turnDown","created_by":"stipan"}