{"keywords":{"scenario":false,"async":false,"export":false,"function":true,"algoprop":false},"tag":"720539295","params":"visuals\nupEdge","when_created":1657631055.0112,"parent_id":"82d2ccaf","props":[],"when_updated":1657631143.6548,"items":{"4":{"type":"action","text":"removeEdge(visuals, upEdge.id)","one":"5","id":"4"},"8":{"type":"action","id":"8","one":"1","text":"return jun"},"1":{"type":"end","id":"1"},"5":{"type":"action","text":"jun = createJunction(\n    visuals,\n    finalTarget\n)","one":"6","id":"5"},"2":{"type":"branch","branchId":0,"one":"3","id":"2"},"6":{"type":"action","text":"makeUpEdge(\n    visuals,\n    jun,\n    downNode,\n    finalTarget\n)","one":"7","id":"6"},"7":{"type":"action","text":"makeUpEdge(\n    visuals,\n    upNode,\n    jun,\n    finalTarget\n)","one":"8","id":"7"},"3":{"type":"action","text":"upNode = upEdge.head\ndownNode = upEdge.tail\nfinalTarget = upEdge.finalTarget","one":"4","id":"3"}},"updated_by":"stipan","version":20180619,"type":"drakon","language":"LANG_S42","name":"splitVerticalUp","created_by":"stipan"}