{"version":20180619,"tag":"16751453535546","params":"map\nkey\nvalue","when_created":1672678176.9301,"parent_id":"73128943","props":[],"language":"LANG_S42","items":{"4":{"flag1":1,"id":"4","type":"question","text":"bucket","one":"8","two":"5"},"8":{"type":"action","id":"8","one":"1","text":"bucket.push(value)"},"1":{"type":"end","id":"1"},"5":{"type":"action","text":"bucket = []","one":"7","id":"5"},"2":{"type":"branch","branchId":0,"one":"3","id":"2"},"7":{"type":"action","text":"map[key] = bucket","one":"8","id":"7"},"3":{"type":"action","text":"bucket = map[key]","one":"4","id":"3"}},"keywords":{"scenario":false,"async":false,"export":true,"function":true,"algoprop":false},"type":"drakon","updated_by":"stipan","when_updated":1675145353.5546,"name":"multiMapAdd","created_by":"stipan"}