{"keywords":{"scenario":false,"async":false,"export":false,"function":true,"algoprop":false},"tag":"477446714","params":"visuals\nx\ny\nop\ntype\nradius","when_created":1662484962.7642,"parent_id":"41f1c7b9","props":[],"when_updated":1664881633.3504,"items":{"4":{"type":"action","text":"self.edge = undefined\nself.node = undefined\nself.links = []\nself.finalTarget = undefined","one":"5","id":"4"},"8":{"type":"action","id":"8","one":"4","text":"self.id = visuals.sockets.length + 1"},"10":{"type":"action","text":"visuals.sockets.push(self)","one":"7","id":"10"},"5":{"type":"action","id":"5","one":"10","text":"self.box = boxFromPoint(\n    x,\n    y,\n    radius,\n    radius\n)"},"6":{"type":"action","id":"6","one":"3","text":"self = {}"},"3":{"type":"action","text":"self.id = \"\"\nself.x = x\nself.y = y\nself.type = type\nself.op = op\nself.on = false","one":"8","id":"3"},"7":{"type":"action","id":"7","one":"1","text":"return self"},"2":{"type":"branch","branchId":0,"one":"6","id":"2"},"1":{"type":"end","id":"1"}},"updated_by":"stipan","version":20180619,"type":"drakon","language":"LANG_S42","name":"createSocket","created_by":"stipan"}