{"version":20180619,"tag":"694886233","when_created":1671559690.7429,"parent_id":"3df720c9","props":[],"items":{"4":{"type":"action","text":"accepted = getStandardProps()","one":"6","id":"4"},"1":{"type":"end","id":"1"},"5":{"type":"action","id":"5","one":"1","text":"return accepted"},"2":{"type":"branch","branchId":0,"one":"4","id":"2"},"6":{"type":"action","id":"6","one":"5","text":"return [\n    \"iconBack\",\n    \"color\",\n    \"font\",\n    \"textAlign\"\n]"}},"when_updated":1671559996.8939,"created_by":"stipan","updated_by":"stipan","type":"drakon","name":"getAccepted","language":"LANG_S42"}