{"version":20180619,"tag":"169015281","params":"node","when_created":1712817593.8254,"parent_id":"8e739cfd","props":[],"language":"LANG_S42","items":{"2":{"type":"branch","branchId":0,"one":"3","id":"2"},"1":{"type":"end","id":"1"},"3":{"type":"action","id":"3","one":"1","text":"return node.left.head.type === \"duration\""}},"keywords":{"scenario":false,"async":false,"export":false,"function":true,"algoprop":false},"type":"drakon","updated_by":"stipan","created_by":"stipan","name":"hasDuration","when_updated":1712817635.6137}