{"keywords":{"scenario":false,"async":false,"export":false,"function":true,"algoprop":false},"tag":"440426061","params":"widget\nnode\nendId\nedits","when_created":1667123102.2409,"parent_id":"f474e5bd","props":[],"language":"LANG_S42","items":{"4":{"one":"5","id":"4","type":"action","text":"toKeep = {}","two":""},"1":{"type":"end","id":"1"},"5":{"one":"6","id":"5","type":"action","two":"","text":"toKeep[endId] = true\ntoKeep[node.itemId] = true"},"2":{"type":"branch","branchId":0,"one":"4","id":"2"},"6":{"one":"7","id":"6","type":"action","two":"","text":"markToDelete(\n    widget,\n    toKeep,\n    node,\n    node.one,\n    edits\n)"},"7":{"type":"action","id":"7","one":"1","text":"return toKeep"}},"version":20180619,"updated_by":"stipan","type":"drakon","when_updated":1667123434.5093,"name":"deleteIconsOnPath","created_by":"stipan"}