{"version":20180619,"tag":"16751454575564","params":"from\nto","when_created":1662483367.1195,"parent_id":"73128943","props":[],"items":{"4":{"flag1":1,"id":"4","type":"question","text":"from","one":"6","two":"1"},"1":{"type":"end","id":"1"},"5":{"type":"loopend","id":"5","one":"1","text":""},"2":{"type":"branch","branchId":0,"one":"4","id":"2"},"6":{"type":"loopbegin","text":"item; from","one":"7","id":"6"},"7":{"type":"action","id":"7","one":"5","text":"to.push(item)"}},"when_updated":1675145457.5565,"updated_by":"stipan","type":"drakon","keywords":{"scenario":false,"async":false,"export":true,"function":true,"algoprop":false},"name":"addRange","created_by":"stipan"}