{"version":20180619,"tag":"892463712","params":"widget\nelement","when_created":1672821515.7827,"parent_id":"2ffccec2","props":[],"language":"LANG_S42","items":{"37":{"type":"action","id":"37","one":"41","text":"box.left = left\nbox.top = top"},"10":{"type":"select","id":"10","one":"29","text":"receive"},"5":{"branchId":3,"one":"10","id":"5","type":"branch","text":"Dragging"},"41":{"type":"action","id":"41","one":"39","text":"recalculateEarsVisuals(widget, evt, me)"},"38":{"type":"action","text":"config = widget.visuals.config","one":"42","id":"38"},"32":{"type":"action","text":"dx = snapUp(config, evt.clientX - startX)\ndy = snapUp(config, evt.clientY - startY)","one":"34","id":"32"},"28":{"type":"sinput","text":"start(ear, evt)","one":"3","id":"28"},"48":{"one":"2","id":"48","type":"action","text":"widget.redraw()","two":""},"39":{"type":"action","id":"39","one":"5","text":"paint(widget)"},"29":{"one":"32","id":"29","type":"case","two":"13","text":"onDrag(evt)"},"13":{"one":"43","id":"13","type":"case","text":"complete()","two":null},"43":{"flag1":1,"id":"43","type":"question","text":"me.target","one":"47","two":"49"},"34":{"type":"action","text":"left = startBoxLeft + dx\ntop = startBoxTop + dy","one":"35","id":"34"},"49":{"one":"48","id":"49","type":"action","text":"setupEarBoxes(\n    me,\n    element,\n    config.socketTouchRadius\n)","two":""},"47":{"type":"action","text":"role = getEarRole(me)","one":"44","id":"47"},"16":{"branchId":1,"one":"38","id":"16","type":"branch","text":"Create boxes"},"35":{"flag1":0,"id":"35","type":"question","two":"36","one":"37","text":"left === box.left"},"25":{"type":"action","text":"setupEarBoxes(\n    me,\n    element,\n    config.socketTouchRadius\n)","one":"2","id":"25"},"44":{"type":"action","text":"createConnection(\n    widget,\n    element.id,\n    me.target.id,\n    role\n)","one":"2","id":"44"},"3":{"type":"action","id":"3","one":"31","text":"me.selected = ear"},"42":{"type":"action","id":"42","one":"25","text":"me.element = element"},"36":{"flag1":0,"id":"36","type":"question","text":"top === box.top","one":"37","two":"5"},"30":{"type":"action","text":"startX = evt.clientX\nstartY = evt.clientY\nstartBoxLeft = box.left\nstartBoxTop = box.top","one":"5","id":"30"},"2":{"branchId":2,"one":"28","id":"2","type":"branch","text":"Idle"},"31":{"type":"action","id":"31","one":"30","text":"box = me.boxes[ear]"}},"keywords":{"scenario":false,"async":true,"export":false,"function":true,"algoprop":false},"type":"drakon","updated_by":"stipan","when_updated":1672831998.5071,"name":"Ears","created_by":"stipan"}