{"keywords":{"scenario":false,"async":false,"export":false,"function":true,"algoprop":false},"tag":"143180644","params":"lowNode\nhighNode","when_created":1658402560.5868,"parent_id":"35f7b123","props":[],"when_updated":1675146610.1777,"items":{"4":{"flag1":1,"id":"4","type":"question","text":"highNode","one":"9","two":"8"},"8":{"type":"action","id":"8","one":"1","text":"return [lowNode]"},"10":{"type":"action","text":"findWayUpStep(context, lowNode, highNode)","one":"5","id":"10"},"5":{"flag1":1,"id":"5","type":"question","text":"highNode.id in context.visited","one":"6","two":"7"},"9":{"type":"action","text":"context = {visited: {}, leak: false}","one":"10","id":"9"},"6":{"flag1":0,"id":"6","type":"question","text":"context.leak","one":"3","two":"7"},"3":{"type":"action","text":"return utils.objectValues(\n    context.visited\n)","one":"1","id":"3"},"7":{"type":"action","text":"return []","one":"1","id":"7"},"2":{"type":"branch","branchId":0,"one":"4","id":"2"},"1":{"type":"end","id":"1"}},"type":"drakon","language":"LANG_S42","updated_by":"stipan","version":20180619,"name":"findWayUp","created_by":"stipan"}