{"version":20180619,"tag":"179258518","params":"evt","when_created":1658088954.4023,"parent_id":"e0f4b57d","props":[],"created_by":"stipan","items":{"4":{"flag1":1,"id":"4","type":"question","text":"self.mouseEvents","one":"7","two":"1"},"1":{"type":"end","id":"1"},"5":{"one":"1","id":"5","type":"action","text":"self.mouseEvents.mouseMove(evt)","two":""},"2":{"type":"branch","branchId":0,"one":"6","id":"2"},"6":{"flag1":0,"id":"6","type":"question","two":"1","one":"4","text":"evt.pointerType === \"touch\""},"7":{"type":"action","id":"7","one":"5","text":"evt.preventDefault()"}},"type":"drakon","when_updated":1695536632.0808,"updated_by":"stipan","keywords":{"scenario":false,"async":false,"export":false,"function":true,"algoprop":false},"name":"onMouseMove","language":"LANG_S42"}