{"keywords":{"scenario":false,"async":false,"export":false,"function":true,"algoprop":false},"tag":"947559729","params":"evt","when_created":1658088954.4023,"parent_id":"e0f4b57d","props":[],"created_by":"stipan","items":{"2":{"type":"branch","branchId":0,"one":"4","id":"2"},"4":{"flag1":1,"id":"4","type":"question","two":"1","one":"5","text":"self.mouseEvents"},"1":{"type":"end","id":"1"},"5":{"one":"1","id":"5","type":"action","text":"self.mouseEvents.mouseMove(evt)","two":""}},"updated_by":"stipan","when_updated":1669559594.4108,"type":"drakon","version":20180619,"name":"onMouseMove","language":"LANG_S42"}