{"keywords":{"scenario":false,"async":false,"export":false,"function":true,"algoprop":false},"tag":"781135220","params":"evt","when_created":1658088954.4023,"parent_id":"e0f4b57d","props":[],"language":"LANG_S42","items":{"4":{"flag1":1,"id":"4","type":"question","two":"1","one":"5","text":"self.mouseEvents"},"1":{"type":"end","id":"1"},"5":{"one":"1","id":"5","type":"action","text":"self.mouseEvents.mouseMove(evt)","two":""},"2":{"type":"branch","branchId":0,"one":"6","id":"2"},"6":{"flag1":0,"id":"6","type":"question","two":"1","one":"4","text":"evt.pointerType === \"touch\""}},"version":20180619,"updated_by":"stipan","type":"drakon","created_by":"stipan","name":"onMouseMove","when_updated":1687180135.9165}