{"keywords":{"scenario":false,"async":false,"export":false,"function":true,"algoprop":false},"tag":"881138643","params":"visuals\nnode","when_created":1657732735.267,"parent_id":"ca1bbf82","props":[],"language":"LANG_S42","items":{"11":{"one":"10","id":"11","type":"action","two":"","text":"options = {textAlign: \"center\"}"},"2":{"type":"branch","branchId":0,"one":"11","id":"2"},"1":{"type":"end","id":"1"},"10":{"one":"1","id":"10","type":"action","two":"","text":"return buildTextContent(\n    visuals,\n    node,\n    options\n)"}},"version":20180619,"updated_by":"stipan","type":"drakon","created_by":"stipan","name":"contentCase","when_updated":1667374637.9873}