{"version":20180619,"tag":"441398748","params":"left\ntop\nwidth\nheight\npadding","when_created":1657881041.5937,"parent_id":"683f5bbe","props":[],"when_updated":1672561715.4052,"items":{"2":{"branchId":0,"one":"4","id":"2","type":"branch","text":""},"4":{"type":"action","id":"4","one":"5","text":"x0 = left\nx1 = x0 + padding\nx3 = left + width\nx2 = x3 - padding\nbottom = top + height"},"1":{"type":"end","id":"1"},"5":{"type":"action","id":"5","one":"1","text":"return [\n    {x: x0, y: bottom},\n    {x: x1, y: top},\n    {x: x3, y: top},\n    {x: x2, y: bottom}\n]"}},"updated_by":"stipan","keywords":{"scenario":false,"async":false,"export":false,"function":true,"algoprop":false},"type":"drakon","created_by":"stipan","name":"buildSelectCoords","language":"LANG_S42"}