{"version":20180619,"tag":"857341162","params":"visuals\nnode\noptions","when_created":1667371577.7154,"parent_id":"f67c537c","props":[],"when_updated":1668865066.0751,"items":{"4":{"branchId":9,"one":"1","id":"4","type":"branch","text":"Exit"},"5":{"branchId":3,"one":"47","id":"5","type":"branch","text":"Secondary"},"41":{"type":"action","text":"color = getFromOptionsOrConfig(\n    config,\n    options,\n    node,\n    \"color\"\n)","one":"37","id":"41"},"50":{"branchId":4,"one":"51","id":"50","type":"branch","text":"Main"},"61":{"one":"4","id":"61","type":"action","text":"return addDivToDiagram(visuals, mainDiv)","two":""},"81":{"one":"59","id":"81","type":"action","two":"","text":"addTextToDiv(\n    options,\n    config,\n    bottomDiv,\n    text,\n    visuals.fonts,\n    font\n)"},"62":{"one":"61","id":"62","type":"action","text":"node.contentDiv = mainDiv","two":""},"51":{"one":"81","id":"51","type":"action","two":"","text":"bottomDiv = div(\n    \"drakon-icon-content\",\n    {\n        \"padding-left\": bottomLeft + \"px\",\n        \"padding-top\": padding + \"px\",\n        \"padding-right\": bottomRight + \"px\",\n        \"padding-bottom\": padding + \"px\",\n        \"text-align\": textAlign,\n        font: font,\n        color: color,\n        \"min-width\": minWidth + \"px\",\n        \"max-width\": maxWidth + \"px\",\n        \"line-height\": lineHeight,\n        \"user-select\": \"none\"\n    }\n)"},"63":{"flag1":0,"id":"63","type":"question","text":"visuals.config.canvasIcons","one":"5","two":"57"},"44":{"type":"action","id":"44","one":"63","text":"lineHeight = getFromOptionsOrConfig(\n    config,\n    options,\n    node,\n    \"lineHeight\"\n)"},"64":{"type":"action","text":"text = node.content || \"\"\nsecondary = node.secondary || \"\"","one":"46","id":"64"},"45":{"one":"64","id":"45","type":"action","text":"config = visuals.config","two":""},"75":{"one":"76","id":"75","type":"action","text":"width = Math.max(\n    node.topFlowBlock.width,\n    node.topFlowBlock.width\n)","two":""},"65":{"one":"58","id":"65","type":"action","two":"","text":"node.topFlowBlock = measureFlow(\n    node.topTextBlock,\n    minWidth,\n    maxWidth\n)"},"66":{"one":"65","id":"66","type":"action","text":"node.topTextBlock = createTextBlock(\n    visuals.ctx,\n    secondary,\n    options2,\n    visuals.fonts\n)","two":""},"25":{"type":"action","id":"25","one":"26","text":"topLeft = padding + getConfigValue(\n    options,\n    \"topLeft\",\n    0\n)"},"46":{"one":"25","id":"46","type":"action","text":"padding = getFromOptionsOrConfig(\n    config,\n    options,\n    node,\n    \"padding\",\n    0\n)","two":""},"67":{"one":"66","id":"67","type":"action","two":"","text":"options2 = {\n    paddingLeft: topLeft,\n    paddingTop: padding,\n    paddingRight: topRight,\n    paddingBottom: padding,\n    minWidth: minWidth,\n    font: font,\n    color: color,\n    lineHeight: lineHeight,\n    textAlign: textAlign,\n    centerContent: config.centerContent,\n    textFormat: config.textFormat\n}"},"26":{"type":"action","id":"26","one":"27","text":"topRight = padding + getConfigValue(\n    options,\n    \"topRight\",\n    0\n)"},"47":{"one":"79","id":"47","type":"action","text":"topDiv = div(\n    \"drakon-icon-content\",\n    {\n        \"padding-left\": topLeft + \"px\",\n        \"padding-top\": padding + \"px\",\n        \"padding-right\": topRight + \"px\",\n        \"padding-bottom\": padding + \"px\",\n        \"text-align\": textAlign,\n        font: font,\n        color: color,\n        \"min-width\": minWidth + \"px\",\n        \"max-width\": maxWidth + \"px\",\n        \"line-height\": lineHeight,\n        \"user-select\": \"none\"\n    }\n)","two":""},"77":{"one":"4","id":"77","type":"action","text":"return {\n    width: width,\n    height: height\n}","two":""},"27":{"type":"action","id":"27","one":"28","text":"bottomLeft = padding + getConfigValue(\n    options,\n    \"bottomLeft\",\n    0\n)"},"58":{"branchId":7,"one":"70","id":"58","type":"branch","text":"Main canvas"},"37":{"type":"action","text":"textAlign = getFromOptionsOrConfig(\n    config,\n    options,\n    node,\n    \"textAlign\"\n)","one":"38","id":"37"},"59":{"branchId":5,"one":"60","id":"59","type":"branch","text":"Together"},"57":{"branchId":6,"one":"67","id":"57","type":"branch","text":"Secondary canvas"},"28":{"type":"action","id":"28","one":"24","text":"bottomRight = padding + getConfigValue(\n    options,\n    \"bottomRight\",\n    0\n)"},"39":{"type":"action","id":"39","one":"44","text":"minWidth = getFromOptionsOrConfig(\n    config,\n    options,\n    node,\n    \"minWidth\"\n)"},"68":{"one":"74","id":"68","type":"action","text":"node.bottomFlowBlock = measureFlow(\n    node.bottomTextBlock,\n    minWidth,\n    maxWidth\n)","two":""},"49":{"type":"action","text":"node.topDiv = topDiv","one":"50","id":"49"},"79":{"type":"action","text":"addTextToDiv(\n    options,\n    config,\n    topDiv,\n    secondary,\n    visuals.fonts,\n    font\n)","one":"49","id":"79"},"69":{"one":"68","id":"69","type":"action","two":"","text":"node.bottomTextBlock = createTextBlock(\n    visuals.ctx,\n    text,\n    options,\n    visuals.fonts\n)"},"1":{"type":"end","id":"1"},"82":{"type":"action","id":"82","one":"41","text":"visuals.fonts[font] = true"},"76":{"one":"77","id":"76","type":"action","text":"height = node.topFlowBlock.height + node.bottomFlowBlock\n.height","two":""},"74":{"branchId":8,"one":"75","id":"74","type":"branch","text":"Together canvas"},"70":{"one":"69","id":"70","type":"action","text":"options = {\n    paddingLeft: bottomLeft,\n    paddingTop: padding,\n    paddingRight: bottomRight,\n    paddingBottom: padding,\n    minWidth: minWidth,\n    font: font,\n    color: color,\n    lineHeight: lineHeight,\n    textAlign: textAlign,\n    centerContent: config.centerContent,\n    textFormat: config.textFormat\n}","two":""},"38":{"type":"action","text":"maxWidth = getFromOptionsOrConfig(\n    config,\n    options,\n    node,\n    \"maxWidth\"\n)","one":"39","id":"38"},"36":{"type":"action","text":"font = getFromOptionsOrConfig(\n    config,\n    options,\n    node,\n    \"font\"\n)","one":"82","id":"36"},"24":{"branchId":2,"one":"36","id":"24","type":"branch","text":"Other values"},"60":{"one":"62","id":"60","type":"action","text":"mainDiv = div()\nhtml.add(mainDiv, topDiv)\nhtml.add(mainDiv, bottomDiv)","two":""},"22":{"branchId":1,"one":"45","id":"22","type":"branch","text":"Padding"}},"updated_by":"stipan","keywords":{"scenario":false,"async":false,"export":false,"function":true,"algoprop":false},"type":"drakon","created_by":"stipan","name":"buildDoubleTextContent","language":"LANG_S42"}