{"keywords":{"scenario":false,"async":false,"export":false,"function":true,"algoprop":false},"tag":"357851091","params":"visuals\nnode\nctx","when_created":1666720124.3381,"parent_id":"4ee6bb37","props":[],"when_updated":1672561756.9252,"items":{"11":{"type":"action","text":"padding = visuals.config.metre \/ 2","one":"17","id":"11"},"1":{"type":"end","id":"1"},"17":{"type":"action","text":"renderDrakonIconShape(\n    ctx,\n    visuals,\n    node,\n    buildSelectCoords,\n    padding\n)","one":"15","id":"17"},"2":{"type":"branch","branchId":0,"one":"11","id":"2"},"15":{"one":"1","id":"15","type":"action","two":"","text":"centerContent(visuals, node, ctx)"}},"updated_by":"stipan","created_by":"stipan","type":"drakon","version":20180619,"name":"renderSelect","language":"LANG_S42"}