{"keywords":{"scenario":false,"async":false,"export":false,"function":true,"algoprop":false},"tag":"729333142","params":"widget\nconnection","when_created":1672739457.4039,"parent_id":"35f7b123","props":[],"when_updated":1673005960.3154,"items":{"11":{"one":"9","id":"11","type":"action","text":"Object.assign(prim, connection.boxes[0])","two":""},"1":{"type":"end","id":"1"},"7":{"one":"1","id":"7","type":"action","text":"return prim","two":""},"2":{"type":"branch","branchId":0,"one":"6","id":"2"},"6":{"one":"11","id":"6","type":"action","two":"","text":"prim = {\n    id: connection.id,\n    primId: connection.id,\n    type: connection.type,\n    elType: \"connection\",\n    style: connection.style || \"\",\n    begin: connection.begin,\n    end: connection.end\n}"},"9":{"one":"7","id":"9","type":"action","text":"primToClient(widget, prim)","two":""}},"type":"drakon","language":"LANG_S42","updated_by":"stipan","version":20180619,"name":"connectionToVisualItem","created_by":"stipan"}