{"version":20180619,"tag":"634238281","params":"ctx\ncx\ntopY\nbottomY\nfill\nborder\nconfig","when_created":1664737837.5063,"parent_id":"41f1c7b9","props":[],"language":"LANG_S42","items":{"4":{"type":"action","text":"ctx.arc(\n    cx,\n    topY + config.socketRadius,\n    config.socketRadius,\n    Math.PI,\n    Math.PI * 2,\n    false\n);","one":"7","id":"4"},"8":{"type":"action","text":"ctx.lineTo(\n    cx - config.socketRadius,\n    topY + config.socketRadius\n)","one":"3","id":"8"},"1":{"type":"end","id":"1"},"5":{"type":"action","id":"5","one":"4","text":"ctx.beginPath()"},"9":{"branchId":3,"one":"1","id":"9","type":"branch","text":"Exit"},"6":{"type":"action","id":"6","one":"8","text":"ctx.arc(\n    cx,\n    bottomY - config.socketRadius,\n    config.socketRadius,\n    0,\n    Math.PI,\n    false\n);"},"11":{"type":"action","text":"drawCross(\n    ctx,\n    cx,\n    cy,\n    config.socketRadius \/ 2,\n    2,\n    border\n)","one":"9","id":"11"},"12":{"type":"action","text":"cy = (bottomY + topY) \/ 2","one":"11","id":"12"},"3":{"type":"action","id":"3","one":"10","text":"ctx.fillStyle = fill;\nctx.fill();\nctx.lineWidth = 2;\nctx.strokeStyle = border;\nctx.stroke();"},"7":{"type":"action","text":"ctx.lineTo(\n    cx + config.socketRadius,\n    bottomY - config.socketRadius\n)","one":"6","id":"7"},"2":{"branchId":1,"one":"5","id":"2","type":"branch","text":"Ellipse"},"10":{"branchId":2,"one":"12","id":"10","type":"branch","text":"Cross"}},"updated_by":"stipan","keywords":{"scenario":false,"async":false,"export":false,"function":true,"algoprop":false},"type":"drakon","when_updated":1664792521.291,"name":"drawVerticalSocket","created_by":"stipan"}