{"version":20180619,"tag":"691653599","params":"ears\nelement\nradius","when_created":1672822167.8208,"parent_id":"2ffccec2","props":[],"created_by":"stipan","items":{"4":{"one":"5","id":"4","type":"action","two":"","text":"ears.boxes = {}"},"8":{"one":"10","id":"8","type":"action","two":"","text":"ears.boxes.left = boxFromPoint(\n    element.left - radius * 2,\n    y,\n    radius,\n    radius\n)"},"1":{"type":"end","id":"1"},"5":{"one":"8","id":"5","type":"action","two":"","text":"ears.boxes.up = boxFromPoint(\n    x,\n    element.top - radius * 2,\n    radius,\n    radius\n)"},"9":{"one":"4","id":"9","type":"action","text":"right = element.left + element.width\nbottom = element.top + element.height","two":""},"6":{"one":"7","id":"6","type":"action","text":"x = Math.floor(\n    element.left + element.width \/ 2\n)","two":""},"11":{"one":"1","id":"11","type":"action","text":"ears.boxes.down = boxFromPoint(\n    x,\n    bottom + radius * 2,\n    radius,\n    radius\n)","two":""},"12":{"type":"action","text":"ears.target = undefined\nears.lineTarget = undefined\nears.hideEar = false\nears.selected = undefined","one":"6","id":"12"},"7":{"one":"9","id":"7","type":"action","text":"y = Math.floor(\n    element.top + element.height \/ 2\n)","two":""},"2":{"type":"branch","branchId":0,"one":"12","id":"2"},"10":{"one":"11","id":"10","type":"action","two":"","text":"ears.boxes.right = boxFromPoint(\n    right + radius * 2,\n    y,\n    radius,\n    radius\n)"}},"keywords":{"scenario":false,"async":false,"export":false,"function":true,"algoprop":false},"when_updated":1672827251.4182,"updated_by":"stipan","type":"drakon","name":"setupEarBoxes","language":"LANG_S42"}