{"keywords":{"scenario":false,"async":false,"export":false,"function":true,"algoprop":false},"tag":"810363701","params":"visuals\nelement\nctx","when_created":1673079307.2567,"parent_id":"f298c153","props":[],"when_updated":1673079457.9185,"items":{"4":{"type":"action","text":"w = element.width \/ 2\nh = element.height \/ 2\nx = element.left + w\ny = element.top + h","one":"11","id":"4"},"8":{"type":"action","text":"ctx.stroke()","one":"1","id":"8"},"1":{"type":"end","id":"1"},"5":{"type":"action","id":"5","one":"13","text":"ctx.beginPath()\nctx.moveTo(x - r, top + r)\nctx.arc(x, top + r, r, -Math.PI, 0)\nctx.lineTo(x + r, top + r + b)\nctx.arc(x, top + r + b, r, 0, Math.PI)\nctx.closePath()\nctx.fill()"},"9":{"flag1":0,"id":"9","type":"question","two":"10","one":"3","text":"mustShift(visuals.config, line)"},"6":{"type":"action","id":"6","one":"12","text":"ctx.stroke()"},"11":{"one":"9","id":"11","type":"action","text":"line = setFillStroke(\n    visuals,\n    element,\n    ctx\n)","two":""},"12":{"one":"7","id":"12","type":"action","two":"","text":"setFillStroke(visuals, element, ctx)"},"3":{"type":"action","id":"3","one":"5","text":"left = x - w\nright = x + w\ntop = y - h\nbottom = y + h\ng = 0.3\nr = h \/ (2 + g)\nb = r * 0.4\nnh = r * 0.8\nux = x + nh\nuy = y + 0.2 * h\nmx = x - nh\nwy = y + 0.6 * h\nvy = (uy + wy) \/ 2"},"7":{"type":"action","id":"7","one":"14","text":"ctx.beginPath()\nctx.moveTo(x, wy)\nctx.lineTo(ux, uy)\nctx.lineTo(right, vy)\nctx.lineTo(right, bottom)\nctx.lineTo(left, bottom)\nctx.lineTo(left, vy)\nctx.lineTo(mx, uy)\nctx.closePath()\nctx.fill()"},"2":{"type":"branch","branchId":0,"one":"4","id":"2"},"10":{"one":"3","id":"10","type":"action","text":"x += 0.5\ny += 0.5","two":""},"13":{"type":"action","text":"clearShadow(ctx)","one":"6","id":"13"},"14":{"type":"action","text":"clearShadow(ctx)","one":"8","id":"14"}},"version":20180619,"type":"drakon","updated_by":"stipan","created_by":"stipan","name":"renderPortrait","language":"LANG_S42"}