{"keywords":{"scenario":false,"async":false,"export":false,"function":true,"algoprop":false},"tag":"","params":"ctx\nx\ny\nw\nh\npadding\nh2","when_created":1666849307.3642,"parent_id":"683f5bbe","props":[],"created_by":"stipan","items":{"2":{"branchId":0,"one":"4","id":"2","type":"branch","text":""},"4":{"type":"action","text":"x0 = x - w\nx1 = x0 + padding\nx4 = x + w\nx3 = x4 - padding\nx2 = x3 - padding\ny0 = y - h\ny4 = y + h\ny3 = y0 + h2 + padding \/ 2\ny1 = (y0 + y3) \/ 2\ny2 = y0 + h2","one":"3","id":"4"},"1":{"type":"end","id":"1"},"3":{"type":"action","id":"3","one":"1","text":"ctx.beginPath()\nctx.moveTo(x0, y4)\nctx.lineTo(x0, y2)\nctx.lineTo(x1, y2)\nctx.lineTo(x1, y0)\nctx.lineTo(x3, y0)\nctx.lineTo(x4, y1)\nctx.lineTo(x3, y3)\nctx.lineTo(x2, y3)\nctx.lineTo(x2, y4)\nctx.closePath()"}},"updated_by":"stipan","version":20180619,"type":"drakon","language":"LANG_S42","name":"buildOutputPath","when_updated":1666849307.3642}