{"version":20180619,"tag":"229832414","params":"id\nfields","when_created":1663151160.6284,"parent_id":"f7515898","props":[],"created_by":"stipan","items":{"2":{"type":"branch","branchId":0,"one":"5","id":"2"},"1":{"type":"end","id":"1"},"5":{"type":"action","text":"return {\n    id: id,\n    op: \"update\",\n    fields: fields || {}\n}","one":"1","id":"5"}},"type":"drakon","keywords":{"scenario":false,"async":false,"export":false,"function":true,"algoprop":false},"updated_by":"stipan","language":"LANG_S42","name":"createUpdate","when_updated":1664968715.8822}