{"keywords":{"scenario":false,"async":false,"export":false,"function":true,"algoprop":false},"tag":"298561704","params":"widget\nprims","when_created":1666170042.1593,"parent_id":"befd80d4","props":[],"when_updated":1673507904.5091,"items":{"4":{"flag1":1,"id":"4","type":"question","text":"widget.config.onSelectionChanged","one":"5","two":"9"},"1":{"type":"end","id":"1"},"5":{"type":"action","text":"widget.config.onSelectionChanged(prims)","one":"9","id":"5"},"2":{"type":"branch","branchId":0,"one":"6","id":"2"},"6":{"type":"action","text":"tracing.trace(\n    \"onSelectionChanged\",\n    prims\n)","one":"4","id":"6"},"9":{"type":"action","id":"9","one":"10","text":"createResetEars(widget)"},"10":{"type":"action","id":"10","one":"1","text":"createMindSockets(widget)"}},"version":20180619,"updated_by":"stipan","type":"drakon","language":"LANG_S42","name":"onSelectionChanged","created_by":"stipan"}