{"keywords":{"scenario":false,"async":false,"export":false,"function":true,"algoprop":false},"tag":"430766894","params":"element\nx\ny","when_created":1658335529.323,"parent_id":"35f7b123","props":[],"language":"LANG_S42","items":{"4":{"one":"5","id":"4","type":"action","two":"","text":"rect = element.getBoundingClientRect()"},"1":{"type":"end","id":"1"},"5":{"one":"3","id":"5","type":"action","two":"","text":"widgetX = x - rect.left\nwidgetY = y - rect.top"},"2":{"type":"branch","branchId":0,"one":"4","id":"2"},"3":{"type":"action","id":"3","one":"1","text":"return {\n    x: widgetX,\n    y: widgetY\n}"}},"version":20180619,"updated_by":"stipan","type":"drakon","created_by":"stipan","name":"toWidget","when_updated":1658335650.4588}