{"keywords":{"scenario":false,"async":false,"export":true,"function":true,"algoprop":false},"tag":"16751469792355","params":"from\nwhat","when_created":1665296830.2387,"parent_id":"73128943","props":[],"items":{"4":{"type":"action","text":"result = {}","one":"6","id":"4"},"8":{"type":"action","id":"8","one":"5","text":"result[key] = value"},"1":{"type":"end","id":"1"},"5":{"type":"loopend","text":"","one":"3","id":"5"},"2":{"type":"branch","branchId":0,"one":"4","id":"2"},"6":{"type":"loopbegin","text":"key, value; from","one":"7","id":"6"},"7":{"flag1":1,"id":"7","type":"question","two":"8","one":"5","text":"key in what"},"3":{"type":"action","id":"3","one":"1","text":"return result"}},"created_by":"stipan","updated_by":"stipan","type":"drakon","version":20180619,"name":"subtract","when_updated":1675146979.2357}