{"keywords":{"scenario":false,"async":false,"export":false,"function":true,"algoprop":false},"tag":"46369684","params":"widget\nelement\nctx","when_created":1672895681.712,"parent_id":"5ed6e498","props":[],"language":"LANG_S42","items":{"64":{"one":"68","id":"64","type":"action","text":"setCommonHandleFields(\n    widget,\n    element,\n    handle\n)","two":""},"1":{"type":"end","id":"1"},"65":{"one":"1","id":"65","type":"action","text":"createHandle(visuals, handle, ctx)","two":""},"71":{"type":"action","text":"handle.primId = \"callout-\" + element.id","one":"65","id":"71"},"66":{"one":"67","id":"66","type":"action","two":"","text":"handle.x = left + element.px\nhandle.y = top + element.py\nhandle.minX = Number.MIN_SAFE_INTEGER\nhandle.maxX = Number.MAX_SAFE_INTEGER\nhandle.minY = Number.MIN_SAFE_INTEGER\nhandle.maxY = Number.MAX_SAFE_INTEGER"},"67":{"one":"71","id":"67","type":"action","text":"handle.left = left\nhandle.top = top\nhandle.color = \"yellow\"","two":""},"70":{"one":"63","id":"70","type":"action","text":"visuals = widget.visuals","two":""},"2":{"branchId":0,"one":"62","id":"2","type":"branch","text":""},"63":{"one":"64","id":"63","type":"action","two":"","text":"handle = CalloutPointer()"},"68":{"one":"66","id":"68","type":"action","text":"left = element.left\ntop = element.top","two":""},"62":{"type":"action","id":"62","one":"70","text":"drawRectCandies(widget, element, ctx)"}},"version":20180619,"updated_by":"stipan","type":"drakon","when_updated":1673007462.3701,"name":"drawCandies","created_by":"stipan"}