{"version":20180619,"tag":"46398515","params":"widget\nnode","when_created":1665063975.4154,"parent_id":"f474e5bd","props":[],"language":"LANG_S42","items":{"4":{"branchId":4,"one":"62","id":"4","type":"branch","text":"Delete and redraw"},"37":{"type":"action","text":"deleteItem(widget, edits, node)","one":"57","id":"37"},"31":{"branchId":2,"one":"42","id":"31","type":"branch","text":"Delete the whole parallel"},"5":{"branchId":3,"one":"37","id":"5","type":"branch","text":"Just the path"},"57":{"flag1":1,"id":"57","type":"question","text":"node.two","one":"56","two":"58"},"62":{"one":"1","id":"62","type":"action","text":"return doEdit(widget, edits)","two":""},"48":{"type":"action","id":"48","one":"4","text":"redirectUpperItems(\n    edits,\n    left.up.links,\n    end.one\n)"},"18":{"type":"action","id":"18","one":"34","text":"left = getLeft(node)"},"29":{"flag1":0,"id":"29","type":"question","two":"30","one":"5","text":"isFirstPar(left)"},"44":{"type":"action","id":"44","one":"45","text":"deleteItem(widget, edits, left)"},"43":{"type":"action","id":"43","one":"44","text":"deleteItem(widget, edits, end)"},"34":{"type":"action","id":"34","one":"61","text":"endId = getParTarget(node)\nend = getNode(widget.visuals, endId)"},"1":{"type":"end","id":"1"},"61":{"type":"action","text":"deleteIconsOnPath(\n    widget,\n    node,\n    endId,\n    edits\n)","one":"29","id":"61"},"58":{"one":"4","id":"58","type":"action","text":"updateItem(edits, left.itemId, {two: \"\"})","two":""},"56":{"one":"4","id":"56","type":"action","text":"updateItem(\n    edits,\n    left.itemId,\n    {two: node.two}\n)","two":""},"47":{"type":"action","text":"redirectPrevItems(edits, end, end.one)","one":"4","id":"47"},"46":{"type":"action","text":"redirectUpperItems(\n    edits,\n    left.up.links,\n    left.one\n)","one":"47","id":"46"},"3":{"type":"action","text":"edits = []","one":"18","id":"3"},"14":{"type":"action","id":"14","one":"3","text":"model = widget.model"},"2":{"branchId":1,"one":"14","id":"2","type":"branch","text":"Delete itself"},"30":{"flag1":1,"id":"30","type":"question","two":"31","one":"5","text":"node.right"},"42":{"type":"action","text":"deleteItem(widget, edits, node)","one":"43","id":"42"},"45":{"flag1":0,"id":"45","type":"question","two":"48","one":"46","text":"left.one === endId"}},"updated_by":"stipan","keywords":{"scenario":false,"async":false,"export":false,"function":true,"algoprop":false},"type":"drakon","when_updated":1675883653.2783,"name":"deleteParPath","created_by":"stipan"}