{"keywords":{"scenario":false,"async":false,"export":false,"function":true,"algoprop":false},"tag":"","params":"obj\nedit","when_created":1661097657.1659,"parent_id":"1b1117a0","props":[],"language":"LANG_S42","items":{"2":{"type":"branch","branchId":0,"one":"13","id":"2"},"1":{"type":"end","id":"1"},"13":{"type":"action","id":"13","one":"1","text":"obj.edit.pushEdit(edit)"}},"version":20180619,"updated_by":"stipan","type":"drakon","when_updated":1661097657.1659,"name":"sendEditToServer","created_by":"stipan"}