{"version":20180619,"tag":"582076483","params":"widget\nid\nbox\nx","when_created":1671375095.4704,"parent_id":"33dd7b8d","props":[],"language":"LANG_S42","items":{"4":{"type":"loopend","text":"","one":"16","id":"4"},"5":{"type":"loopbegin","id":"5","one":"6","text":"element; widget.visuals.free"},"22":{"type":"action","id":"22","one":"17","text":"top = Math.min(top, ebox.centerY)\nbottom = Math.max(bottom, ebox.centerY)"},"11":{"flag1":1,"id":"11","type":"question","two":"4","one":"13","text":"ebox.centerX === x"},"23":{"type":"action","text":"guide = {\n    x1: Math.round(x),\n    y1: top,\n    x2: Math.round(x),\n    y2: bottom\n}","one":"20","id":"23"},"13":{"type":"action","id":"13","one":"22","text":"left = Math.min(left, ebox.centerX)\nright = Math.max(right, ebox.centerX)"},"19":{"flag1":1,"id":"19","type":"question","two":"15","one":"23","text":"found"},"24":{"flag1":1,"id":"24","type":"question","two":"4","one":"25","text":"canGuide(widget, element)"},"15":{"branchId":3,"one":"1","id":"15","type":"branch","text":"Exit"},"16":{"branchId":2,"one":"19","id":"16","type":"branch","text":"Create guide"},"25":{"type":"action","text":"ebox = getGuideBox(element)","one":"11","id":"25"},"6":{"flag1":0,"id":"6","type":"question","text":"element.id === id","one":"24","two":"4"},"17":{"type":"action","text":"found = true","one":"4","id":"17"},"2":{"branchId":1,"one":"21","id":"2","type":"branch","text":"Scan free items"},"21":{"type":"action","text":"top = box.centerY\nbottom = box.centerY\nfound = false","one":"5","id":"21"},"1":{"type":"end","id":"1"},"20":{"type":"action","text":"widget.visuals.guides.push(guide)","one":"15","id":"20"}},"keywords":{"scenario":false,"async":false,"export":false,"function":true,"algoprop":false},"type":"drakon","updated_by":"stipan","created_by":"stipan","name":"findVerticalCentralGuide","when_updated":1671584159.4523}