{"keywords":{"scenario":false,"async":false,"export":false,"function":true,"algoprop":false},"tag":"464715224","params":"visuals\nitemId","when_created":1664377517.9279,"parent_id":"a07682cb","props":[],"language":"LANG_S42","items":{"2":{"type":"branch","branchId":0,"one":"3","id":"2"},"4":{"type":"action","id":"4","one":"1","text":"return getNode(visuals, nodeId)"},"1":{"type":"end","id":"1"},"3":{"type":"action","text":"nodeId = visuals.itemsToNodes[itemId]","one":"4","id":"3"}},"version":20180619,"updated_by":"stipan","type":"drakon","when_updated":1664473423.9763,"name":"getNodeByItem","created_by":"stipan"}