{"version":20180619,"tag":"561263052","params":"visuals\nelement\nctx","when_created":1673158793.2382,"parent_id":"f298c153","props":[],"language":"LANG_S42","items":{"4":{"one":"5","id":"4","type":"action","two":"","text":"ctx.lineWidth = getLineWidth(\n    visuals,\n    element\n)"},"8":{"type":"action","id":"8","one":"1","text":"rightAngle(ctx, x, y, w, h)"},"1":{"type":"end","id":"1"},"5":{"one":"7","id":"5","type":"action","text":"ctx.strokeStyle = getLineColor(\n    visuals,\n    element\n)","two":""},"2":{"type":"branch","branchId":0,"one":"4","id":"2"},"7":{"type":"action","id":"7","one":"8","text":"w = element.width \/ 2\nh = element.height \/ 2\nx = element.left + w\ny = element.top + h"}},"updated_by":"stipan","keywords":{"scenario":false,"async":false,"export":false,"function":true,"algoprop":false},"type":"drakon","when_updated":1673159016.3256,"name":"renderRightAngle","created_by":"stipan"}