{"version":20180619,"tag":"897337881","params":"x\ny","when_created":1671275162.6966,"parent_id":"15ee8579","props":[],"when_updated":1671376174.3223,"items":{"4":{"type":"action","id":"4","one":"8","text":"element.height = self.bottom - y"},"8":{"type":"action","id":"8","one":"1","text":"findHorizontalForHandle(self, element, y)"},"1":{"type":"end","id":"1"},"7":{"type":"action","id":"7","one":"3","text":"element = self.element"},"2":{"type":"branch","branchId":0,"one":"7","id":"2"},"3":{"type":"action","text":"element.top = y","one":"4","id":"3"}},"type":"drakon","keywords":{"scenario":false,"async":false,"export":false,"function":true,"algoprop":false},"updated_by":"stipan","language":"LANG_S42","name":"dragTo","created_by":"stipan"}