{"keywords":{"scenario":false,"async":false,"export":false,"function":true,"algoprop":false},"tag":"829494799","params":"stack\nnode1\nnode2","when_created":1657620939.3534,"parent_id":"82d2ccaf","props":[],"created_by":"stipan","items":{"4":{"type":"action","text":"step.down = false","one":"5","id":"4"},"1":{"type":"end","id":"1"},"5":{"type":"action","id":"5","one":"1","text":"return step"},"2":{"type":"branch","branchId":0,"one":"3","id":"2"},"3":{"type":"action","text":"step = planStep(stack, node1, node2)","one":"4","id":"3"}},"version":20180619,"type":"drakon","updated_by":"stipan","when_updated":1657620974.2028,"name":"planRightStep","language":"LANG_S42"}