{"version":20180619,"tag":"189457886","params":"element\nconfig","when_created":1671082701.1176,"parent_id":"4dc44fb7","props":[],"language":"LANG_S42","items":{"4":{"type":"action","id":"4","one":"16","text":"element.innerBox = boxFromPoint(\n    element.x,\n    element.y,\n    element.w,\n    element.h\n)"},"31":{"type":"action","id":"31","one":"15","text":"element.subboxes.push(\n    boxForHorizontalLine(\n        element.x,\n        bottomY,\n        element.x + element.loX,\n        margin\n    )\n)"},"21":{"one":"22","id":"21","type":"action","text":"right = Math.max(\n    topX,\n    Math.max(bottomX, innerRight)\n)","two":""},"22":{"one":"23","id":"22","type":"action","text":"margin = config.socketTouchRadius","two":""},"32":{"one":"33","id":"32","type":"action","text":"element.subboxes.push(\n    boxForHorizontalLine(\n        element.x + element.hiX,\n        topY,\n        element.x,\n        margin\n    )\n)","two":""},"28":{"type":"action","id":"28","one":"29","text":"element.subboxes.push(\n    boxForVerticalLine(\n        element.x,\n        element.y,\n        bottomY,\n        margin\n    )\n)"},"18":{"one":"19","id":"18","type":"action","text":"topX = element.x + element.hiX\nbottomX = element.x + element.loX","two":""},"29":{"flag1":0,"id":"29","type":"question","two":"32","one":"30","text":"element.flag1"},"19":{"one":"20","id":"19","type":"action","text":"innerRight = element.innerBox.left + element\n.innerBox.width","two":""},"33":{"one":"15","id":"33","type":"action","two":"","text":"element.subboxes.push(\n    boxForHorizontalLine(\n        element.x + element.loX,\n        bottomY,\n        element.x,\n        margin\n    )\n)"},"24":{"one":"25","id":"24","type":"action","two":"","text":"element.box = createBoxWithMargin(\n    left,\n    topY,\n    width,\n    height,\n    margin\n)"},"15":{"branchId":4,"one":"1","id":"15","type":"branch","text":"Exit"},"16":{"branchId":2,"one":"17","id":"16","type":"branch","text":"Outer box"},"30":{"type":"action","id":"30","one":"31","text":"element.subboxes.push(\n    boxForHorizontalLine(\n        element.x,\n        topY,\n        element.x + element.hiX,\n        margin\n    )\n)"},"25":{"branchId":3,"one":"26","id":"25","type":"branch","text":"Lines"},"23":{"one":"24","id":"23","type":"action","text":"width = right - left\nheight = bottomY - topY","two":""},"17":{"one":"18","id":"17","type":"action","text":"topY = element.y + element.hiY\nbottomY = element.y + element.loY","two":""},"26":{"type":"action","text":"element.subboxes = []","one":"27","id":"26"},"2":{"branchId":1,"one":"4","id":"2","type":"branch","text":"Inner box"},"1":{"type":"end","id":"1"},"27":{"type":"action","id":"27","one":"28","text":"element.subboxes.push(\n    boxForVerticalLine(\n        element.x,\n        topY,\n        element.y,\n        margin\n    )\n)"},"20":{"one":"21","id":"20","type":"action","text":"left = Math.min(\n    topX,\n    Math.min(\n        bottomX,\n        element.innerBox.left\n    )\n)","two":""}},"keywords":{"scenario":false,"async":false,"export":false,"function":true,"algoprop":false},"type":"drakon","updated_by":"stipan","when_updated":1671351289.3097,"name":"calculateBox","created_by":"stipan"}