{"version":20180619,"tag":"526506014","params":"x\ny","when_created":1672850128.2006,"parent_id":"9ee626d2","props":[],"when_updated":1672852823.8373,"items":{"2":{"type":"branch","branchId":0,"one":"6","id":"2"},"6":{"type":"action","text":"self.element.aux = x - self.left - self.touch\n* 2","one":"1","id":"6"},"1":{"type":"end","id":"1"}},"keywords":{"scenario":false,"async":false,"export":false,"function":true,"algoprop":false},"created_by":"stipan","updated_by":"stipan","type":"drakon","name":"dragTo","language":"LANG_S42"}