{"version":20180619,"tag":"803405131","params":"widget\nelement\nctx","when_created":1672908274.6251,"parent_id":"1a7fbd25","props":[],"language":"LANG_S42","items":{"2":{"branchId":0,"one":"62","id":"2","type":"branch","text":""},"1":{"type":"end","id":"1"},"62":{"type":"action","id":"62","one":"1","text":"drawRectCandies(widget, element, ctx)"}},"updated_by":"stipan","keywords":{"scenario":false,"async":false,"export":false,"function":true,"algoprop":false},"type":"drakon","when_updated":1672908445.328,"name":"drawCandies","created_by":"stipan"}