{"version":20180619,"tag":"456693768","params":"arrowNode\nvisited\nedits","when_created":1665048847.2897,"parent_id":"ed3b4890","props":[],"language":"LANG_S42","items":{"4":{"branchId":3,"one":"1","id":"4","type":"branch","text":"Exit"},"8":{"type":"action","id":"8","one":"6","text":"node = node.next[0]"},"1":{"type":"end","id":"1"},"5":{"branchId":2,"one":"9","id":"5","type":"branch","text":"Redirect links"},"9":{"type":"action","id":"9","one":"4","text":"redirectUpperItems(\n    edits,\n    arrowNode.up.links,\n    node.itemId\n)"},"6":{"flag1":0,"id":"6","type":"question","text":"visited[node.itemId]","one":"5","two":"7"},"3":{"type":"action","id":"3","one":"7","text":"node = arrowNode"},"7":{"type":"arrow-loop","one":"8","id":"7"},"2":{"branchId":1,"one":"3","id":"2","type":"branch","text":"Find first not deleted"}},"updated_by":"stipan","keywords":{"scenario":false,"async":false,"export":false,"function":true,"algoprop":false},"type":"drakon","created_by":"stipan","name":"unlinkArrow","when_updated":1665048951.5887}