{"version":20180619,"tag":"","params":"widget\nelement\nctx","when_created":1673094952.3906,"parent_id":"76971d15","props":[],"language":"LANG_S42","items":{"2":{"branchId":0,"one":"62","id":"2","type":"branch","text":""},"1":{"type":"end","id":"1"},"62":{"type":"action","id":"62","one":"1","text":"drawRectCandies(widget, element, ctx)"}},"keywords":{"scenario":false,"async":false,"export":false,"function":true,"algoprop":false},"type":"drakon","updated_by":"stipan","created_by":"stipan","name":"drawCandies","when_updated":1673094952.3906}