{"keywords":{"scenario":false,"async":false,"export":false,"function":true,"algoprop":false},"tag":"913549944","params":"widget\nprim\nevt","when_created":1677139918.6723,"parent_id":"befd80d4","props":[],"created_by":"stipan","items":{"5":{"one":"6","id":"5","type":"action","text":"visuals = widget.visuals","two":""},"80":{"flag1":0,"id":"80","type":"question","two":"81","one":"83","text":"selected.length > 1"},"71":{"type":"action","text":"menu = []","one":"116","id":"71"},"61":{"one":"44","id":"61","type":"case","two":"60","text":"\"edge\""},"110":{"one":"111","id":"110","type":"case","two":"102","text":"\"mind-child\""},"12":{"type":"action","id":"12","one":"13","text":"node = getNode(visuals, prim.id)"},"62":{"one":"12","id":"62","type":"case","two":"61","text":"\"node\""},"72":{"type":"action","id":"72","one":"116","text":"pushMenuItem(\n    \"format\",\n    menu,\n    tr(widget, \"Format\"),\n    undefined,\n    function () {\n        startEditStyle(widget)\n    }\n)"},"51":{"flag1":1,"id":"51","type":"question","text":"ensureSelectedOne(widget, prim)","one":"98","two":"26"},"52":{"flag1":1,"id":"52","type":"question","two":"57","one":"43","text":"ensureSelectedOne(widget, prim)"},"44":{"type":"action","text":"edge = getEdge(visuals, prim.id)","one":"95","id":"44"},"43":{"type":"action","id":"43","one":"116","text":"menu = buildBeginParMenu(widget, node)"},"91":{"flag1":1,"id":"91","type":"question","text":"prim.makeContextMenu","one":"90","two":"115"},"92":{"type":"case","one":"119","id":"92"},"119":{"one":"46","id":"119","type":"action","two":"","text":"ensureSelectedOne(widget,prim)"},"83":{"one":"64","id":"83","type":"action","text":"prim = freeToVisualItem(\n    widget,\n    selected[0]\n)","two":""},"65":{"flag1":0,"id":"65","type":"question","text":"isSelected(widget, prim.id)","one":"66","two":"79"},"15":{"flag1":0,"id":"15","type":"question","two":"42","one":"51","text":"node.type == \"junction\""},"93":{"one":"118","id":"93","type":"case","two":"110","text":"\"down\""},"94":{"one":"109","id":"94","type":"case","text":"\"parceiling\"","two":"93"},"46":{"type":"action","id":"46","one":"116","text":"menu = []"},"84":{"one":"85","id":"84","type":"case","text":"\"connection\"","two":"88"},"26":{"type":"action","text":"menu = buildBlockMenu(widget)","one":"116","id":"26"},"95":{"type":"select","text":"edge.role","one":"94","id":"95"},"96":{"type":"action","id":"96","one":"116","text":"menu = buildDownEdgeMenu(widget, edge)"},"88":{"one":"91","id":"88","type":"case","text":"\"handle\"","two":"68"},"116":{"type":"action","id":"116","one":"1","text":"return menu"},"86":{"type":"action","id":"86","one":"87","text":"selectPrim(widget, prim.id)"},"57":{"type":"action","text":"menu = buildBlockMenu(widget)","one":"116","id":"57"},"87":{"type":"action","text":"menu = buildConnectionMenu(widget, prim)","one":"116","id":"87"},"68":{"type":"case","two":null,"one":"114","id":"68"},"49":{"type":"action","id":"49","one":"116","text":"menu = buildParCeilMenu(widget, edge)"},"79":{"one":"80","id":"79","type":"action","two":"","text":"selected = getSelectedFree(widget)"},"105":{"one":"103","id":"105","type":"action","two":"","text":"selectPrim(widget, prim.id)"},"114":{"type":"action","text":"menu = []","one":"116","id":"114"},"115":{"type":"action","text":"underlying = getPrimById(widget, prim.id)","one":"113","id":"115"},"103":{"type":"action","id":"103","one":"116","text":"menu = buildCeilEdgeMenu(widget, edge)"},"112":{"type":"action","id":"112","one":"116","text":"menu = buildMindEdgeMenu(widget, edge)"},"98":{"flag1":0,"id":"98","type":"question","two":"100","one":"27","text":"isMind(widget)"},"109":{"one":"49","id":"109","type":"action","text":"selectPrim(widget, prim.id)","two":""},"42":{"flag1":1,"id":"42","type":"question","two":"71","one":"52","text":"node.subtype === \"parbegin\""},"13":{"flag1":0,"id":"13","type":"question","text":"node.type == \"end\"","one":"15","two":"73"},"27":{"type":"action","text":"menu = buildMenuByType(\n    widget,\n    prim,\n    node\n)","one":"116","id":"27"},"111":{"one":"112","id":"111","type":"action","text":"selectPrim(widget, prim.id)","two":""},"118":{"one":"96","id":"118","type":"action","two":"","text":"ensureSelectedOne(widget,prim)"},"102":{"one":"105","id":"102","type":"case","two":"106","text":"\"ceil\""},"108":{"type":"action","text":"menu = buildSelectCeilEdgeMenu(\n    widget,\n    edge\n)","one":"116","id":"108"},"100":{"type":"action","text":"menu = buildMenuByTypeMind(\n    widget,\n    prim,\n    node\n)","one":"116","id":"100"},"113":{"type":"action","id":"113","one":"116","text":"menu = buildContextMenuForPrim(\n    widget,\n    underlying,\n    evt\n)"},"6":{"flag1":1,"id":"6","type":"question","two":"8","one":"63","text":"prim"},"60":{"one":"65","id":"60","type":"case","text":"\"free\"","two":"82"},"1":{"type":"end","id":"1"},"64":{"type":"action","text":"menu = buildFreeMenu(widget, prim)","one":"116","id":"64"},"106":{"one":"107","id":"106","type":"case","text":"\"selectceil\"","two":"92"},"73":{"type":"action","id":"73","one":"74","text":"menu = []"},"63":{"type":"select","text":"prim.elType","one":"62","id":"63"},"82":{"one":"79","id":"82","type":"case","text":"\"nugget\"","two":"84"},"85":{"flag1":0,"id":"85","type":"question","two":"87","one":"86","text":"isSelected(widget, prim.id)"},"81":{"one":"116","id":"81","type":"action","two":"","text":"menu = buildBlockMenu(widget)"},"74":{"one":"72","id":"74","type":"action","two":"","text":"selectPrim(widget, prim.id)"},"107":{"one":"108","id":"107","type":"action","two":"","text":"selectPrim(widget, prim.id)"},"2":{"branchId":0,"one":"5","id":"2","type":"branch","text":""},"90":{"type":"action","text":"menu = prim.makeContextMenu()","one":"116","id":"90"},"66":{"type":"action","text":"selectPrim(widget, prim.id)","one":"64","id":"66"},"8":{"type":"action","id":"8","one":"116","text":"menu = buildBackgroundMenu(\n    widget,\n    evt.clientX,\n    evt.clientY\n)"}},"updated_by":"stipan","version":20180619,"type":"drakon","language":"LANG_S42","name":"buildContextMenuForPrim","when_updated":1687250919.4329}