{"keywords":{"scenario":false,"async":false,"export":false,"function":true,"algoprop":false},"tag":"480550861","params":"widget\nscrollX\nscrollY","when_created":1658142089.0953,"parent_id":"befd80d4","props":[],"when_updated":1677511293.2571,"items":{"8":{"type":"action","text":"scrollLeft = (scrollX - visuals.box.left)\n* zoom","one":"9","id":"8"},"1":{"type":"end","id":"1"},"21":{"type":"action","text":"scroll.scrollTop = scrollTop","one":"11","id":"21"},"24":{"flag1":1,"id":"24","type":"question","two":"26","one":"25","text":"scroll.scrollTop ===\noldTop"},"6":{"type":"action","id":"6","one":"8","text":"zoom = widget.zoomFactor"},"11":{"flag1":1,"id":"11","type":"question","text":"scroll.scrollLeft ===\noldLeft","one":"24","two":"26"},"9":{"type":"action","text":"scrollTop = (scrollY - visuals.box.top) *\nzoom","one":"19","id":"9"},"5":{"type":"action","id":"5","one":"6","text":"visuals = widget.visuals\nscroll = widget.scrollableContainer"},"26":{"type":"action","id":"26","one":"1","text":"return true"},"2":{"type":"branch","branchId":0,"one":"5","id":"2"},"25":{"type":"action","text":"return false","one":"1","id":"25"},"19":{"type":"action","text":"oldLeft = scroll.scrollLeft\noldTop = scroll.scrollTop","one":"20","id":"19"},"20":{"type":"action","text":"scroll.scrollLeft = scrollLeft","one":"21","id":"20"}},"type":"drakon","language":"LANG_S42","updated_by":"stipan","version":20180619,"name":"copyScrollToScrollable","created_by":"stipan"}