{"keywords":{"scenario":false,"async":false,"export":false,"function":true,"algoprop":false},"tag":"57817734","params":"widget\nscrollX\nscrollY","when_created":1658142089.0953,"parent_id":"befd80d4","props":[],"when_updated":1671178142.0429,"items":{"4":{"type":"action","text":"widget.scrollableContainer.scrollLeft = (\n    scrollX - visuals.box.left\n) * zoom\nwidget.scrollableContainer.scrollTop = (\n    scrollY - visuals.box.top\n) * zoom","one":"1","id":"4"},"1":{"type":"end","id":"1"},"5":{"type":"action","text":"visuals = widget.visuals","one":"6","id":"5"},"2":{"type":"branch","branchId":0,"one":"5","id":"2"},"6":{"type":"action","text":"zoom = widget.zoomFactor","one":"4","id":"6"}},"type":"drakon","language":"LANG_S42","updated_by":"stipan","version":20180619,"name":"copyScrollToScrollable","created_by":"stipan"}