{"keywords":{"scenario":false,"async":false,"export":false,"function":true,"algoprop":false},"tag":"436221662","params":"visuals","when_created":1657706665.2135,"parent_id":"794efc2c","props":[],"when_updated":1675151046.4937,"items":{"4":{"branchId":3,"one":"1","id":"4","type":"branch","text":"Exit"},"8":{"type":"action","id":"8","one":"9","text":"below = getDown(lastBranch)"},"1":{"type":"end","id":"1"},"5":{"branchId":2,"one":"10","id":"5","type":"branch","text":"Move up"},"9":{"type":"action","id":"9","one":"7","text":"distance = below.level.coord - lastBranch\n.level.coord - below.h - lastBranch.h - metre"},"6":{"flag1":1,"id":"6","type":"question","two":"4","one":"3","text":"visuals.end"},"11":{"type":"loopend","text":"","one":"4","id":"11"},"12":{"type":"loopbegin","text":"level; levels","one":"13","id":"12"},"3":{"type":"action","text":"lastBranch = getNode(\n    visuals,\n    utils.last(visuals.branches)\n)","one":"8","id":"3"},"7":{"flag1":1,"id":"7","type":"question","two":"4","one":"5","text":"distance > 0"},"2":{"branchId":1,"one":"14","id":"2","type":"branch","text":"Calculate distance"},"10":{"type":"action","text":"levels = collectLevels(\n    visuals,\n    lastBranch\n)","one":"12","id":"10"},"13":{"type":"action","id":"13","one":"11","text":"level.coord -= distance"},"14":{"type":"action","id":"14","one":"6","text":"metre = visuals.config.metre"}},"updated_by":"stipan","created_by":"stipan","type":"drakon","version":20180619,"name":"moveEndUp","language":"LANG_S42"}