{"version":20180619,"tag":"780932262","params":"visuals\ntype\naction","when_created":1657640499.1961,"parent_id":"befd80d4","props":[],"when_updated":1657959328.8358,"items":{"8":{"type":"loopbegin","text":"nodeId; nodes","one":"10","id":"8"},"3":{"type":"action","text":"nodes = getCreateList(\n    visuals.byType,\n    type\n)","one":"8","id":"3"},"7":{"type":"loopend","id":"7","one":"1","text":""},"2":{"type":"branch","branchId":0,"one":"3","id":"2"},"9":{"type":"action","id":"9","one":"7","text":"action(visuals, node)"},"10":{"type":"action","id":"10","one":"9","text":"node = visuals.nodes[nodeId]"},"1":{"type":"end","id":"1"}},"type":"drakon","keywords":{"scenario":false,"async":false,"export":false,"function":true,"algoprop":false},"updated_by":"stipan","language":"LANG_S42","name":"forType","created_by":"stipan"}