{"keywords":{"scenario":false,"async":false,"export":true,"function":true,"algoprop":false},"tag":"16751461900083","params":"","when_created":1660029596.0138,"parent_id":"73128943","props":[],"items":{"2":{"type":"branch","branchId":0,"one":"3","id":"2"},"4":{"type":"action","text":"return date.getTime()","one":"1","id":"4"},"1":{"type":"end","id":"1"},"3":{"type":"action","id":"3","one":"4","text":"date = new Date()"}},"created_by":"stipan","version":20180619,"type":"drakon","updated_by":"stipan","name":"getNowMs","when_updated":1675146190.0084}