{"version":20180619,"tag":"129534728","params":"widget\nnode\ny\nctx","when_created":1671016208.0767,"parent_id":"f46b657d","props":[],"created_by":"stipan","items":{"4":{"type":"action","text":"handle.widget = widget\nhandle.element = node\nhandle.side = \"left\"\nhandle.x = node.x - node.w\nhandle.y = y\nhandle.id = node.id","one":"6","id":"4"},"1":{"type":"end","id":"1"},"9":{"type":"action","text":"createHandle(widget.visuals, handle, ctx)","one":"1","id":"9"},"6":{"type":"action","id":"6","one":"12","text":"handle.minX = node.x - big\nhandle.maxX = node.x - config.minWidth \/\n2"},"12":{"type":"action","id":"12","one":"9","text":"handle.primId = \"left-drakon-\" + node.id\n+ \"-\" + y"},"3":{"type":"action","id":"3","one":"10","text":"config = widget.visuals.config"},"7":{"type":"action","id":"7","one":"3","text":"big = 500"},"2":{"type":"branch","branchId":0,"one":"7","id":"2"},"10":{"type":"action","text":"handle = LeftDrakonResizeHandle()","one":"4","id":"10"}},"type":"drakon","keywords":{"scenario":false,"async":false,"export":false,"function":true,"algoprop":false},"updated_by":"stipan","when_updated":1673006783.9226,"name":"createLeftDrakonResizeHandle","language":"LANG_S42"}