{"keywords":{"scenario":false,"async":false,"export":false,"function":true,"algoprop":false},"tag":"631383248","params":"widget","when_created":1673507917.1689,"parent_id":"b3d6c272","props":[],"when_updated":1673607073.856,"items":{"4":{"type":"action","text":"nodes = selectedNodes.filter(\n    function (node) {\n        return isMindIcon(widget, node)\n    }\n)","one":"5","id":"4"},"40":{"flag1":1,"id":"40","type":"question","two":"8","one":"52","text":"node.children.length === 0"},"31":{"one":"32","id":"31","type":"action","two":"","text":"after = createSocket(\n    visuals,\n    sib.after.x,\n    sib.after.y,\n    \"insert\",\n    \"mind-after\",\n    radius\n)"},"5":{"flag1":1,"id":"5","type":"question","text":"nodes.length === 1","one":"6","two":"55"},"41":{"one":"42","id":"41","type":"action","two":"","text":"child = createSocket(\n    visuals,\n    cpos.x,\n    cpos.y,\n    \"insert\",\n    \"mind-child\",\n    radius\n)"},"38":{"flag1":1,"id":"38","type":"question","two":"7","one":"53","text":"node.parent"},"32":{"one":"7","id":"32","type":"action","two":"","text":"after.node = node\nafter.iconType = \"idea\""},"28":{"flag1":0,"id":"28","type":"question","text":"isReadonly(widget)","one":"36","two":"7"},"7":{"branchId":5,"one":"1","id":"7","type":"branch","text":"Exit"},"39":{"branchId":2,"one":"40","id":"39","type":"branch","text":"Child socket"},"29":{"one":"30","id":"29","type":"action","text":"before = createSocket(\n    visuals,\n    sib.before.x,\n    sib.before.y,\n    \"insert\",\n    \"mind-before\",\n    radius\n)","two":""},"53":{"type":"action","text":"sib = getMindSiblingSocketPos(r2, node)","one":"16","id":"53"},"8":{"branchId":3,"one":"38","id":"8","type":"branch","text":"Sibling sockets"},"1":{"type":"end","id":"1"},"55":{"type":"action","id":"55","one":"7","text":"clearSockets(visuals)"},"42":{"one":"8","id":"42","type":"action","text":"child.node = node\nchild.iconType = \"idea\"","two":""},"6":{"type":"action","id":"6","one":"39","text":"node = nodes[0]"},"16":{"branchId":4,"one":"29","id":"16","type":"branch","text":"Create sockets - before and after"},"52":{"type":"action","id":"52","one":"41","text":"cpos = getMindChildSocketPos(r2, node)"},"25":{"type":"action","text":"radius = config.socketTouchRadius","one":"54","id":"25"},"51":{"flag1":1,"id":"51","type":"question","two":"7","one":"28","text":"isMind(widget)"},"3":{"type":"action","text":"selectedNodes = getNodesFromSelection(\n    widget\n)","one":"4","id":"3"},"54":{"type":"action","id":"54","one":"3","text":"r2 = radius * 1.5"},"36":{"type":"action","id":"36","one":"20","text":"visuals = widget.visuals"},"2":{"branchId":1,"one":"51","id":"2","type":"branch","text":"Get selected mind nodes"},"30":{"one":"31","id":"30","type":"action","two":"","text":"before.node = node\nbefore.iconType = \"idea\""},"20":{"type":"action","text":"config = widget.visuals.config","one":"25","id":"20"}},"version":20180619,"type":"drakon","updated_by":"stipan","created_by":"stipan","name":"createMindSockets","language":"LANG_S42"}