{"keywords":{"scenario":false,"async":false,"export":true,"function":true,"algoprop":false},"tag":"16751627734701","params":"left\nright","when_created":1675162768.9976,"parent_id":"73128943","props":[],"items":{"2":{"type":"branch","branchId":0,"one":"4","id":"2"},"1":{"type":"end","id":"1"},"4":{"type":"action","text":"return left.filter(\n    function (item) {\n        return right.indexOf(item) === -1\n    }\n)","one":"1","id":"4"}},"created_by":"stipan","version":20180619,"updated_by":"stipan","type":"drakon","name":"subtractArrays","when_updated":1675162773.4702}