{"version":20180619,"tag":"153004102","params":"widget\npos","when_created":1666978190.9183,"parent_id":"c7c5feee","props":[],"language":"LANG_S42","items":{"4":{"type":"loopend","text":"","one":"3","id":"4"},"8":{"type":"action","text":"free = visuals.free","one":"14","id":"8"},"1":{"type":"end","id":"1"},"5":{"type":"loopbegin","text":"i = free.length - 1; i >= 0; i--","one":"12","id":"5"},"15":{"flag1":0,"id":"15","type":"question","two":"16","one":"4","text":"connection"},"16":{"type":"action","id":"16","one":"1","text":"return connection"},"11":{"flag1":0,"id":"11","type":"question","text":"hitFreeElement(widget, element, pos)","one":"13","two":"7"},"12":{"type":"action","id":"12","one":"11","text":"element = free[i]"},"3":{"type":"action","id":"3","one":"1","text":"return undefined"},"7":{"type":"action","id":"7","one":"1","text":"return element"},"2":{"type":"branch","branchId":0,"one":"10","id":"2"},"10":{"type":"action","id":"10","one":"8","text":"visuals = widget.visuals"},"13":{"type":"action","text":"connection = performOnConnections(\n    visuals,\n    element.id,\n    visited,\n    function (conn) {\n        return hitConnection(conn, pos)\n    }\n)","one":"15","id":"13"},"14":{"type":"action","id":"14","one":"5","text":"visited = {}"}},"keywords":{"scenario":false,"async":false,"export":false,"function":true,"algoprop":false},"updated_by":"stipan","type":"drakon","created_by":"stipan","name":"findFree","when_updated":1672731074.7822}