{"version":20180619,"tag":"905395504","params":"widget","when_created":1665134038.2688,"parent_id":"e674bf58","props":[],"when_updated":1673633973.6306,"items":{"4":{"type":"case","one":"18","id":"4"},"10":{"type":"action","text":"return copyManyItems(widget, nodes)","one":"1","id":"10"},"5":{"one":"16","id":"5","type":"case","two":"4","text":"1"},"12":{"flag1":0,"id":"12","type":"question","text":"elements.length === 0","one":"14","two":"13"},"7":{"type":"select","text":"nodes.length","one":"6","id":"7"},"18":{"flag1":0,"id":"18","type":"question","two":"19","one":"10","text":"isMind(widget)"},"13":{"type":"action","id":"13","one":"1","text":"return undefined"},"14":{"type":"action","text":"return copyFree(widget, elements)","one":"1","id":"14"},"1":{"type":"end","id":"1"},"9":{"type":"action","text":"return copyOneItem(widget, nodes[0])","one":"1","id":"9"},"15":{"type":"action","text":"elements = getSelectedFree(widget)","one":"12","id":"15"},"16":{"flag1":0,"id":"16","type":"question","text":"isMind(widget)","one":"9","two":"20"},"6":{"one":"15","id":"6","type":"case","text":"0","two":"5"},"3":{"type":"action","id":"3","one":"7","text":"nodes = getNodesFromSelection(widget)"},"17":{"type":"action","text":"return copyMind(widget, all)","one":"1","id":"17"},"2":{"type":"branch","branchId":0,"one":"3","id":"2"},"21":{"type":"action","id":"21","one":"17","text":"getMindSubtree(nodes[0], all)"},"19":{"type":"action","id":"19","one":"1","text":"return copyMind(widget, nodes)"},"20":{"type":"action","text":"all = []","one":"21","id":"20"}},"keywords":{"scenario":false,"async":false,"export":false,"function":true,"algoprop":false},"updated_by":"stipan","type":"drakon","language":"LANG_S42","name":"copyCore","created_by":"stipan"}