{"version":20180619,"tag":"669360599","params":"visuals\nmodel","when_created":1673336405.299,"parent_id":"befd80d4","props":[],"created_by":"stipan","items":{"10":{"flag1":0,"id":"10","type":"question","text":"headerItem","one":"7","two":"11"},"21":{"one":"24","id":"21","type":"action","two":"","text":"params = nodeFromItem(\n    visuals,\n    paramsItem\n)"},"22":{"one":"15","id":"22","type":"action","text":"flowIcon(visuals, params)","two":""},"11":{"one":"12","id":"11","type":"action","text":"header = nodeFromItem(\n    visuals,\n    headerItem\n)","two":""},"23":{"type":"action","id":"23","one":"9","text":"headerContent = model.doc.name"},"7":{"one":"8","id":"7","type":"action","two":"","text":"header = createNode(\n    visuals,\n    undefined,\n    \"header\",\n    headerContent,\n    \"header\"\n)"},"18":{"flag1":0,"id":"18","type":"question","text":"paramsItem","one":"16","two":"21"},"13":{"branchId":3,"one":"1","id":"13","type":"branch","text":"Exit"},"14":{"branchId":2,"one":"19","id":"14","type":"branch","text":"Params"},"8":{"one":"14","id":"8","type":"action","two":"","text":"flowIcon(visuals, visuals.header)"},"1":{"type":"end","id":"1"},"24":{"one":"22","id":"24","type":"action","two":"","text":"params.content = paramsContent"},"15":{"one":"13","id":"15","type":"action","text":"visuals.params = params","two":""},"16":{"type":"action","text":"params = createNode(\n    visuals,\n    undefined,\n    \"params\",\n    paramsContent,\n    \"params\"\n)","one":"22","id":"16"},"9":{"one":"10","id":"9","type":"action","text":"headerItem = model.items[\"header\"]","two":""},"17":{"one":"18","id":"17","type":"action","text":"paramsItem = model.items[\"params\"]","two":""},"2":{"branchId":1,"one":"23","id":"2","type":"branch","text":"Header"},"19":{"type":"action","id":"19","one":"20","text":"paramsContent = model.doc.params"},"12":{"one":"8","id":"12","type":"action","two":"","text":"header.content = headerContent"},"20":{"flag1":1,"id":"20","type":"question","two":"13","one":"17","text":"paramsContent"}},"type":"drakon","keywords":{"scenario":false,"async":false,"export":false,"function":true,"algoprop":false},"updated_by":"stipan","language":"LANG_S42","name":"buildDrakonHeader","when_updated":1673418913.8874}