{"version":20180619,"tag":"950846441","params":"visuals\nid\nitem","when_created":1666945816.7635,"parent_id":"c7c5feee","props":[],"language":"LANG_S42","items":{"4":{"type":"action","text":"Object.assign(element, item)","one":"5","id":"4"},"8":{"type":"action","text":"parseStyle(item, element)","one":"9","id":"8"},"10":{"type":"action","id":"10","one":"6","text":"incrementImageRefCount(\n    visuals,\n    element.image\n)"},"5":{"type":"action","text":"element.id = id","one":"8","id":"5"},"9":{"type":"action","text":"parseCoords(item, element)","one":"7","id":"9"},"6":{"type":"action","id":"6","one":"1","text":"return element"},"3":{"type":"action","text":"element = {}","one":"4","id":"3"},"7":{"type":"action","text":"visuals.free.push(element)","one":"10","id":"7"},"2":{"type":"branch","branchId":0,"one":"3","id":"2"},"1":{"type":"end","id":"1"}},"keywords":{"scenario":false,"async":false,"export":false,"function":true,"algoprop":false},"updated_by":"stipan","type":"drakon","when_updated":1676219147.6019,"name":"freeFromItem","created_by":"stipan"}