{"version":20180619,"tag":"433569877","params":"visuals\nears\nctx","when_created":1672826775.8765,"parent_id":"2ffccec2","props":[],"language":"LANG_S42","items":{"4":{"one":"5","id":"4","type":"action","two":"","text":"lines = visuals.config.theme.lines"},"8":{"type":"action","text":"coords = buildConnectionLineCoords(\n    ears.element,\n    ears.lineTarget,\n    role\n)","one":"11","id":"8"},"1":{"type":"end","id":"1"},"5":{"one":"9","id":"5","type":"action","two":"","text":"lineWidth = visuals.config.theme.lineWidth"},"9":{"type":"action","id":"9","one":"8","text":"role = getEarRole(ears)"},"6":{"flag1":1,"id":"6","type":"question","two":"1","one":"4","text":"ears.lineTarget"},"11":{"flag1":0,"id":"11","type":"question","text":"coords.length === 0","one":"10","two":"1"},"2":{"type":"branch","branchId":0,"one":"6","id":"2"},"10":{"type":"action","text":"multiline(\n    visuals.config,\n    ctx,\n    coords,\n    lines,\n    lineWidth,\n    undefined,\n    undefined,\n    undefined\n)","one":"1","id":"10"}},"keywords":{"scenario":false,"async":false,"export":false,"function":true,"algoprop":false},"type":"drakon","updated_by":"stipan","when_updated":1672832139.0197,"name":"drawEarsLine","created_by":"stipan"}