{"keywords":{"scenario":false,"async":false,"export":false,"function":true,"algoprop":false},"tag":"755741668","params":"ctx\nleftX\nrightX\ncy\nfill\nborder\nconfig","when_created":1664792916.8225,"parent_id":"41f1c7b9","props":[],"when_updated":1664793638.2277,"items":{"4":{"type":"action","text":"ctx.arc(\n    leftX + config.socketRadius,\n    cy,\n    config.socketRadius,\n    Math.PI \/ 2,\n    Math.PI * 3 \/ 2,\n    false\n);","one":"7","id":"4"},"8":{"type":"action","text":"ctx.lineTo(\n    leftX + config.socketRadius,\n    cy + config.socketRadius\n)","one":"3","id":"8"},"1":{"type":"end","id":"1"},"5":{"type":"action","text":"ctx.beginPath()","one":"4","id":"5"},"9":{"branchId":3,"one":"1","id":"9","type":"branch","text":"Exit"},"6":{"type":"action","text":"ctx.arc(\n    rightX - config.socketRadius,\n    cy,\n    config.socketRadius,\n    Math.PI * 3 \/ 2,\n    Math.PI \/ 2,\n    false\n);","one":"8","id":"6"},"11":{"type":"action","id":"11","one":"9","text":"drawCross(\n    ctx,\n    cx,\n    cy,\n    config.socketRadius \/ 2,\n    2,\n    border\n)"},"12":{"type":"action","text":"cx = (leftX + rightX) \/ 2","one":"11","id":"12"},"3":{"type":"action","text":"ctx.fillStyle = fill;\nctx.fill();\nctx.lineWidth = 2;\nctx.strokeStyle = border;\nctx.stroke();","one":"10","id":"3"},"7":{"type":"action","id":"7","one":"6","text":"ctx.lineTo(\n    rightX - config.socketRadius,\n    cy - config.socketRadius\n)"},"2":{"branchId":1,"one":"5","id":"2","type":"branch","text":"Ellipse"},"10":{"branchId":2,"one":"12","id":"10","type":"branch","text":"Cross"}},"version":20180619,"type":"drakon","updated_by":"stipan","created_by":"stipan","name":"drawHorizontalSocket","language":"LANG_S42"}