{"version":20180619,"tag":"176955708","params":"visuals\nnode\nctx","when_created":1657734106.3274,"parent_id":"4ee6bb37","props":[],"language":"LANG_S42","items":{"11":{"type":"action","text":"padding = visuals.config.metre","one":"17","id":"11"},"1":{"type":"end","id":"1"},"17":{"type":"action","id":"17","one":"15","text":"renderDrakonIconShape(\n    ctx,\n    visuals,\n    node,\n    buildDurationCoords,\n    padding\n)"},"2":{"type":"branch","branchId":0,"one":"11","id":"2"},"15":{"one":"1","id":"15","type":"action","text":"centerContent(visuals, node, ctx)","two":""}},"updated_by":"stipan","keywords":{"scenario":false,"async":false,"export":false,"function":true,"algoprop":false},"type":"drakon","when_updated":1672563517.5007,"name":"renderDuration","created_by":"stipan"}