{"version":20180619,"tag":"391562488","params":"widget\nprim\npos\nevt","when_created":1687273778.9741,"parent_id":"b0881e64","props":[],"created_by":"stipan","items":{"4":{"flag1":1,"id":"4","type":"question","two":"1","one":"13","text":"prim"},"8":{"one":"1","id":"8","type":"action","text":"startEditSecondary(widget, prim)","two":""},"1":{"type":"end","id":"1"},"5":{"one":"1","id":"5","type":"action","text":"startEditContent(widget, prim)","two":""},"9":{"one":"1","id":"9","type":"action","text":"startEditContent(widget, prim)","two":""},"15":{"type":"case","id":"15","one":"1","two":""},"7":{"flag1":0,"id":"7","type":"question","two":"8","one":"5","text":"clickedOnTop(widget, prim, pos)"},"6":{"one":"7","id":"6","type":"action","text":"evt.stopPropagation()\nevt.preventDefault()","two":""},"11":{"one":"9","id":"11","type":"case","two":"10","text":"\"free\""},"12":{"one":"18","id":"12","type":"case","two":"11","text":"\"node\""},"2":{"type":"branch","branchId":0,"one":"17","id":"2"},"17":{"type":"action","text":"tracing.trace(\"double click\", prim)","one":"4","id":"17"},"18":{"flag1":1,"id":"18","type":"question","two":"7","one":"6","text":"evt.stopPropagation"},"10":{"one":"14","id":"10","type":"case","text":"\"handle\"","two":"15"},"13":{"one":"12","id":"13","type":"select","text":"prim.elType","two":""},"14":{"one":"1","id":"14","type":"action","text":"doubleClickHandle(widget, prim)","two":""}},"type":"drakon","keywords":{"scenario":false,"async":false,"export":false,"function":true,"algoprop":false},"updated_by":"stipan","when_updated":1687274066.3947,"name":"doubleClick","language":"LANG_S42"}