{"version":20180619,"tag":"328830178","params":"visuals\nelement","when_created":1673013787.0585,"parent_id":"6c6f2843","props":[],"items":{"4":{"one":"7","id":"4","type":"action","two":"","text":"lineWidth = getThemeValue(\n    config,\n    element,\n    \"lineWidth\"\n)"},"8":{"flag1":0,"id":"8","type":"question","text":"visuals.highlight === element.id","one":"4","two":"10"},"1":{"type":"end","id":"1"},"5":{"one":"8","id":"5","type":"action","text":"config = visuals.config","two":""},"2":{"type":"branch","branchId":0,"one":"5","id":"2"},"7":{"one":"1","id":"7","type":"action","text":"return lineWidth","two":""},"10":{"one":"7","id":"10","type":"action","text":"lineWidth = 2","two":""}},"when_updated":1673013848.3738,"keywords":{"scenario":false,"async":false,"export":false,"function":true,"algoprop":false},"updated_by":"stipan","type":"drakon","name":"getLineWidth","created_by":"stipan"}