{"keywords":{"scenario":false,"async":false,"export":false,"function":true,"algoprop":false},"tag":"42157227","params":"stack\nnode1\nnode2","when_created":1657620854.819,"parent_id":"82d2ccaf","props":[],"language":"LANG_S42","items":{"4":{"flag1":0,"id":"4","type":"question","two":"5","one":"6","text":"isBackLink(node1, node2)"},"8":{"flag1":0,"id":"8","type":"question","text":"node1.subtype === \"parbegin\"","one":"14","two":"9"},"1":{"type":"end","id":"1"},"5":{"type":"action","text":"step.back = true","one":"6","id":"5"},"9":{"type":"action","text":"parallelStack = node1.parallelStack.slice()","one":"10","id":"9"},"6":{"type":"action","text":"stack.push(step)","one":"7","id":"6"},"11":{"flag1":0,"id":"11","type":"question","text":"node2.subtype === \"parend\"","one":"4","two":"13"},"12":{"type":"action","id":"12","one":"11","text":"node2.parallelStack = parallelStack"},"3":{"type":"action","text":"step = {\n    node1: node1,\n    node2: node2,\n    down: true,\n    back: false\n}","one":"8","id":"3"},"7":{"type":"action","id":"7","one":"1","text":"return step"},"2":{"type":"branch","branchId":0,"one":"3","id":"2"},"10":{"type":"action","id":"10","one":"12","text":"parallelStack.push(node1.id)"},"13":{"type":"action","id":"13","one":"4","text":"node2.parallelStack.pop()"},"14":{"type":"action","id":"14","one":"11","text":"node2.parallelStack = node1.parallelStack\n.slice()"}},"type":"drakon","version":20180619,"updated_by":"stipan","created_by":"stipan","name":"planStep","when_updated":1666551733.7402}