{"version":20180619,"tag":"690306018","params":"visuals\nnode\nop","when_created":1666585589.921,"parent_id":"41f1c7b9","props":[],"language":"LANG_S42","items":{"11":{"type":"action","text":"showInsertParSocket(visuals, node, op)","one":"1","id":"11"},"8":{"flag1":0,"id":"8","type":"question","two":"9","one":"7","text":"isFirstPar(node)"},"1":{"type":"end","id":"1"},"7":{"flag1":0,"id":"7","type":"question","two":"10","one":"11","text":"isLastPar(node)"},"2":{"branchId":0,"one":"4","id":"2","type":"branch","text":""},"9":{"type":"action","text":"showInsertParBeforeFirst(\n    visuals,\n    node,\n    op\n)","one":"7","id":"9"},"4":{"flag1":1,"id":"4","type":"question","two":"1","one":"8","text":"node.subtype === \"parbegin\""},"10":{"type":"action","id":"10","one":"1","text":"showInsertParAfterLast(visuals, node, op)"}},"updated_by":"stipan","keywords":{"scenario":false,"async":false,"export":false,"function":true,"algoprop":false},"type":"drakon","when_updated":1666586613.5002,"name":"showParSockets","created_by":"stipan"}