{"version":20180619,"tag":"934656201","params":"visuals\nnode","when_created":1666789074.5648,"parent_id":"2de72742","props":[],"language":"LANG_S42","items":{"4":{"flag1":1,"id":"4","type":"question","text":"core.getSecondaryHeight","one":"7","two":"5"},"8":{"type":"action","id":"8","one":"4","text":"core = node.core"},"1":{"type":"end","id":"1"},"5":{"type":"action","id":"5","one":"1","text":"return getSecondaryHeightDefault(\n    visuals,\n    node\n)"},"2":{"type":"branch","branchId":0,"one":"8","id":"2"},"7":{"type":"action","id":"7","one":"1","text":"return core.getSecondaryHeight(\n    visuals.config\n)"}},"updated_by":"stipan","keywords":{"scenario":false,"async":false,"export":false,"function":true,"algoprop":false},"type":"drakon","when_updated":1671178574.8282,"name":"getSecondaryHeightCore","created_by":"stipan"}