{"keywords":{"scenario":false,"async":false,"export":false,"function":true,"algoprop":false},"tag":"298090911","params":"pos","when_created":1672852466.316,"parent_id":"667297af","props":[],"language":"LANG_S42","items":{"2":{"type":"branch","branchId":0,"one":"4","id":"2"},"4":{"one":"3","id":"4","type":"action","two":"","text":"item = {\n    type: \"cloud\",\n    left: pos.x,\n    top: pos.y,\n    width: 200,\n    height: 100\n}"},"1":{"type":"end","id":"1"},"3":{"type":"action","text":"return item","one":"1","id":"3"}},"version":20180619,"updated_by":"stipan","type":"drakon","when_updated":1673073317.7933,"name":"create","created_by":"stipan"}