{"keywords":{"scenario":false,"async":false,"export":false,"function":true,"algoprop":false},"tag":"353475737","params":"widget\nprims","when_created":1671483549.3275,"parent_id":"b01ba575","props":[],"when_updated":1671483766.5562,"items":{"4":{"type":"loopend","id":"4","one":"8","text":""},"8":{"branchId":2,"one":"9","id":"8","type":"branch","text":"Find common"},"1":{"type":"end","id":"1"},"5":{"type":"loopbegin","text":"prim; prims","one":"6","id":"5"},"9":{"type":"action","text":"accepted = {}","one":"11","id":"9"},"15":{"type":"action","id":"15","one":"1","text":"return accepted"},"6":{"type":"action","id":"6","one":"4","text":"getAcceptedStylePropsForPrim(\n    widget,\n    prim,\n    common\n)"},"11":{"type":"loopbegin","id":"11","one":"13","text":"name, count; common"},"12":{"type":"action","id":"12","one":"10","text":"accepted[name] = true"},"3":{"type":"action","text":"common = {count: 0}","one":"5","id":"3"},"7":{"branchId":3,"one":"15","id":"7","type":"branch","text":"Exit"},"2":{"branchId":1,"one":"3","id":"2","type":"branch","text":"Scan prims"},"10":{"type":"loopend","text":"","one":"7","id":"10"},"13":{"flag1":0,"id":"13","type":"question","two":"10","one":"14","text":"name === \"count\""},"14":{"flag1":1,"id":"14","type":"question","two":"10","one":"12","text":"count === common.count"}},"version":20180619,"type":"drakon","updated_by":"stipan","created_by":"stipan","name":"getAcceptedStyleProps","language":"LANG_S42"}