{"keywords":{"scenario":false,"async":false,"export":false,"function":true,"algoprop":false},"tag":"450214102","params":"output\ninput","when_created":1657728208.4532,"parent_id":"58603641","props":[],"when_updated":1676206918.4712,"items":{"2":{"type":"branch","branchId":0,"one":"3","id":"2"},"3":{"type":"action","id":"3","one":"7","text":"defaultValues = {\n    action: contentAction,\n    idea: contentAction,\n    ridea: contentAction,\n    question: contentQuestion,\n    \"case\": contentCase,\n    select: contentSelect,\n    branch: contentBranch,\n    address: contentAddress,\n    end: contentEnd,\n    junction: contentJunction,\n    \"arrow-loop\": contentJunction,\n    header: contentHeader,\n    loopbegin: contentAction,\n    loopend: contentAction,\n    params: contentAction,\n    comment: contentComment,\n    conclusion: contentComment,\n    insertion: contentInsertion,\n    simpleinput: contentSimpleInput,\n    simpleoutput: contentSimpleOutput,\n    duration: contentDuration,\n    timer: contentDuration,\n    pause: contentDuration,\n    ctrlstart: contentDuration,\n    ctrlend: contentDuration,\n    shelf: contentShelf,\n    process: contentProcess,\n    output: contentOutput,\n    input: contentInput,\n    \"drakon-image\": contentDrImage,\n    \"graf-image\": contentDrImage\n}"},"1":{"type":"end","id":"1"},"7":{"type":"action","text":"mergeConfigs(\n    output,\n    input,\n    \"iconContent\",\n    defaultValues\n)","one":"1","id":"7"}},"updated_by":"stipan","version":20180619,"type":"drakon","created_by":"stipan","name":"initIconContent","language":"LANG_S42"}