{"version":20180619,"tag":"487830268","params":"size","when_created":1667474518.2108,"parent_id":"36bf5937","props":[],"language":"LANG_S42","items":{"4":{"flag1":0,"id":"4","type":"question","text":"isNaN(value)","one":"7","two":"6"},"1":{"type":"end","id":"1"},"5":{"type":"action","id":"5","one":"1","text":"return value"},"2":{"type":"branch","branchId":0,"one":"3","id":"2"},"6":{"type":"action","id":"6","one":"1","text":"return undefined"},"7":{"flag1":0,"id":"7","type":"question","text":"size.indexOf(\"px\") === -1","one":"5","two":"6"},"3":{"type":"action","text":"value = parseInt(size)","one":"4","id":"3"}},"updated_by":"stipan","keywords":{"scenario":false,"async":false,"export":false,"function":true,"algoprop":false},"type":"drakon","created_by":"stipan","name":"parsePxSize","when_updated":1667474610.7275}