{"version":20180619,"tag":"883230137","params":"widget","when_created":1677648010.9594,"parent_id":"22e6ec3c","props":[],"created_by":"stipan","items":{"2":{"type":"branch","branchId":0,"one":"3","id":"2"},"1":{"type":"end","id":"1"},"3":{"type":"action","id":"3","one":"1","text":"widget.visuals.mouseX = undefined\nwidget.visuals.mouseY = undefined"}},"keywords":{"scenario":false,"async":false,"export":false,"function":true,"algoprop":false},"when_updated":1677648057.1828,"updated_by":"stipan","type":"drakon","name":"clearMouseHover","language":"LANG_S42"}