{"version":20180619,"tag":"739483638","params":"parent","when_created":1673291695.6969,"parent_id":"b3d6c272","props":[],"language":"LANG_S42","items":{"4":{"branchId":3,"one":"1","id":"4","type":"branch","text":"Exit"},"8":{"type":"loopend","text":"","one":"11","id":"8"},"1":{"type":"end","id":"1"},"9":{"type":"loopbegin","text":"node; parent.children","one":"10","id":"9"},"6":{"branchId":1,"one":"7","id":"6","type":"branch","text":"Find max height"},"11":{"branchId":2,"one":"14","id":"11","type":"branch","text":"Set height"},"7":{"type":"action","text":"height = 0","one":"9","id":"7"},"10":{"type":"action","text":"height = Math.max(height, node.h)","one":"8","id":"10"},"15":{"type":"action","text":"node.h = height","one":"13","id":"15"},"13":{"type":"loopend","id":"13","one":"4","text":""},"14":{"type":"loopbegin","id":"14","one":"15","text":"node; parent.children"}},"keywords":{"scenario":false,"async":false,"export":false,"function":true,"algoprop":false},"type":"drakon","updated_by":"stipan","when_updated":1673339940.3646,"name":"setSameHeightForMindChildren","created_by":"stipan"}