{"version":20180619,"tag":"593421027","params":"widget\nid","when_created":1658298785.4075,"parent_id":"35f7b123","props":[],"created_by":"stipan","items":{"37":{"one":"38","id":"37","type":"action","text":"element = getFree(visuals, id)","two":""},"41":{"flag1":1,"id":"41","type":"question","two":"43","one":"42","text":"id in visuals.edges"},"38":{"flag1":1,"id":"38","type":"question","text":"element","one":"46","two":"39"},"42":{"one":"1","id":"42","type":"action","two":"","text":"selection.prims[id] = \"edge\""},"52":{"one":"1","id":"52","type":"action","text":"onSelectionChanged(widget, [item])","two":""},"44":{"one":"52","id":"44","type":"action","two":"","text":"item = nodeToVisualItem(widget, node)"},"43":{"one":"1","id":"43","type":"action","two":"","text":"throw new Error(\"Can't select \" + id)"},"51":{"one":"52","id":"51","type":"action","text":"item = connectionToVisualItem(\n    widget,\n    connection\n)","two":""},"45":{"one":"49","id":"45","type":"action","two":"","text":"node = getNode(visuals, id)"},"50":{"one":"51","id":"50","type":"action","text":"selection.prims[id] = \"connection\"","two":""},"49":{"one":"44","id":"49","type":"action","text":"selection.prims[id] = \"node\"","two":""},"15":{"type":"action","id":"15","one":"13","text":"resetSelectionCore(widget)"},"16":{"type":"action","id":"16","one":"15","text":"clearSockets(widget.visuals)"},"35":{"flag1":1,"id":"35","type":"question","text":"connection","one":"50","two":"37"},"47":{"one":"52","id":"47","type":"action","two":"","text":"item = freeToVisualItem(widget, element)"},"46":{"one":"47","id":"46","type":"action","text":"selection.prims[id] = \"free\"","two":""},"13":{"type":"action","text":"selection = widget.selection\nvisuals = widget.visuals","one":"36","id":"13"},"36":{"type":"action","id":"36","one":"35","text":"connection = getConnection(visuals, id)"},"2":{"type":"branch","branchId":0,"one":"16","id":"2"},"39":{"flag1":1,"id":"39","type":"question","text":"id in visuals.nodes","one":"40","two":"41"},"40":{"one":"45","id":"40","type":"action","text":"selection.head = id","two":""},"1":{"type":"end","id":"1"}},"type":"drakon","keywords":{"scenario":false,"async":false,"export":false,"function":true,"algoprop":false},"updated_by":"stipan","language":"LANG_S42","name":"selectPrim","when_updated":1672824399.8331}