{"version":20180619,"tag":"365586243","params":"node\noutput","when_created":1673556537.7081,"parent_id":"b3d6c272","props":[],"when_updated":1673556580.9006,"items":{"3":{"type":"action","text":"output.push(node)","one":"6","id":"3"},"5":{"type":"loopend","text":"","one":"1","id":"5"},"2":{"type":"branch","branchId":0,"one":"3","id":"2"},"6":{"type":"loopbegin","text":"child; node.children","one":"7","id":"6"},"7":{"type":"action","id":"7","one":"5","text":"getMindSubtree(child, output)"},"1":{"type":"end","id":"1"}},"type":"drakon","keywords":{"scenario":false,"async":false,"export":false,"function":true,"algoprop":false},"updated_by":"stipan","language":"LANG_S42","name":"getMindSubtree","created_by":"stipan"}