{"version":20180619,"tag":"472139139","params":"image","when_created":1675782628.0105,"parent_id":"d52a4344","props":[],"created_by":"stipan","items":{"4":{"type":"action","id":"4","one":"6","text":"imageObj.onload = me.imageLoaded"},"1":{"type":"end","id":"1"},"5":{"type":"sinput","text":"imageLoaded()","one":"7","id":"5"},"2":{"type":"branch","branchId":0,"one":"3","id":"2"},"6":{"type":"action","id":"6","one":"5","text":"imageObj.src = image.content"},"7":{"type":"action","id":"7","one":"1","text":"image.imageObj = imageObj"},"3":{"type":"action","text":"imageObj = new Image()","one":"4","id":"3"}},"type":"drakon","keywords":{"scenario":false,"async":true,"export":false,"function":true,"algoprop":false},"updated_by":"stipan","language":"LANG_S42","name":"loadImage","when_updated":1675797564.2596}