{"version":20180619,"tag":"771452395","when_created":1665840263.1947,"parent_id":"e0f4b57d","props":[],"items":{"2":{"type":"branch","branchId":0,"one":"13","id":"2"},"12":{"type":"action","id":"12","one":"1","text":"copy(self)"},"1":{"type":"end","id":"1"},"13":{"type":"action","text":"tracing.trace(\n    \"DrakonCanvas.copySelection\"\n)","one":"12","id":"13"}},"when_updated":1670314950.059,"created_by":"stipan","updated_by":"stipan","type":"drakon","name":"copySelection","language":"LANG_S42"}