{"keywords":{"scenario":false,"async":false,"export":false,"function":true,"algoprop":false},"tag":"528757655","params":"element\nframe","when_created":1672909524.7822,"parent_id":"c7c5feee","props":[],"language":"LANG_S42","items":{"4":{"type":"loopend","text":"","one":"3","id":"4"},"1":{"type":"end","id":"1"},"5":{"type":"loopbegin","id":"5","one":"6","text":"box; element.boxes"},"2":{"type":"branch","branchId":0,"one":"5","id":"2"},"6":{"flag1":0,"id":"6","type":"question","text":"boxesIntersect(box, frame)","one":"4","two":"7"},"7":{"type":"action","text":"return true","one":"1","id":"7"},"3":{"type":"action","id":"3","one":"1","text":"return false"}},"version":20180619,"updated_by":"stipan","type":"drakon","created_by":"stipan","name":"intersectBoxes","when_updated":1672909612.9043}