{"keywords":{"scenario":false,"async":false,"export":false,"function":true,"algoprop":false},"tag":"688581409","params":"widget","when_created":1677499144.0638,"parent_id":"befd80d4","props":[],"created_by":"stipan","items":{"11":{"one":"12","id":"11","type":"action","text":"visuals = widget.visuals","two":""},"12":{"one":"3","id":"12","type":"action","two":"","text":"zoom = widget.zoomFactor"},"1":{"type":"end","id":"1"},"2":{"type":"branch","branchId":0,"one":"11","id":"2"},"15":{"type":"action","text":"return Math.max(boxWidth, widget.width)","one":"1","id":"15"},"3":{"type":"action","text":"boxWidth = visuals.box.width * zoom","one":"15","id":"3"}},"version":20180619,"type":"drakon","updated_by":"stipan","when_updated":1677499344.4016,"name":"calculateScrollableWidth","language":"LANG_S42"}