{"keywords":{"scenario":false,"async":false,"export":false,"function":true,"algoprop":false},"tag":"260426443","params":"itemId\ncontent","when_created":1660201999.894,"parent_id":"e0f4b57d","props":[],"when_updated":1675154085.7601,"items":{"4":{"type":"case","one":"12","id":"4"},"37":{"type":"action","id":"37","one":"20","text":"tracing.trace(\n    \"DrakonCanvas.setContent\",\n    itemId\n)"},"5":{"one":"13","id":"5","type":"case","text":"\"params\"","two":"4"},"41":{"one":"14","id":"41","type":"case","two":"5","text":"\"root\""},"38":{"one":"42","id":"38","type":"action","two":"","text":"changesToSave = self.edit.updateDocument(\n    [change]\n)"},"12":{"one":"39","id":"12","type":"action","text":"change = {\n    id: itemId,\n    fields: {content: content},\n    op: \"update\"\n}","two":""},"7":{"type":"select","id":"7","one":"6","text":"itemId"},"42":{"type":"action","id":"42","one":"36","text":"self.edit.save(changesToSave)"},"13":{"one":"40","id":"13","type":"action","two":"","text":"change = {\n    fields: {params: content},\n    op: \"update\"\n}"},"14":{"one":"38","id":"14","type":"action","text":"change = {\n    fields: {name: content},\n    op: \"update\"\n}","two":""},"1":{"type":"end","id":"1"},"6":{"one":"14","id":"6","type":"case","two":"41","text":"\"header\""},"35":{"type":"action","text":"return doEdit(self, [change])","one":"1","id":"35"},"40":{"flag1":0,"id":"40","type":"question","text":"content","one":"35","two":"39"},"36":{"type":"action","id":"36","one":"1","text":"return []"},"2":{"type":"branch","branchId":0,"one":"37","id":"2"},"39":{"type":"action","id":"39","one":"1","text":"return updateAndKeepSelection(\n    self,\n    [change]\n)"},"20":{"type":"action","id":"20","one":"7","text":"checkNotReadonly(self)"}},"type":"drakon","version":20180619,"updated_by":"stipan","created_by":"stipan","name":"setContent","language":"LANG_S42"}