{"keywords":{"scenario":false,"async":false,"export":false,"function":true,"algoprop":false},"tag":"931658250","params":"widget\nsocket\nimages","when_created":1665135663.1616,"parent_id":"e674bf58","props":[],"language":"LANG_S42","items":{"70":{"type":"action","text":"edits = mindBeforeInsert(\n    widget,\n    socket,\n    payload\n)","one":"36","id":"70"},"40":{"one":"44","id":"40","type":"case","two":"39","text":"\"block\""},"5":{"type":"action","id":"5","one":"6","text":"clipboard = getClipboardClone(widget)"},"41":{"one":"40","id":"41","type":"select","text":"socket.type","two":""},"50":{"one":"36","id":"50","type":"action","text":"","two":""},"61":{"flag1":0,"id":"61","type":"question","text":"ctype === \"mind\"","one":"37","two":"63"},"62":{"type":"action","id":"62","one":"1","text":"return edits"},"72":{"type":"action","text":"edits = mindChildInsert(\n    widget,\n    socket,\n    payload\n)","one":"36","id":"72"},"42":{"one":"48","id":"42","type":"case","text":"\"first-case\"","two":"43"},"63":{"branchId":3,"one":"67","id":"63","type":"branch","text":"Mind"},"44":{"flag1":1,"id":"44","type":"question","two":"50","one":"45","text":"socket.type === ctype"},"43":{"one":"53","id":"43","type":"case","text":"\"branch\"","two":"38"},"64":{"type":"case","one":"36","id":"64"},"53":{"flag1":1,"id":"53","type":"question","two":"36","one":"54","text":"socket.type === ctype"},"65":{"one":"71","id":"65","type":"case","two":"68","text":"\"mind-after\""},"6":{"flag1":0,"id":"6","type":"question","two":"15","one":"36","text":"clipboard"},"66":{"one":"70","id":"66","type":"case","two":"65","text":"\"mind-before\""},"46":{"flag1":1,"id":"46","type":"question","text":"ctype === \"case\"","one":"47","two":"51"},"67":{"type":"select","id":"67","one":"66","text":"socket.type"},"54":{"one":"36","id":"54","type":"action","text":"edits = pasteBranch(\n    widget,\n    socket,\n    payload\n)","two":""},"47":{"one":"36","id":"47","type":"action","text":"edits = caseInsertCore(\n    widget,\n    socket.node,\n    payload.items[0]\n)","two":""},"58":{"one":"36","id":"58","type":"action","text":"","two":""},"37":{"branchId":2,"one":"41","id":"37","type":"branch","text":"Drakon"},"56":{"flag1":1,"id":"56","type":"question","two":"58","one":"57","text":"ctype === \"duration\""},"38":{"type":"case","id":"38","one":"36","two":""},"57":{"one":"36","id":"57","type":"action","text":"edits = pasteDuration(\n    widget,\n    socket.node,\n    payload.items[0]\n)","two":""},"48":{"flag1":1,"id":"48","type":"question","two":"52","one":"49","text":"ctype === \"case\""},"39":{"one":"46","id":"39","type":"case","text":"\"case\"","two":"55"},"68":{"one":"72","id":"68","type":"case","text":"\"mind-child\"","two":"64"},"49":{"one":"36","id":"49","type":"action","text":"edits = firstCaseInsertCore(\n    widget,\n    socket.node,\n    payload.items[0]\n)","two":""},"1":{"type":"end","id":"1"},"73":{"type":"action","id":"73","one":"61","text":"Object.assign(images, payload.images)"},"71":{"type":"action","id":"71","one":"36","text":"edits = mindAfterInsert(\n    widget,\n    socket,\n    payload\n)"},"45":{"one":"36","id":"45","type":"action","text":"edits = pasteBlock(\n    widget,\n    socket,\n    payload\n)","two":""},"15":{"type":"action","id":"15","one":"73","text":"payload = clipboard.content\nctype = clipboard.type"},"3":{"type":"action","id":"3","one":"5","text":"edits = []"},"36":{"branchId":4,"one":"62","id":"36","type":"branch","text":"Exit"},"2":{"branchId":1,"one":"3","id":"2","type":"branch","text":"Decide"},"51":{"one":"36","id":"51","type":"action","text":"","two":""},"55":{"one":"56","id":"55","type":"case","text":"\"duration\"","two":"42"},"52":{"one":"36","id":"52","type":"action","text":"","two":""}},"type":"drakon","version":20180619,"updated_by":"stipan","when_updated":1689925494.1908,"name":"pasteInSocket","created_by":"stipan"}