{"version":20180619,"tag":"336338673","params":"widget\nevt","when_created":1677648027.1639,"parent_id":"22e6ec3c","props":[],"when_updated":1677648072.375,"items":{"2":{"type":"branch","branchId":0,"one":"4","id":"2"},"1":{"type":"end","id":"1"},"4":{"type":"action","text":"widget.visuals.mouseX = evt.clientX\nwidget.visuals.mouseY = evt.clientY","one":"1","id":"4"}},"type":"drakon","keywords":{"scenario":false,"async":false,"export":false,"function":true,"algoprop":false},"updated_by":"stipan","language":"LANG_S42","name":"trackMouseHover","created_by":"stipan"}