{"version":20180619,"tag":"829656016","params":"widget","when_created":1657993807.3555,"parent_id":"befd80d4","props":[],"language":"LANG_S42","items":{"4":{"type":"action","id":"4","one":"33","text":"visuals = widget.visuals"},"37":{"flag1":0,"id":"37","type":"question","two":"38","one":"43","text":"widget.model.type === \"free\""},"31":{"one":"10","id":"31","type":"action","text":"top = visuals.box.top","two":""},"41":{"one":"42","id":"41","type":"action","text":"left = visuals.box.left - Math.floor(\n    (wwidth - visuals.box.width) \/ 2\n)","two":""},"22":{"flag1":0,"id":"22","type":"question","text":"widget.model.type === \"free\"","one":"31","two":"24"},"11":{"type":"action","id":"11","one":"12","text":"widget.scrollable.style.width = visuals.box\n.width * zoom + \"px\"\nwidget.scrollable.style.height = visuals.box\n.height * zoom + \"px\""},"12":{"type":"action","id":"12","one":"1","text":"copyScrollToScrollable(\n    widget,\n    scroll.x,\n    scroll.y\n)"},"7":{"flag1":1,"id":"7","type":"question","two":"44","one":"15","text":"savedOrigin"},"33":{"type":"action","text":"zoom = widget.zoomFactor","one":"6","id":"33"},"29":{"one":"34","id":"29","type":"action","two":"","text":"top = visuals.box.top - Math.floor(\n    (wheight - visuals.box.height) \/ 3\n)"},"13":{"type":"action","text":"zoom = widget.zoomFactor","one":"11","id":"13"},"43":{"one":"22","id":"43","type":"action","two":"","text":"left = visuals.box.left"},"34":{"type":"action","text":"visuals.box.top = top\nvisuals.box.height = visuals.box.bottom -\ntop","one":"10","id":"34"},"1":{"type":"end","id":"1"},"8":{"type":"action","text":"left = savedOrigin.x\ntop = savedOrigin.y","one":"10","id":"8"},"24":{"one":"28","id":"24","type":"action","text":"wheight = widget.height \/ zoom","two":""},"15":{"type":"action","id":"15","one":"8","text":"extendVisualsBox(visuals, savedOrigin)"},"6":{"type":"action","text":"savedOrigin = widget.origins[\n    widget.diagramId\n]","one":"7","id":"6"},"44":{"flag1":0,"id":"44","type":"question","text":"widget.model.type === \"graf\"","one":"37","two":"38"},"42":{"one":"22","id":"42","type":"action","text":"visuals.box.left = left\nvisuals.box.width = visuals.box.right - left","two":""},"40":{"one":"22","id":"40","type":"action","text":"left = visuals.box.left","two":""},"39":{"flag1":0,"id":"39","type":"question","two":"41","one":"40","text":"wwidth > visuals.box.width"},"38":{"one":"39","id":"38","type":"action","two":"","text":"wwidth = widget.width \/ zoom"},"2":{"type":"branch","branchId":0,"one":"4","id":"2"},"10":{"type":"action","text":"scroll = setScroll(widget, left, top)","one":"13","id":"10"},"28":{"flag1":0,"id":"28","type":"question","text":"wheight > visuals.box.height","one":"23","two":"29"},"23":{"one":"10","id":"23","type":"action","text":"top = visuals.box.top","two":""}},"type":"drakon","when_updated":1675368655.2048,"updated_by":"stipan","keywords":{"scenario":false,"async":false,"export":false,"function":true,"algoprop":false},"name":"initScrollPos","created_by":"stipan"}