{"version":20180619,"tag":"378565229","params":"widget","when_created":1657993807.3555,"parent_id":"befd80d4","props":[],"language":"LANG_S42","items":{"4":{"type":"action","id":"4","one":"33","text":"visuals = widget.visuals"},"8":{"type":"action","text":"left = savedOrigin.x\ntop = savedOrigin.y","one":"10","id":"8"},"45":{"type":"action","text":"left = getDefaultScrollLeft(widget)\ntop = getDefaultScrollTop(widget)","one":"10","id":"45"},"6":{"type":"action","text":"savedOrigin = widget.origins[\n    widget.diagramId\n]","one":"7","id":"6"},"33":{"type":"action","text":"zoom = widget.zoomFactor","one":"6","id":"33"},"7":{"flag1":1,"id":"7","type":"question","two":"45","one":"8","text":"savedOrigin"},"47":{"type":"action","id":"47","one":"1","text":"width = calculateScrollableWidth(widget)\nheight = calculateScrollableHeight(\n    widget\n)"},"10":{"type":"action","text":"scroll = setScroll(widget, left, top)","one":"47","id":"10"},"2":{"type":"branch","branchId":0,"one":"4","id":"2"},"1":{"type":"end","id":"1"}},"keywords":{"scenario":false,"async":false,"export":false,"function":true,"algoprop":false},"type":"drakon","updated_by":"stipan","created_by":"stipan","name":"initScrollPos","when_updated":1677512678.9792}