{"keywords":{"scenario":false,"async":false,"export":false,"function":true,"algoprop":false},"tag":"74028960","params":"visuals\nnode","when_created":1658090990.9959,"parent_id":"ca1bbf82","props":[],"language":"LANG_S42","items":{"2":{"type":"branch","branchId":0,"one":"14","id":"2"},"10":{"one":"1","id":"10","type":"action","text":"return buildTextContent(\n    visuals,\n    node,\n    options\n)","two":""},"1":{"type":"end","id":"1"},"14":{"one":"10","id":"14","type":"action","two":"","text":"options = {textAlign: \"center\"}"}},"type":"drakon","version":20180619,"updated_by":"stipan","when_updated":1668508804.6266,"name":"contentBranch","created_by":"stipan"}