{"keywords":{"scenario":false,"async":false,"export":false,"function":true,"algoprop":false},"tag":"506904985","params":"ctx\nx\ny\nradius\nbegin\nend\nthickness\ncolor","when_created":1672506198.026,"parent_id":"befd80d4","props":[],"language":"LANG_S42","items":{"4":{"one":"6","id":"4","type":"action","two":"","text":"ctx.arc(x, y, radius, begin, end)"},"8":{"one":"9","id":"8","type":"action","two":"","text":"ctx.lineWidth = thickness\nctx.strokeStyle = color"},"1":{"type":"end","id":"1"},"5":{"one":"4","id":"5","type":"action","text":"ctx.beginPath()","two":""},"2":{"type":"branch","branchId":0,"one":"8","id":"2"},"6":{"one":"1","id":"6","type":"action","text":"ctx.stroke()","two":""},"9":{"flag1":1,"id":"9","type":"question","two":"10","one":"5","text":"thickness % 2 === 0"},"10":{"one":"5","id":"10","type":"action","text":"x += 0.5\ny += 0.5","two":""}},"version":20180619,"updated_by":"stipan","type":"drakon","created_by":"stipan","name":"arc","when_updated":1672506275.8192}