{"version":20180619,"tag":"346557548","params":"visuals\nfloorEdge","when_created":1665503178.3458,"parent_id":"41f1c7b9","props":[],"when_updated":1665503956.2928,"items":{"4":{"type":"action","text":"leftBranch = left.branch.itemId\nrightBranch = right.branch.itemId","one":"6","id":"4"},"8":{"flag1":1,"id":"8","type":"question","text":"itemId === rightBranch","one":"5","two":"9"},"10":{"type":"action","id":"10","one":"1","text":"return rightBranch"},"5":{"type":"loopend","id":"5","one":"10","text":""},"9":{"type":"action","id":"9","one":"1","text":"return itemId"},"6":{"type":"loopbegin","text":"itemId; visuals.branches","one":"7","id":"6"},"3":{"type":"action","text":"left = getUp(floorEdge.head)\nright = getUp(floorEdge.tail)","one":"4","id":"3"},"7":{"flag1":1,"id":"7","type":"question","two":"8","one":"5","text":"itemId === leftBranch"},"2":{"type":"branch","branchId":0,"one":"3","id":"2"},"1":{"type":"end","id":"1"}},"type":"drakon","keywords":{"scenario":false,"async":false,"export":false,"function":true,"algoprop":false},"updated_by":"stipan","language":"LANG_S42","name":"getFloorTarget","created_by":"stipan"}