{"version":20180619,"tag":"213883536","params":"widget","when_created":1667112447.8585,"parent_id":"befd80d4","props":[],"language":"LANG_S42","items":{"21":{"one":"13","id":"21","type":"case","two":"20","text":"\"free\""},"22":{"one":"9","id":"22","type":"case","text":"\"node\"","two":"21"},"23":{"type":"select","id":"23","one":"22","text":"elType"},"7":{"one":"23","id":"7","type":"loopbegin","two":"","text":"id, elType; widget.selection.prims"},"18":{"one":"12","id":"18","type":"action","text":"prim = nodeToVisualItem(widget, node)","two":""},"13":{"one":"17","id":"13","type":"action","two":"","text":"element = getFree(visuals, id)"},"14":{"type":"action","id":"14","one":"3","text":"visuals = widget.visuals"},"1":{"type":"end","id":"1"},"24":{"type":"case","two":null,"one":"6","id":"24"},"6":{"one":"19","id":"6","type":"loopend","text":"","two":""},"9":{"one":"18","id":"9","type":"action","two":"","text":"node = getNode(visuals, id)"},"25":{"one":"26","id":"25","type":"action","two":"","text":"connection = getConnection(visuals, id)"},"19":{"type":"action","text":"return prims","one":"1","id":"19"},"3":{"type":"action","id":"3","one":"7","text":"prims = []"},"26":{"one":"12","id":"26","type":"action","two":"","text":"prim = connectionToVisualItem(\n    widget,\n    connection\n)"},"2":{"type":"branch","branchId":0,"one":"14","id":"2"},"17":{"one":"12","id":"17","type":"action","text":"prim = freeToVisualItem(widget, element)","two":""},"12":{"one":"6","id":"12","type":"action","two":"","text":"prims.push(prim)"},"20":{"one":"25","id":"20","type":"case","text":"\"connection\"","two":"24"}},"updated_by":"stipan","keywords":{"scenario":false,"async":false,"export":false,"function":true,"algoprop":false},"type":"drakon","created_by":"stipan","name":"getSelectedPrims","when_updated":1672742013.671}