{"keywords":{"scenario":false,"async":false,"export":false,"function":true,"algoprop":false},"tag":"34717727","params":"select","when_created":1657702482.0588,"parent_id":"794efc2c","props":[],"when_updated":1675147149.8248,"items":{"2":{"type":"branch","branchId":0,"one":"3","id":"2"},"1":{"type":"end","id":"1"},"3":{"type":"action","text":"return utils.last(select.cases)","one":"1","id":"3"}},"type":"drakon","language":"LANG_S42","updated_by":"stipan","version":20180619,"name":"lastCase","created_by":"stipan"}