{"version":20180619,"tag":"682052360","params":"widget\nid\nordinal","when_created":1672947890.9738,"parent_id":"c7c5feee","props":[],"created_by":"stipan","items":{"11":{"branchId":3,"one":"37","id":"11","type":"branch","text":"Perform edit"},"12":{"branchId":2,"one":"20","id":"12","type":"branch","text":"Remove vertex"},"1":{"type":"end","id":"1"},"37":{"type":"action","id":"37","one":"1","text":"savePoly(\n    widget,\n    id,\n    element.left,\n    element.top,\n    element.coords\n)"},"33":{"one":"12","id":"33","type":"action","two":"","text":"element = getFree(visuals, id)"},"35":{"one":"33","id":"35","type":"action","text":"visuals = widget.visuals","two":""},"22":{"branchId":1,"one":"35","id":"22","type":"branch","text":"Prepare"},"20":{"type":"action","id":"20","one":"11","text":"element.coords.splice(ordinal, 1)"}},"type":"drakon","keywords":{"scenario":false,"async":false,"export":false,"function":true,"algoprop":false},"updated_by":"stipan","language":"LANG_S42","name":"removeVertex","when_updated":1672947939.3288}