{"keywords":{"scenario":false,"async":false,"export":false,"function":true,"algoprop":false},"tag":"828773531","params":"imageData\nedits\nimages","when_created":1676208057.1104,"parent_id":"d52a4344","props":[],"created_by":"stipan","items":{"4":{"flag1":1,"id":"4","type":"question","two":"8","one":"5","text":"imageData.id"},"8":{"one":"7","id":"8","type":"action","text":"tempId = \"temp-image-id\"","two":""},"1":{"type":"end","id":"1"},"5":{"one":"10","id":"5","type":"action","text":"imageId = imageData.id","two":""},"9":{"type":"loopend","id":"9","one":"1","text":""},"15":{"flag1":1,"id":"15","type":"question","text":"edit.op === \"insert\"","one":"16","two":"9"},"16":{"type":"action","text":"edit.fields.image = imageId","one":"9","id":"16"},"7":{"one":"6","id":"7","type":"action","text":"images[tempId] = {\n    content: imageData.content\n}","two":""},"2":{"type":"branch","branchId":0,"one":"14","id":"2"},"6":{"one":"10","id":"6","type":"action","text":"imageId = tempId","two":""},"10":{"type":"loopbegin","id":"10","one":"15","text":"edit; edits"},"14":{"flag1":1,"id":"14","type":"question","text":"imageData","one":"4","two":"1"}},"version":20180619,"type":"drakon","updated_by":"stipan","when_updated":1676270941.8544,"name":"insertImageDataItem","language":"LANG_S42"}