{"version":20180619,"tag":"192493475","params":"widget\ntype\ncontent","when_created":1689882050.1388,"parent_id":"e674bf58","props":[],"language":"LANG_S42","items":{"2":{"type":"branch","branchId":0,"one":"5","id":"2"},"4":{"type":"action","text":"widget.visuals.config.setClipboard(\n    type,\n    copy\n)","one":"1","id":"4"},"1":{"type":"end","id":"1"},"5":{"type":"action","id":"5","one":"4","text":"copy = utils.deepClone(content)"}},"keywords":{"scenario":false,"async":false,"export":false,"function":true,"algoprop":false},"type":"drakon","updated_by":"stipan","when_updated":1689882194.174,"name":"saveCopyInClipboard","created_by":"stipan"}