{"keywords":{"scenario":false,"async":false,"export":false,"function":true,"algoprop":false},"tag":"55406758","params":"widget","when_created":1657534592.4972,"parent_id":"befd80d4","props":[],"language":"LANG_S42","items":{"4":{"type":"action","text":"widget.visuals = visuals","one":"16","id":"4"},"10":{"type":"action","text":"precacheEdgesLinks(visuals)","one":"11","id":"10"},"15":{"flag1":1,"id":"15","type":"question","two":"4","one":"10","text":"widget.model.type === \"drakon\""},"16":{"type":"action","text":"createResetEars(widget)","one":"7","id":"16"},"11":{"type":"action","id":"11","one":"4","text":"buildSubspaces(visuals)"},"3":{"type":"action","text":"visuals = buildVisuals(widget)","one":"15","id":"3"},"7":{"type":"action","id":"7","one":"14","text":"initScrollPos(widget)"},"2":{"type":"branch","branchId":0,"one":"13","id":"2"},"1":{"type":"end","id":"1"},"13":{"type":"action","id":"13","one":"3","text":"resetContainer(widget)"},"14":{"type":"action","id":"14","one":"1","text":"return Object.keys(visuals.fonts)"}},"version":20180619,"updated_by":"stipan","type":"drakon","created_by":"stipan","name":"buildVisualsForEdit","when_updated":1672825798.0737}