{"keywords":{"scenario":false,"async":false,"export":false,"function":true,"algoprop":false},"tag":"288848154","params":"widget\nedits","when_created":1681378875.9413,"parent_id":"f7515898","props":[],"created_by":"stipan","items":{"4":{"one":"1","id":"4","type":"action","two":"","text":"widget.edit.save(changesToSave)"},"1":{"type":"end","id":"1"},"5":{"one":"4","id":"5","type":"action","two":"","text":"changesToSave = widget.edit.updateDocument(\n    edits,\n    before,\n    after\n)"},"2":{"type":"branch","branchId":0,"one":"6","id":"2"},"6":{"type":"action","id":"6","one":"7","text":"before = utils.deepClone(\n    widget.selection\n)"},"7":{"type":"action","id":"7","one":"5","text":"after = utils.deepClone(widget.selection)"}},"version":20180619,"type":"drakon","updated_by":"stipan","when_updated":1681384906.7354,"name":"doEditNoRender","language":"LANG_S42"}