{"keywords":{"scenario":false,"async":false,"export":false,"function":true,"algoprop":false},"tag":"291428922","params":"visuals\nnode","when_created":1657638539.906,"parent_id":"794efc2c","props":[],"language":"LANG_S42","items":{"4":{"branchId":3,"one":"1","id":"4","type":"branch","text":"Exit"},"8":{"flag1":0,"id":"8","type":"question","text":"beneath.type == \"branch\"","one":"5","two":"9"},"1":{"type":"end","id":"1"},"5":{"branchId":2,"one":"13","id":"5","type":"branch","text":"Add nodes to skewer"},"9":{"type":"action","id":"9","one":"5","text":"skewer.main = true"},"6":{"flag1":0,"id":"6","type":"question","two":"9","one":"7","text":"node.type === \"header\""},"11":{"flag1":0,"id":"11","type":"question","text":"node.down","one":"4","two":"12"},"12":{"type":"action","text":"node = getDown(node)","one":"13","id":"12"},"3":{"type":"action","text":"skewer = createSkewer(visuals, true)","one":"6","id":"3"},"7":{"type":"action","text":"beneath = getDown(node)","one":"8","id":"7"},"2":{"branchId":1,"one":"3","id":"2","type":"branch","text":"Detect main fat skewer"},"13":{"type":"arrow-loop","one":"10","id":"13"},"10":{"type":"action","text":"linkNodeToSkewer(skewer, node)","one":"11","id":"10"}},"type":"drakon","version":20180619,"updated_by":"stipan","created_by":"stipan","name":"traceSkewer","when_updated":1657639037.2039}