{"keywords":{"scenario":false,"async":false,"export":false,"function":true,"algoprop":false},"tag":"","params":"changedFields","when_created":1661097657.1238,"parent_id":"a41d7412","props":[],"when_updated":1661097657.1238,"items":{"4":{"type":"action","id":"4","one":"6","text":"action = {op: \"update\", fields: {}}"},"8":{"type":"action","id":"8","one":"5","text":"action.fields[name] = value"},"1":{"type":"end","id":"1"},"5":{"type":"loopend","text":"","one":"9","id":"5"},"9":{"type":"action","text":"edit = {changes: [action]}","one":"3","id":"9"},"6":{"type":"loopbegin","text":"name, value; changedFields","one":"7","id":"6"},"3":{"type":"action","id":"3","one":"1","text":"applyEdit(self.diagram, edit)"},"7":{"flag1":0,"id":"7","type":"question","two":"5","one":"8","text":"name === \"id\""},"2":{"type":"branch","branchId":0,"one":"4","id":"2"}},"updated_by":"stipan","version":20180619,"type":"drakon","language":"LANG_S42","name":"forcedChange","created_by":"stipan"}