{"version":20180619,"tag":"352884923","params":"widget\nsocket","when_created":1664965703.3614,"parent_id":"f7515898","props":[],"created_by":"stipan","items":{"2":{"type":"branch","branchId":0,"one":"3","id":"2"},"4":{"type":"action","id":"4","one":"1","text":"return caseInsertCore(\n    widget,\n    existing,\n    undefined\n)"},"1":{"type":"end","id":"1"},"3":{"type":"action","text":"existing = socket.node","one":"4","id":"3"}},"type":"drakon","keywords":{"scenario":false,"async":false,"export":false,"function":true,"algoprop":false},"updated_by":"stipan","language":"LANG_S42","name":"caseInsert","when_updated":1664965987.2886}