{"version":20180619,"tag":"906090035","params":"","when_created":1661097657.1294,"parent_id":"a41d7412","props":[],"language":"LANG_S42","items":{"8":{"one":"11","id":"8","type":"action","text":"applyEdit(self.diagram, edit.redo)","two":""},"1":{"type":"end","id":"1"},"5":{"flag1":1,"id":"5","type":"question","two":"18","one":"12","text":"self.currentUndo < self.undo.length - 1"},"6":{"one":"8","id":"6","type":"action","two":"","text":"edit = self.undo[self.currentUndo]"},"11":{"one":"17","id":"11","type":"action","two":"","text":"sendEditToServer(self, edit.redo)"},"12":{"one":"6","id":"12","type":"action","text":"self.currentUndo++","two":""},"17":{"type":"action","id":"17","one":"1","text":"return edit.after"},"18":{"type":"action","text":"return undefined","one":"1","id":"18"},"2":{"type":"branch","branchId":0,"one":"5","id":"2"}},"keywords":{},"updated_by":"stipan","type":"drakon","when_updated":1681385442.64,"name":"redoEdit","created_by":"stipan"}