{"keywords":{"scenario":false,"async":false,"export":false,"function":true,"algoprop":false},"tag":"413656474","params":"text\ntype","when_created":1667824937.2282,"parent_id":"f2ec426b","props":[],"when_updated":1668755763.6913,"items":{"4":{"type":"action","id":"4","one":"37","text":"state = \"idle\"\nbuffer = \"\"\nline = []"},"37":{"type":"action","id":"37","one":"6","text":"length = text.length"},"5":{"type":"loopend","text":"","one":"22","id":"5"},"22":{"flag1":1,"id":"22","type":"question","two":"14","one":"38","text":"buffer"},"32":{"flag1":1,"id":"32","type":"question","two":"30","one":"33","text":"buffer"},"28":{"type":"action","text":"state = \"space\"","one":"5","id":"28"},"7":{"type":"action","text":"ch = text[i]","one":"25","id":"7"},"33":{"one":"34","id":"33","type":"action","two":"","text":"addToken(line, type, buffer)"},"29":{"type":"action","text":"buffer += ch","one":"5","id":"29"},"14":{"type":"action","text":"return line","one":"1","id":"14"},"34":{"one":"30","id":"34","type":"action","text":"buffer = \"\"","two":""},"1":{"type":"end","id":"1"},"8":{"type":"action","text":"whitespace = {}\nwhitespace[\" \"] = true\nwhitespace[\"\\t\"] = true\nwhitespace[\"\\r\"] = true\nwhitespace[\"\\n\"] = true","one":"39","id":"8"},"6":{"type":"loopbegin","id":"6","one":"7","text":"i = 0; i < length; i++"},"39":{"type":"action","text":"whitespace[String.fromCharCode(133)] = true\nwhitespace[String.fromCharCode(160)] = true\nwhitespace[String.fromCharCode(11)] = true\nwhitespace[String.fromCharCode(12)] = true","one":"4","id":"39"},"35":{"type":"action","text":"state = \"idle\"","one":"5","id":"35"},"25":{"flag1":1,"id":"25","type":"question","text":"state === \"idle\"","one":"26","two":"27"},"38":{"one":"14","id":"38","type":"action","two":"","text":"addToken(line, type, buffer)"},"3":{"type":"action","text":"text = text || \"\"","one":"8","id":"3"},"26":{"flag1":1,"id":"26","type":"question","two":"29","one":"32","text":"whitespace[ch]"},"36":{"type":"action","text":"buffer += ch","one":"35","id":"36"},"2":{"type":"branch","branchId":0,"one":"3","id":"2"},"27":{"flag1":1,"id":"27","type":"question","text":"whitespace[ch]","one":"5","two":"36"},"30":{"type":"action","text":"addSpaceToLine(line)","one":"28","id":"30"}},"updated_by":"stipan","version":20180619,"type":"drakon","language":"LANG_S42","name":"splitHtmlTextNode","created_by":"stipan"}