{"version":20180619,"tag":"42482862","params":"links\nlow\nhigh\ndistance","when_created":1657701723.0015,"parent_id":"794efc2c","props":[],"created_by":"stipan","items":{"4":{"type":"action","id":"4","one":"1","text":"link.distance = Math.max(\n    link.distance,\n    distance\n)"},"1":{"type":"end","id":"1"},"5":{"flag1":1,"id":"5","type":"question","two":"6","one":"4","text":"link"},"2":{"type":"branch","branchId":0,"one":"3","id":"2"},"6":{"type":"action","text":"link = {\n    low: low,\n    high: high,\n    distance: 0\n}","one":"7","id":"6"},"7":{"type":"action","id":"7","one":"4","text":"addLink(links, link)"},"3":{"type":"action","id":"3","one":"5","text":"link = findLink(links, low, high)"}},"type":"drakon","keywords":{"scenario":false,"async":false,"export":false,"function":true,"algoprop":false},"updated_by":"stipan","language":"LANG_S42","name":"linkSkewersGeneric","when_updated":1657701974.1705}