{"version":20180619,"tag":"78060734","params":"widget\nprim","when_created":1673005598.0084,"parent_id":"9424f41c","props":[],"when_updated":1677586977.26,"items":{"4":{"flag1":1,"id":"4","type":"question","text":"prim","one":"5","two":"6"},"8":{"flag1":1,"id":"8","type":"question","text":"visuals.highlight === primId","one":"1","two":"9"},"10":{"type":"action","id":"10","one":"1","text":"paintLater(widget)"},"5":{"type":"action","id":"5","one":"8","text":"primId = prim.primId"},"9":{"type":"action","id":"9","one":"10","text":"visuals.highlight = primId"},"6":{"type":"action","id":"6","one":"8","text":"primId = undefined"},"3":{"type":"action","text":"visuals = widget.visuals","one":"4","id":"3"},"2":{"type":"branch","branchId":0,"one":"3","id":"2"},"1":{"type":"end","id":"1"}},"keywords":{"scenario":false,"async":false,"export":false,"function":true,"algoprop":false},"created_by":"stipan","updated_by":"stipan","type":"drakon","name":"updateHighlight","language":"LANG_S42"}