{"keywords":{"scenario":false,"async":false,"export":false,"function":true,"algoprop":false},"tag":"701797396","params":"item","when_created":1672937042.476,"parent_id":"82ac4bf4","props":[],"when_updated":1672938168.2545,"items":{"4":{"type":"action","id":"4","one":"6","text":"left = Number.MAX_SAFE_INTEGER,\ntop = Number.MAX_SAFE_INTEGER,\nright = Number.MIN_SAFE_INTEGER,\nbottom = Number.MIN_SAFE_INTEGER"},"10":{"branchId":3,"one":"1","id":"10","type":"branch","text":"Exit"},"5":{"type":"loopend","id":"5","one":"9","text":""},"11":{"branchId":2,"one":"13","id":"11","type":"branch","text":"Make coords relative"},"12":{"one":"17","id":"12","type":"loopend","two":"","text":""},"7":{"type":"action","id":"7","one":"8","text":"left = Math.min(left, x)\nright = Math.max(right, x)"},"18":{"type":"action","id":"18","one":"7","text":"x = item.left + point.x\ny = item.top + point.y"},"13":{"one":"14","id":"13","type":"loopbegin","text":"point; coords","two":""},"14":{"one":"16","id":"14","type":"action","text":"point.x = point.x - item.left","two":""},"8":{"type":"action","id":"8","one":"19","text":"top = Math.min(top, y)\nbottom = Math.max(bottom, y)"},"1":{"type":"end","id":"1"},"9":{"type":"action","text":"item.left = left\nitem.top = top\nitem.width = right - left\nitem.height = bottom - top","one":"11","id":"9"},"6":{"type":"loopbegin","id":"6","one":"18","text":"point; coords"},"16":{"type":"action","text":"point.y = point.y - item.top","one":"12","id":"16"},"3":{"type":"action","text":"coords = JSON.parse(item.coords)","one":"4","id":"3"},"17":{"type":"action","id":"17","one":"10","text":"item.coords = JSON.stringify(coords)"},"2":{"branchId":1,"one":"3","id":"2","type":"branch","text":"Calculate box"},"19":{"type":"action","id":"19","one":"5","text":"point.x = x\npoint.y = y"}},"version":20180619,"type":"drakon","updated_by":"stipan","created_by":"stipan","name":"calculatePolygonRect","language":"LANG_S42"}