{"version":20180619,"tag":"911579241","params":"src\nloops","when_created":1664377717.4107,"parent_id":"a07682cb","props":[],"language":"LANG_S42","items":{"4":{"type":"action","text":"canComeBackToStep(context, src)","one":"5","id":"4"},"1":{"type":"end","id":"1"},"5":{"type":"action","id":"5","one":"1","text":"return context.success"},"2":{"type":"branch","branchId":0,"one":"3","id":"2"},"3":{"type":"action","text":"context = {\n    visited: {},\n    finished: false,\n    success: false,\n    loops: loops\n}","one":"4","id":"3"}},"updated_by":"stipan","keywords":{"scenario":false,"async":false,"export":false,"function":true,"algoprop":false},"type":"drakon","created_by":"stipan","name":"canComeBackTo","when_updated":1664377941.5697}