{"version":20180619,"tag":"275697149","params":"widget\nprimId","when_created":1666627528.4884,"parent_id":"befd80d4","props":[],"language":"LANG_S42","items":{"4":{"flag1":0,"id":"4","type":"question","text":"isSelected(widget, primId)","one":"7","two":"5"},"8":{"type":"action","text":"return false","one":"1","id":"8"},"1":{"type":"end","id":"1"},"5":{"type":"action","id":"5","one":"6","text":"nodes = getNodesFromSelection(widget)"},"2":{"type":"branch","branchId":0,"one":"4","id":"2"},"6":{"flag1":0,"id":"6","type":"question","text":"nodes.length > 1","one":"3","two":"8"},"7":{"one":"3","id":"7","type":"action","two":"","text":"selectPrim(widget, primId)"},"3":{"type":"action","id":"3","one":"1","text":"return true"}},"updated_by":"stipan","keywords":{"scenario":false,"async":false,"export":false,"function":true,"algoprop":false},"type":"drakon","when_updated":1666627670.1653,"name":"ensureSelectedOne","created_by":"stipan"}