{"keywords":{"scenario":false,"async":false,"export":false,"function":true,"algoprop":false},"tag":"232110974","params":"widget\nprim","when_created":1666627528.4884,"parent_id":"befd80d4","props":[],"language":"LANG_S42","items":{"4":{"flag1":0,"id":"4","type":"question","text":"isSelected(widget, primId)","one":"7","two":"5"},"8":{"type":"action","text":"return false","one":"1","id":"8"},"10":{"type":"action","id":"10","one":"4","text":"primId = prim.id"},"5":{"type":"action","id":"5","one":"6","text":"nodes = getNodesFromSelection(widget)"},"9":{"one":"3","id":"9","type":"action","text":"showLianaSockets(widget, prim)","two":""},"6":{"flag1":0,"id":"6","type":"question","text":"nodes.length > 1","one":"3","two":"8"},"3":{"type":"action","id":"3","one":"1","text":"return true"},"7":{"one":"9","id":"7","type":"action","text":"selectPrim(widget, primId)","two":""},"2":{"type":"branch","branchId":0,"one":"10","id":"2"},"1":{"type":"end","id":"1"}},"version":20180619,"updated_by":"stipan","type":"drakon","created_by":"stipan","name":"ensureSelectedOne","when_updated":1687250155.9424}