{"keywords":{"scenario":false,"async":false,"export":false,"function":true,"algoprop":false},"tag":"315830708","params":"widget\nbranchId","when_created":1665291863.1606,"parent_id":"f7515898","props":[],"language":"LANG_S42","items":{"4":{"type":"action","text":"model = widget.model\nvisuals = widget.visuals","one":"3","id":"4"},"8":{"type":"action","id":"8","one":"9","text":"newId = createItem(model, edits, fields)"},"1":{"type":"end","id":"1"},"5":{"type":"action","id":"5","one":"6","text":"targetId = getBranchItemId(\n    visuals,\n    branchId\n)"},"9":{"type":"action","text":"oldTargets = {}\noldTargets[targetId] = true","one":"10","id":"9"},"6":{"type":"action","text":"name = nextBranchName(visuals)","one":"7","id":"6"},"11":{"type":"action","id":"11","one":"1","text":"return edits"},"3":{"type":"action","text":"edits = moveBranchIdsRight(\n    visuals,\n    branchId\n)","one":"5","id":"3"},"7":{"type":"action","text":"fields = {\n    type: \"branch\",\n    branchId: branchId,\n    content: name,\n    one: targetId\n}","one":"8","id":"7"},"2":{"type":"branch","branchId":0,"one":"4","id":"2"},"10":{"type":"action","text":"redirectBranch(\n    visuals,\n    model.items,\n    oldTargets,\n    newId,\n    edits\n)","one":"11","id":"10"}},"version":20180619,"updated_by":"stipan","type":"drakon","created_by":"stipan","name":"branchInsertAt","when_updated":1665296164.7549}