{"version":20180619,"tag":"883177154","params":"visuals","when_created":1663611970.7269,"parent_id":"befd80d4","props":[],"created_by":"stipan","items":{"4":{"type":"loopend","id":"4","one":"1","text":""},"1":{"type":"end","id":"1"},"5":{"type":"loopbegin","text":"id, edge; visuals.edges","one":"6","id":"5"},"2":{"type":"branch","branchId":0,"one":"5","id":"2"},"6":{"type":"action","id":"6","one":"4","text":"findEdgeLinks(visuals, edge, edge)"}},"type":"drakon","keywords":{"scenario":false,"async":false,"export":false,"function":true,"algoprop":false},"updated_by":"stipan","language":"LANG_S42","name":"precacheEdgesLinks","when_updated":1663612008.1244}