{"version":20180619,"tag":"290948734","params":"left\ntop\nwidth\nheight\naux","when_created":1672852563.6439,"parent_id":"a95f8752","props":[],"language":"LANG_S42","items":{"4":{"type":"action","id":"4","one":"1","text":"return [\n    {x: left, y: y},\n    {x: middle, y: top},\n    {x: right, y: top},\n    {x: right, y: bottom},\n    {x: middle, y: bottom}\n]"},"1":{"type":"end","id":"1"},"5":{"type":"action","text":"middle = left + aux","one":"6","id":"5"},"2":{"type":"branch","branchId":0,"one":"3","id":"2"},"6":{"type":"action","id":"6","one":"4","text":"y = Math.floor(top + height \/ 2)"},"3":{"type":"action","id":"3","one":"5","text":"right = left + width\nbottom = top + height"}},"keywords":{"scenario":false,"async":false,"export":false,"function":true,"algoprop":false},"type":"drakon","updated_by":"stipan","created_by":"stipan","name":"buildPtrLeftCoords","when_updated":1672852656.1012}