{"keywords":{"scenario":false,"async":false,"export":false,"function":true,"algoprop":false},"tag":"684699608","params":"widget\nfilter\nsrcNode\nvertical","when_created":1665850554.7731,"parent_id":"35f7b123","props":[],"when_updated":1665902364.8334,"items":{"4":{"type":"loopend","text":"","one":"14","id":"4"},"8":{"type":"action","id":"8","one":"5","text":"best = undefined\ndistance = 10000000000"},"1":{"type":"end","id":"1"},"5":{"type":"loopbegin","text":"id, node; widget.visuals.nodes","one":"7","id":"5"},"15":{"flag1":0,"id":"15","type":"question","two":"4","one":"16","text":"node.type === \"junction\""},"16":{"flag1":0,"id":"16","type":"question","two":"4","one":"13","text":"node.type === \"arrow-loop\""},"11":{"flag1":1,"id":"11","type":"question","text":"current < distance","one":"12","two":"4"},"12":{"one":"4","id":"12","type":"action","text":"best = node\ndistance = current","two":""},"7":{"flag1":1,"id":"7","type":"question","two":"4","one":"15","text":"filter(node)"},"2":{"type":"branch","branchId":0,"one":"8","id":"2"},"13":{"type":"action","id":"13","one":"11","text":"current = getDistance(\n    node,\n    srcNode,\n    vertical\n)"},"14":{"type":"action","id":"14","one":"1","text":"return best"}},"updated_by":"stipan","version":20180619,"type":"drakon","language":"LANG_S42","name":"findClosestNode","created_by":"stipan"}