{"keywords":{"scenario":false,"async":false,"export":false,"function":true,"algoprop":false},"tag":"732468864","params":"visuals\nnode\nleftBottom","when_created":1657630581.2803,"parent_id":"82d2ccaf","props":[],"language":"LANG_S42","items":{"4":{"flag1":1,"id":"4","type":"question","text":"parNext.type == \"case\"","one":"5","two":"6"},"8":{"type":"action","id":"8","one":"1","text":"visuals.tempEdges.push(edge)"},"1":{"type":"end","id":"1"},"5":{"type":"action","text":"parNext = getDown(parNext)","one":"6","id":"5"},"2":{"type":"branch","branchId":0,"one":"3","id":"2"},"6":{"type":"action","id":"6","one":"7","text":"tmpJun = splitVertical(visuals, parNext)"},"7":{"type":"action","text":"edge = createEdge(\n    visuals,\n    tmpJun,\n    leftBottom,\n    false\n)","one":"8","id":"7"},"3":{"type":"action","id":"3","one":"4","text":"leftTop = goUp(node)\nparTop = getLeft(leftTop)\nparNext = getDown(parTop)"}},"type":"drakon","version":20180619,"updated_by":"stipan","created_by":"stipan","name":"createTempEdge","when_updated":1657630674.069}