{"keywords":{"scenario":false,"async":false,"export":false,"function":true,"algoprop":false},"tag":"426460699","params":"visuals\nid\nitem","when_created":1672677908.3971,"parent_id":"fdabdff8","props":[],"created_by":"stipan","items":{"4":{"type":"action","id":"4","one":"8","text":"utils.multiMapAdd(\n    visuals.connections,\n    element.end,\n    element\n)"},"8":{"type":"action","id":"8","one":"1","text":"visuals.connectionById[id] = element"},"1":{"type":"end","id":"1"},"5":{"type":"action","text":"element = utils.clone(item)","one":"6","id":"5"},"2":{"type":"branch","branchId":0,"one":"5","id":"2"},"6":{"type":"action","text":"element.id = id","one":"7","id":"6"},"7":{"type":"action","text":"parseStyle(item, element)","one":"3","id":"7"},"3":{"type":"action","text":"utils.multiMapAdd(\n    visuals.connections,\n    element.begin,\n    element\n)","one":"4","id":"3"}},"version":20180619,"type":"drakon","updated_by":"stipan","when_updated":1675145701.7308,"name":"addConnectionToVisuals","language":"LANG_S42"}