{"keywords":{"scenario":false,"async":false,"export":true,"function":true,"algoprop":false},"tag":"16751460232798","params":"obj","when_created":1672747357.5185,"parent_id":"73128943","props":[],"items":{"2":{"type":"branch","branchId":0,"one":"3","id":"2"},"4":{"type":"action","text":"return deepCloneCore(visited, obj)","one":"1","id":"4"},"1":{"type":"end","id":"1"},"3":{"type":"action","id":"3","one":"4","text":"visited = new Set()"}},"created_by":"stipan","updated_by":"stipan","type":"drakon","version":20180619,"name":"deepClone","when_updated":1675146023.28}