{"keywords":{"scenario":false,"async":false,"export":false,"function":true,"algoprop":false},"tag":"210557745","params":"visuals\nnode\nctx","when_created":1657733028.6539,"parent_id":"4ee6bb37","props":[],"when_updated":1672750680.3007,"items":{"4":{"one":"12","id":"4","type":"action","two":"","text":"centerContent(visuals, node, ctx)"},"31":{"type":"action","id":"31","one":"34","text":"leftWidth = ctx.measureText(leftText).width"},"60":{"one":"59","id":"60","type":"action","two":"","text":"left = node.x - node.w - extra\ntop = node.y - node.h\nwidth = node.w * 2 + extra * 2\nheight = node.h * 2"},"59":{"one":"4","id":"59","type":"action","two":"","text":"renderIconShape(\n    ctx,\n    visuals,\n    node,\n    buildQuestionCoords,\n    left,\n    top,\n    width,\n    height,\n    visuals.config.metre\n)"},"32":{"type":"action","id":"32","one":"33","text":"ctx.textAlign = \"right\"\nctx.textBaseline = \"top\""},"11":{"branchId":3,"one":"1","id":"11","type":"branch","text":"Exit"},"28":{"type":"action","text":"leftText = visuals.config.no\nrightText = visuals.config.yes","one":"29","id":"28"},"33":{"type":"action","text":"ctx.fillText(leftText, leftX, leftY)","one":"35","id":"33"},"29":{"type":"action","text":"ctx.fillStyle = visuals.config.theme.backText\nctx.font = visuals.config.canvasLabels","one":"31","id":"29"},"13":{"flag1":1,"id":"13","type":"question","two":"15","one":"14","text":"node.flag1"},"14":{"one":"19","id":"14","type":"action","two":"","text":"yesDiv = node.frame.yesDiv\nnoDiv = node.frame.noDiv"},"34":{"type":"action","id":"34","one":"32","text":"leftX = node.x - 2 - thickness\nleftY = node.y + node.h + 3\nrightX = node.x + node.w + 3\nrightY = node.y - 2 - thickness"},"19":{"type":"action","text":"yesRect = yesDiv.getBoundingClientRect()\nnoRect = noDiv.getBoundingClientRect()","one":"16","id":"19"},"61":{"type":"action","id":"61","one":"60","text":"extra = 3"},"58":{"type":"action","text":"thickness = visuals.config.theme.lineWidth\n|| 1","one":"26","id":"58"},"15":{"one":"19","id":"15","type":"action","two":"","text":"noDiv = node.frame.yesDiv\nyesDiv = node.frame.noDiv"},"16":{"type":"action","text":"yesDiv.style.top = node.y + node.h + 2 +\n\"px\"\nyesDiv.style.left = node.x - yesRect.width\n- 2 + \"px\"","one":"17","id":"16"},"35":{"type":"action","text":"ctx.textAlign = \"left\"\nctx.textBaseline = \"bottom\"","one":"30","id":"35"},"25":{"flag1":0,"id":"25","type":"question","text":"visuals.config.canvasLabels","one":"13","two":"58"},"2":{"branchId":1,"one":"61","id":"2","type":"branch","text":"The diamond"},"17":{"type":"action","id":"17","one":"11","text":"noDiv.style.top = node.y - noRect.height\n+ \"px\"\nnoDiv.style.left = node.x + node.w + \"px\""},"26":{"flag1":1,"id":"26","type":"question","two":"28","one":"27","text":"node.flag1"},"30":{"type":"action","text":"ctx.fillText(rightText, rightX, rightY)","one":"11","id":"30"},"12":{"branchId":2,"one":"25","id":"12","type":"branch","text":"Labels"},"27":{"type":"action","text":"leftText = visuals.config.yes\nrightText = visuals.config.no","one":"29","id":"27"},"1":{"type":"end","id":"1"}},"type":"drakon","version":20180619,"updated_by":"stipan","created_by":"stipan","name":"renderQuestion","language":"LANG_S42"}