{"keywords":{"scenario":false,"async":false,"export":false,"function":true,"algoprop":false},"tag":"835742504","params":"widget\nitemId\nimages","when_created":1665134470.1247,"parent_id":"e674bf58","props":[],"created_by":"stipan","items":{"11":{"type":"action","text":"takeImageToClipboard(\n    widget,\n    copy,\n    images\n)","one":"6","id":"11"},"1":{"type":"end","id":"1"},"4":{"type":"action","id":"4","one":"10","text":"copy = utils.clone(item)"},"2":{"type":"branch","branchId":0,"one":"3","id":"2"},"6":{"type":"action","id":"6","one":"1","text":"return copy"},"3":{"type":"action","text":"item = widget.model.items[itemId]","one":"4","id":"3"},"10":{"type":"action","text":"imageId = copy.image","one":"11","id":"10"}},"version":20180619,"type":"drakon","updated_by":"stipan","when_updated":1676011607.6897,"name":"copyWholeItem","language":"LANG_S42"}