{"keywords":{"scenario":false,"async":false,"export":false,"function":true,"algoprop":false},"tag":"228433591","params":"visuals\nitem","when_created":1657539683.5961,"parent_id":"befd80d4","props":[],"when_updated":1676219114.1538,"items":{"4":{"flag1":0,"id":"4","type":"question","two":"5","one":"3","text":"item.type === \"end\""},"21":{"type":"action","id":"21","one":"8","text":"incrementImageRefCount(\n    visuals,\n    node.image\n)"},"11":{"type":"case","one":"7","id":"11"},"12":{"one":"16","id":"12","type":"case","two":"11","text":"\"parend\""},"7":{"type":"action","text":"setNotNull(item, node, \"w\")\nsetNotNull(item, node, \"flag1\")\nsetNotNull(item, node, \"branchId\")\nsetNotNull(item, node, \"one\")\nsetNotNull(item, node, \"two\")\nsetNotNull(item, node, \"side\")\nsetNotNull(item, node, \"link\")\nsetNotNull(item, node, \"margin\")\nsetNotNull(item, node, \"secondary\")\nsetNotNull(item, node, \"parent\")\nsetNotNull(item, node, \"ordinal\")\nsetNotNull(item, node, \"treeType\")\nsetNotNull(item, node, \"collapsed\")\nsetNotNull(item, node, \"image\")","one":"18","id":"7"},"18":{"type":"action","text":"parseStyle(item, node)","one":"21","id":"18"},"13":{"one":"15","id":"13","type":"case","text":"\"parbegin\"","two":"12"},"14":{"type":"select","id":"14","one":"13","text":"item.type"},"8":{"type":"action","id":"8","one":"1","text":"return node"},"1":{"type":"end","id":"1"},"6":{"type":"action","text":"node = createNode(\n    visuals,\n    item.id,\n    item.type,\n    content,\n    item.id\n)","one":"14","id":"6"},"16":{"type":"action","text":"node.finalTarget = item.id","one":"17","id":"16"},"3":{"type":"action","id":"3","one":"6","text":"content = item.content || \"\""},"17":{"type":"action","id":"17","one":"15","text":"node.mountRight = node"},"2":{"type":"branch","branchId":0,"one":"4","id":"2"},"5":{"type":"action","text":"content = visuals.config.end","one":"6","id":"5"},"15":{"type":"action","id":"15","one":"7","text":"node.type = \"junction\"\nnode.subtype = item.type"}},"type":"drakon","language":"LANG_S42","updated_by":"stipan","version":20180619,"name":"nodeFromItem","created_by":"stipan"}