{"keywords":{"scenario":false,"async":false,"export":false,"function":true,"algoprop":false},"tag":"398490653","params":"sub\nedge","when_created":1664012073.0342,"parent_id":"8e739cfd","props":[],"language":"LANG_S42","items":{"4":{"flag1":1,"id":"4","type":"question","two":"1","one":"3","text":"edge.role === \"down\""},"1":{"type":"end","id":"1"},"5":{"type":"action","id":"5","one":"1","text":"sub.outerArrPads[targetId] = edge"},"2":{"type":"branch","branchId":0,"one":"4","id":"2"},"3":{"type":"action","text":"targetId = edge.finalTarget.itemId","one":"5","id":"3"}},"type":"drakon","version":20180619,"updated_by":"stipan","when_updated":1664012615.6693,"name":"addArrowPad","created_by":"stipan"}