{"version":20180619,"tag":"783088024","params":"ctx\nvisuals\nbuildCoords\nline\nleft\ntop\nwidth\nheight\naux","when_created":1672562717.6033,"parent_id":"2bccae93","props":[],"when_updated":1672562969.6746,"items":{"4":{"one":"1","id":"4","type":"action","text":"ctx.stroke()","two":""},"8":{"flag1":0,"id":"8","type":"question","text":"mustShift(visuals.config, line)","one":"7","two":"6"},"1":{"type":"end","id":"1"},"9":{"one":"10","id":"9","type":"action","two":"","text":"coords2 = buildCoords(\n    x,\n    y,\n    width,\n    height,\n    aux\n)"},"6":{"one":"9","id":"6","type":"action","two":"","text":"x = left + 0.5\ny = top + 0.5"},"11":{"one":"4","id":"11","type":"action","text":"roundedPoly(ctx, coords2, radius)","two":""},"12":{"one":"4","id":"12","type":"action","text":"sharpPoly(ctx, coords2)","two":""},"7":{"one":"9","id":"7","type":"action","two":"","text":"x = left\ny = top"},"2":{"type":"branch","branchId":0,"one":"14","id":"2"},"10":{"flag1":0,"id":"10","type":"question","two":"11","one":"12","text":"radius"},"13":{"one":"8","id":"13","type":"action","two":"","text":"radius = visuals.config.iconRadius || 0"},"14":{"flag1":1,"id":"14","type":"question","two":"1","one":"13","text":"line"}},"keywords":{"scenario":false,"async":false,"export":false,"function":true,"algoprop":false},"type":"drakon","updated_by":"stipan","language":"LANG_S42","name":"renderIconShapeBorder","created_by":"stipan"}