{"version":20180619,"tag":"495133255","params":"widget\nnode","when_created":1667021799.6874,"parent_id":"35f7b123","props":[],"created_by":"stipan","items":{"2":{"type":"branch","branchId":0,"one":"5","id":"2"},"1":{"type":"end","id":"1"},"5":{"type":"action","text":"return nodeToVisualItemCore(\n    widget,\n    node,\n    \"node\"\n)","one":"1","id":"5"}},"type":"drakon","keywords":{"scenario":false,"async":false,"export":false,"function":true,"algoprop":false},"updated_by":"stipan","language":"LANG_S42","name":"nodeToVisualItem","when_updated":1667026374.0866}