{"keywords":{"scenario":false,"async":false,"export":false,"function":true,"algoprop":false},"tag":"561483428","params":"skewer\nnode","when_created":1657639097.1126,"parent_id":"794efc2c","props":[],"created_by":"stipan","items":{"2":{"type":"branch","branchId":0,"one":"3","id":"2"},"1":{"type":"end","id":"1"},"3":{"type":"action","id":"3","one":"1","text":"node.skewer = skewer\nskewer.nodes.push(node)"}},"updated_by":"stipan","version":20180619,"type":"drakon","language":"LANG_S42","name":"linkNodeToSkewer","when_updated":1657639124.9823}