{"keywords":{"scenario":false,"async":false,"export":false,"function":true,"algoprop":false},"tag":"314871494","params":"widget\nexisting\nitem","when_created":1664965645.0486,"parent_id":"f7515898","props":[],"created_by":"stipan","items":{"4":{"type":"action","id":"4","one":"17","text":"caseId = createItem(model, edits, fields)"},"1":{"type":"end","id":"1"},"9":{"type":"action","text":"return edits","one":"1","id":"9"},"15":{"type":"action","id":"15","one":"4","text":"fields.two = right.itemId"},"11":{"type":"action","text":"targetId = existing.next[0].itemId","one":"12","id":"11"},"12":{"type":"action","text":"item = item || {}\nfields = utils.clone(item)\nfields.one = targetId\nfields.type = \"case\"","one":"13","id":"12"},"3":{"type":"action","text":"edits = []","one":"10","id":"3"},"17":{"type":"action","text":"updateItem(\n    edits,\n    existing.itemId,\n    {two: caseId}\n)","one":"9","id":"17"},"2":{"type":"branch","branchId":0,"one":"3","id":"2"},"10":{"one":"11","id":"10","type":"action","text":"model = widget.model","two":""},"13":{"flag1":1,"id":"13","type":"question","two":"4","one":"14","text":"existing.next.length === 2"},"14":{"type":"action","text":"right = existing.next[1]","one":"15","id":"14"}},"type":"drakon","version":20180619,"updated_by":"stipan","when_updated":1675145589.8928,"name":"caseInsertCore","language":"LANG_S42"}