{"keywords":{"scenario":false,"async":false,"export":false,"function":true,"algoprop":false},"tag":"","params":"visuals\nelement\nctx","when_created":1673160613.4291,"parent_id":"f298c153","props":[],"when_updated":1673160613.4291,"items":{"11":{"one":"5","id":"11","type":"action","two":"","text":"renderFreeIconShapeComplex(\n    ctx,\n    visuals,\n    element,\n    roundedRect,\n    element.aux\n)"},"2":{"branchId":0,"one":"11","id":"2","type":"branch","text":""},"1":{"type":"end","id":"1"},"5":{"one":"1","id":"5","type":"action","text":"centerContentFree(visuals, element, ctx)","two":""}},"updated_by":"stipan","created_by":"stipan","type":"drakon","version":20180619,"name":"renderRounded","language":"LANG_S42"}