{"keywords":{"scenario":false,"async":false,"export":false,"function":true,"algoprop":false},"tag":"423782892","params":"widget","when_created":1665150516.693,"parent_id":"e674bf58","props":[],"created_by":"stipan","items":{"4":{"flag1":1,"id":"4","type":"question","text":"type","one":"5","two":"1"},"8":{"flag1":1,"id":"8","type":"question","two":"9","one":"3","text":"elements.length === 0"},"1":{"type":"end","id":"1"},"5":{"type":"action","id":"5","one":"6","text":"nodes = getNodesFromSelection(widget)"},"9":{"type":"action","text":"copyFree(widget, elements)","one":"11","id":"9"},"6":{"type":"action","id":"6","one":"7","text":"deleteSelectionCore(widget, nodes)"},"11":{"type":"action","id":"11","one":"1","text":"deleteFree(widget, elements)"},"3":{"type":"action","text":"type = copyCore(widget)","one":"4","id":"3"},"7":{"type":"action","text":"widget.showPasteSockets(type)","one":"1","id":"7"},"2":{"type":"branch","branchId":0,"one":"10","id":"2"},"10":{"type":"action","text":"elements = getSelectedFree(widget)","one":"8","id":"10"}},"updated_by":"stipan","version":20180619,"type":"drakon","language":"LANG_S42","name":"cut","when_updated":1671348580.3569}