{"keywords":{"scenario":false,"async":false,"export":false,"function":true,"algoprop":false},"tag":"727825585","params":"x1\ny1\nx2\ny2\npos\nmargin","when_created":1672987979.4074,"parent_id":"82ac4bf4","props":[],"language":"LANG_S42","items":{"37":{"branchId":1,"one":"38","id":"37","type":"branch","text":"Cull box"},"41":{"type":"action","id":"41","one":"11","text":"return true"},"38":{"one":"39","id":"38","type":"action","text":"box = calculateLineBoxCore(\n    x1,\n    y1,\n    x2,\n    y2,\n    margin\n)","two":""},"11":{"branchId":6,"one":"1","id":"11","type":"branch","text":"Exit"},"28":{"type":"action","text":"return false","one":"11","id":"28"},"18":{"type":"action","id":"18","one":"11","text":"return true"},"29":{"type":"action","text":"return true","one":"11","id":"29"},"13":{"flag1":0,"id":"13","type":"question","text":"x1 === x2","one":"14","two":"17"},"14":{"flag1":0,"id":"14","type":"question","text":"y1 === y2","one":"16","two":"12"},"1":{"type":"end","id":"1"},"15":{"branchId":4,"one":"42","id":"15","type":"branch","text":"Vertical"},"16":{"branchId":5,"one":"25","id":"16","type":"branch","text":"Precise"},"42":{"type":"action","id":"42","one":"11","text":"return true"},"25":{"type":"action","id":"25","one":"26","text":"line = lineFrom2Points(x1, y1, x2, y2)"},"40":{"type":"action","text":"return false","one":"11","id":"40"},"39":{"flag1":1,"id":"39","type":"question","text":"hitBox(box, pos.x, pos.y)","one":"2","two":"40"},"26":{"type":"action","id":"26","one":"27","text":"distance = distanceLineToPoint(\n    line,\n    pos.x,\n    pos.y\n)"},"2":{"branchId":2,"one":"13","id":"2","type":"branch","text":"Type of line"},"17":{"flag1":0,"id":"17","type":"question","text":"y1 === y2","one":"15","two":"18"},"27":{"flag1":1,"id":"27","type":"question","two":"29","one":"28","text":"Math.abs(distance) >= margin"},"12":{"branchId":3,"one":"41","id":"12","type":"branch","text":"Horizontal"}},"version":20180619,"updated_by":"stipan","type":"drakon","when_updated":1672990194.747,"name":"hitLine","created_by":"stipan"}