{"keywords":{"scenario":false,"async":false,"export":false,"function":true,"algoprop":false},"tag":"401259848","params":"visuals\nnode\nctx","when_created":1657784620.596,"parent_id":"17223349","props":[],"created_by":"stipan","items":{"4":{"one":"5","id":"4","type":"action","text":"render = visuals.config.iconRender[\n    node.type\n]","two":""},"1":{"type":"end","id":"1"},"5":{"flag1":1,"id":"5","type":"question","text":"render","one":"9","two":"6"},"2":{"type":"branch","branchId":0,"one":"10","id":"2"},"6":{"one":"1","id":"6","type":"action","text":"console.error(\n    \"iconRender callback not found for element of type: \"\n    + node.type\n)","two":""},"9":{"type":"action","text":"render(visuals, node, ctx)","one":"1","id":"9"},"10":{"type":"action","id":"10","one":"4","text":"ctx.setLineDash([])"}},"type":"drakon","version":20180619,"updated_by":"stipan","when_updated":1671130185.7463,"name":"drawIcon","language":"LANG_S42"}