{"version":20180619,"tag":"","params":"visited\nnode","when_created":1666627107.7557,"parent_id":"c978b5ef","props":[],"created_by":"stipan","items":{"4":{"flag1":1,"id":"4","type":"question","text":"node.id in visited","one":"1","two":"5"},"8":{"flag1":1,"id":"8","type":"question","text":"node.up","one":"14","two":"10"},"10":{"flag1":1,"id":"10","type":"question","text":"node.right","one":"15","two":"12"},"5":{"type":"action","id":"5","one":"6","text":"visited[node.id] = true"},"15":{"type":"action","id":"15","one":"12","text":"scanManhattan(visited, getRight(node))"},"16":{"type":"action","id":"16","one":"1","text":"scanManhattan(visited, getDown(node))"},"12":{"flag1":1,"id":"12","type":"question","two":"1","one":"16","text":"node.down"},"7":{"type":"action","id":"7","one":"8","text":"scanManhattan(visited, getLeft(node))"},"2":{"type":"branch","branchId":0,"one":"4","id":"2"},"6":{"flag1":1,"id":"6","type":"question","two":"8","one":"7","text":"node.left"},"1":{"type":"end","id":"1"},"14":{"type":"action","id":"14","one":"10","text":"scanManhattan(visited, getUp(node))"}},"type":"drakon","keywords":{"scenario":false,"async":false,"export":false,"function":true,"algoprop":false},"updated_by":"stipan","language":"LANG_S42","name":"scanManhattan","when_updated":1666627107.7557}