{"version":20180619,"tag":"307160837","params":"visuals\nnode\nctx","when_created":1666847904.9417,"parent_id":"4ee6bb37","props":[],"when_updated":1673013132.7512,"items":{"10":{"one":"26","id":"10","type":"action","text":"ctx.strokeStyle = getThemeValue(\n    visuals.config,\n    node,\n    \"internalLine\"\n)","two":""},"21":{"one":"20","id":"21","type":"action","text":"line = setFillStroke(visuals, node, ctx)","two":""},"28":{"type":"action","id":"28","one":"21","text":"h2 = getSecondaryHeightCore(\n    visuals,\n    node\n)"},"18":{"one":"17","id":"18","type":"action","text":"buildProcessPath(\n    ctx,\n    node.x + 0.5,\n    node.y + 0.5,\n    node.w,\n    node.h,\n    padding,\n    h2\n)","two":""},"29":{"one":"12","id":"29","type":"action","two":"","text":"centerContentTop(visuals, node)"},"14":{"branchId":1,"one":"28","id":"14","type":"branch","text":"Icon background"},"19":{"one":"16","id":"19","type":"action","text":"buildProcessPath(\n    ctx,\n    node.x,\n    node.y,\n    node.w,\n    node.h,\n    padding,\n    h2\n)","two":""},"9":{"one":"10","id":"9","type":"action","two":"","text":"thickness = getThemeValue(\n    visuals.config,\n    node,\n    \"borderWidth\"\n) || 1"},"6":{"one":"9","id":"6","type":"action","text":"left = node.x - node.w\ntop = node.y - node.h\nmiddle = top + h2","two":""},"16":{"one":"30","id":"16","type":"action","two":"","text":"ctx.fill()"},"30":{"one":"23","id":"30","type":"action","two":"","text":"clearShadow(ctx)"},"25":{"type":"action","id":"25","one":"29","text":"ctx.beginPath()\nctx.moveTo(x1, y1)\nctx.lineTo(x2, y1)\nctx.lineTo(x2, y2)\nctx.stroke()"},"1":{"type":"end","id":"1"},"17":{"one":"2","id":"17","type":"action","two":"","text":"ctx.stroke()"},"26":{"type":"action","id":"26","one":"25","text":"x0 = node.x - node.w + 0.5\nx1 = x0 + padding\nx3 = node.x + node.w + 0.5\nx2 = x3 - padding\ny0 = node.y - node.h + 0.5\ny1 = y0 + h2\ny2 = y0 + h2 + padding \/ 2"},"2":{"branchId":2,"one":"6","id":"2","type":"branch","text":"Branch1"},"12":{"branchId":3,"one":"1","id":"12","type":"branch","text":"Exit"},"23":{"flag1":1,"id":"23","type":"question","text":"line","one":"18","two":"2"},"20":{"one":"19","id":"20","type":"action","two":"","text":"padding = visuals.config.metre \/ 2"}},"keywords":{"scenario":false,"async":false,"export":false,"function":true,"algoprop":false},"type":"drakon","updated_by":"stipan","language":"LANG_S42","name":"renderProcess","created_by":"stipan"}