{"keywords":{"scenario":false,"async":false,"export":true,"function":true,"algoprop":false},"tag":"16751461382986","params":"array\nproperty\nvalue","when_created":1671439761.5265,"parent_id":"73128943","props":[],"items":{"4":{"type":"action","id":"4","one":"10","text":"array = array || []"},"8":{"type":"action","text":"return i","one":"1","id":"8"},"10":{"type":"action","id":"10","one":"6","text":"length = array.length"},"5":{"type":"loopend","id":"5","one":"3","text":""},"9":{"type":"action","text":"item = array[i]","one":"7","id":"9"},"6":{"type":"loopbegin","text":"i = 0; i < length; i++","one":"9","id":"6"},"3":{"type":"action","id":"3","one":"1","text":"return -1"},"7":{"flag1":0,"id":"7","type":"question","text":"item[property] === value","one":"5","two":"8"},"2":{"type":"branch","branchId":0,"one":"4","id":"2"},"1":{"type":"end","id":"1"}},"when_updated":1675146138.2986,"type":"drakon","updated_by":"stipan","version":20180619,"name":"findIndex","created_by":"stipan"}