{"version":20180619,"tag":"549149489","params":"visuals\nnode","when_created":1663612238.9512,"parent_id":"befd80d4","props":[],"language":"LANG_S42","items":{"4":{"flag1":1,"id":"4","type":"question","text":"node.itemId","one":"3","two":"5"},"1":{"type":"end","id":"1"},"5":{"type":"action","id":"5","one":"1","text":"return firstBranchNode(visuals).itemId"},"2":{"type":"branch","branchId":0,"one":"4","id":"2"},"3":{"type":"action","id":"3","one":"1","text":"return node.itemId"}},"updated_by":"stipan","keywords":{"scenario":false,"async":false,"export":false,"function":true,"algoprop":false},"type":"drakon","when_updated":1663612275.5632,"name":"getEffectiveItemId","created_by":"stipan"}