{"version":20180619,"tag":"697867930","params":"text","when_created":1675757069.2005,"parent_id":"99e62b4e","props":[],"language":"LANG_S42","items":{"4":{"type":"loopend","id":"4","one":"27","text":""},"10":{"flag1":0,"id":"10","type":"question","two":"15","one":"20","text":"isWhitespace(ch)"},"21":{"type":"action","id":"21","one":"17","text":"state = \"token\""},"22":{"type":"action","text":"state = \"ws\"","one":"23","id":"22"},"23":{"type":"action","text":"buffer = ch","one":"4","id":"23"},"7":{"flag1":1,"id":"7","type":"question","two":"27","one":"9","text":"text"},"18":{"flag1":0,"id":"18","type":"question","text":"isWhitespace(ch)","one":"19","two":"25"},"9":{"type":"action","text":"buffer = \"\"\nstate = \"ws\"","one":"5","id":"9"},"13":{"one":"10","id":"13","type":"case","two":"12","text":"\"ws\""},"14":{"type":"select","id":"14","one":"13","text":"state"},"6":{"type":"action","text":"result = []","one":"7","id":"6"},"8":{"type":"action","text":"ch = text[i]","one":"14","id":"8"},"1":{"type":"end","id":"1"},"5":{"type":"loopbegin","text":"i = 0; i < text.length; i++","one":"8","id":"5"},"24":{"one":"22","id":"24","type":"action","text":"result.push(buffer)","two":""},"15":{"type":"action","id":"15","one":"4","text":"buffer += ch"},"16":{"type":"action","id":"16","one":"21","text":"result.push(buffer)"},"26":{"one":"3","id":"26","type":"action","text":"result.push(buffer)","two":""},"25":{"flag1":1,"id":"25","type":"question","two":"22","one":"24","text":"buffer"},"12":{"one":"18","id":"12","type":"case","two":null,"text":"\"token\""},"3":{"type":"action","id":"3","one":"1","text":"return result"},"17":{"type":"action","text":"buffer = ch","one":"4","id":"17"},"2":{"type":"branch","branchId":0,"one":"6","id":"2"},"19":{"type":"action","text":"buffer += ch","one":"4","id":"19"},"27":{"flag1":1,"id":"27","type":"question","two":"3","one":"26","text":"buffer"},"20":{"flag1":1,"id":"20","type":"question","text":"buffer","one":"16","two":"21"}},"keywords":{"scenario":false,"async":false,"export":false,"function":true,"algoprop":false},"type":"drakon","updated_by":"stipan","created_by":"stipan","name":"splitByWhitespacePreserve","when_updated":1675758019.9232}