{"version":20180619,"tag":"752270904","params":"visuals\nelement\nctx","when_created":1673159148.0471,"parent_id":"f298c153","props":[],"language":"LANG_S42","items":{"4":{"one":"5","id":"4","type":"action","two":"","text":"ctx.lineWidth = getLineWidth(\n    visuals,\n    element\n)"},"8":{"type":"action","text":"leftAngle(ctx, x + dx, y, w, h)","one":"9","id":"8"},"1":{"type":"end","id":"1"},"5":{"one":"7","id":"5","type":"action","text":"ctx.strokeStyle = getLineColor(\n    visuals,\n    element\n)","two":""},"2":{"type":"branch","branchId":0,"one":"4","id":"2"},"9":{"type":"action","id":"9","one":"1","text":"leftAngle(ctx, x - dx, y, w, h)"},"7":{"type":"action","text":"w = element.width \/ 2\nh = element.height \/ 2\nx = element.left + w\ny = element.top + h","one":"10","id":"7"},"10":{"type":"action","id":"10","one":"8","text":"dx = w \/ 3"}},"keywords":{"scenario":false,"async":false,"export":false,"function":true,"algoprop":false},"type":"drakon","updated_by":"stipan","created_by":"stipan","name":"renderLeftAngle2","when_updated":1673159187.4195}