{"version":20180619,"tag":"63553052","params":"widget\nedits\nedit\nimageId\ncontent\ninserted","when_created":1676125544.0531,"parent_id":"d52a4344","props":[],"created_by":"stipan","items":{"4":{"one":"13","id":"4","type":"action","text":"edit.fields.image = newImageId","two":""},"8":{"one":"9","id":"8","type":"action","two":"","text":"newItem = {\n    content: content,\n    type: \"image\"\n}"},"1":{"type":"end","id":"1"},"5":{"flag1":1,"id":"5","type":"question","two":"8","one":"6","text":"imageId in inserted"},"9":{"one":"10","id":"9","type":"action","text":"newImageId = createItem(\n    widget.model,\n    edits,\n    newItem\n)","two":""},"6":{"one":"4","id":"6","type":"action","text":"newImageId = inserted[imageId]","two":""},"11":{"one":"12","id":"11","type":"action","two":"","text":"widget.images[newImageId] = newImage"},"12":{"one":"4","id":"12","type":"action","text":"inserted[imageId] = newImageId","two":""},"7":{"one":"11","id":"7","type":"action","text":"await loadImage(newImage)","two":""},"2":{"type":"branch","branchId":0,"one":"5","id":"2"},"13":{"one":"1","id":"13","type":"action","text":"incrementImageRefCount(\n    widget,\n    newImageId\n)","two":""},"10":{"one":"7","id":"10","type":"action","text":"newImage = {\n    content: content,\n    refCount: 0\n}","two":""}},"keywords":{"scenario":false,"async":true,"export":false,"function":true,"algoprop":false},"updated_by":"stipan","type":"drakon","when_updated":1676125671.6189,"name":"createImageItem","language":"LANG_S42"}