{"keywords":{"scenario":false,"async":false,"export":false,"function":true,"algoprop":false},"tag":"836272493","params":"visuals\nelement\nctx","when_created":1673076889.5398,"parent_id":"32dea8ec","props":[],"when_updated":1673096094.7969,"items":{"1":{"type":"end","id":"1"},"21":{"type":"action","text":"h = element.height \/ 2","one":"22","id":"21"},"24":{"type":"action","id":"24","one":"17","text":"config = visuals.config"},"22":{"type":"action","id":"22","one":"18","text":"x = element.left + element.width - w\ny = element.top + h"},"16":{"one":"20","id":"16","type":"action","two":"","text":"centerContentFree(visuals, element, ctx)"},"25":{"type":"action","text":"triPath(ctx, x0, y0, x1, y0, x, y1)","one":"26","id":"25"},"23":{"one":"25","id":"23","type":"action","text":"ctx.fillStyle = getThemeValue(\n    config,\n    element,\n    \"iconBorder\"\n)","two":""},"26":{"type":"action","id":"26","one":"1","text":"ctx.fill()"},"17":{"one":"16","id":"17","type":"action","text":"renderFreeIconShape(\n    ctx,\n    visuals,\n    element,\n    buildRectCoords,\n    undefined\n)","two":""},"18":{"type":"action","text":"xp = w * 0.5\nyp = h * 0.6\nx0 = x - w + xp\nx1 = x + w - xp\ny0 = y - h + yp\ny1 = y + h - yp","one":"27","id":"18"},"2":{"branchId":0,"one":"24","id":"2","type":"branch","text":""},"27":{"one":"23","id":"27","type":"action","text":"clearShadow(ctx)","two":""},"20":{"type":"action","text":"w = Math.round(\n    getComboButtonWidth(element) \/ 2\n)","one":"21","id":"20"}},"type":"drakon","version":20180619,"updated_by":"stipan","created_by":"stipan","name":"render","language":"LANG_S42"}