{"keywords":{"scenario":false,"async":false,"export":false,"function":true,"algoprop":false},"tag":"44552497","params":"ctx\nx\ny","when_created":1667639881.8756,"parent_id":"99e62b4e","props":[],"language":"LANG_S42","items":{"4":{"type":"action","text":"ctx.beginPath()\nctx.moveTo(x0, y1)\nctx.lineTo(x1, y0)\nctx.lineTo(x2, y0)\nctx.lineTo(x3, y1)\nctx.lineTo(x3, y2)\nctx.lineTo(x2, y3)\nctx.lineTo(x1, y3)\nctx.lineTo(x0, y2)\nctx.closePath()","one":"5","id":"4"},"8":{"type":"action","id":"8","one":"9","text":" aradius = radius - 7\n m = aradius * 1.0\nx0 = x - aradius\nx1 = x + aradius - m\nx2 = x + aradius\ny0 = y - aradius\ny1 = y0 + m\ny2 = y + aradius"},"10":{"type":"action","id":"10","one":"6","text":"line1(ctx, x0, y2, x2, y0)\nline2(ctx, x, y0, x2, y0, x2, y)"},"5":{"type":"action","text":"ctx.fillStyle = \"#000090\"\nctx.fill()","one":"7","id":"5"},"9":{"type":"action","text":"ctx.strokeStyle = \"white\"\nctx.lineWidth = 3\nctx.setLineDash([])","one":"10","id":"9"},"6":{"branchId":3,"one":"1","id":"6","type":"branch","text":"Exit"},"3":{"type":"action","id":"3","one":"4","text":" size = 24\n radius = size \/ 2\n angle = 3\n x0 = x - radius\n x1 = x0 + angle\n x3 = x + radius\n x2 = x3 - angle\n y0 = y - radius\n y1 = y0 + angle\n y3 = y + radius\n y2 = y3 - angle"},"7":{"branchId":2,"one":"8","id":"7","type":"branch","text":"Arrow"},"2":{"branchId":1,"one":"3","id":"2","type":"branch","text":"Icon back"},"1":{"type":"end","id":"1"}},"type":"drakon","version":20180619,"updated_by":"stipan","when_updated":1668841220.1582,"name":"drawLinkIcon","created_by":"stipan"}