{"keywords":{"scenario":false,"async":false,"export":false,"function":true,"algoprop":false},"tag":"580658225","params":"widget\nedits","when_created":1666857569.9531,"parent_id":"f7515898","props":[],"language":"LANG_S42","items":{"8":{"type":"action","text":"fonts = widget.redraw()","one":"11","id":"8"},"1":{"type":"end","id":"1"},"9":{"one":"8","id":"9","type":"action","text":"changesToSave = widget.edit.updateDocument(\n    edits,\n    before,\n    after\n)","two":""},"15":{"one":"9","id":"15","type":"action","text":"after = utils.deepClone(widget.selection)","two":""},"11":{"type":"action","id":"11","one":"12","text":"widget.edit.save(changesToSave)"},"12":{"type":"action","id":"12","one":"1","text":"return fonts"},"2":{"type":"branch","branchId":0,"one":"13","id":"2"},"13":{"type":"action","id":"13","one":"14","text":"deleteOrphanImages(widget, edits)"},"14":{"one":"15","id":"14","type":"action","text":"before = utils.deepClone(\n    widget.selection\n)","two":""}},"version":20180619,"type":"drakon","updated_by":"stipan","created_by":"stipan","name":"updateAndKeepSelection","when_updated":1681384925.9176}