{"keywords":{"scenario":false,"async":false,"export":false,"function":true,"algoprop":false},"tag":"85838134","params":"widget\nedits","when_created":1666857569.9531,"parent_id":"befd80d4","props":[],"language":"LANG_S42","items":{"11":{"type":"action","id":"11","one":"12","text":"widget.edit.save(changesToSave)"},"12":{"type":"action","id":"12","one":"1","text":"return fonts"},"1":{"type":"end","id":"1"},"2":{"type":"branch","branchId":0,"one":"13","id":"2"},"9":{"one":"8","id":"9","type":"action","two":"","text":"changesToSave = widget.edit.updateDocument(\n    edits\n)"},"13":{"type":"action","text":"deleteOrphanImages(widget, edits)","one":"9","id":"13"},"8":{"type":"action","text":"fonts = widget.redraw()","one":"11","id":"8"}},"type":"drakon","version":20180619,"updated_by":"stipan","created_by":"stipan","name":"updateAndKeepSelection","when_updated":1676130867.2073}