{"version":20180619,"tag":"134628145","params":"textBlock\nminWidth\nmaxWidth","when_created":1667586982.1708,"parent_id":"f67c537c","props":[],"when_updated":1667588356.8517,"items":{"4":{"type":"action","text":"return flowTextBlock(textBlock, width)","one":"1","id":"4"},"1":{"type":"end","id":"1"},"5":{"type":"action","id":"5","one":"4","text":"width = Math.max(minWidth, width)"},"2":{"type":"branch","branchId":0,"one":"3","id":"2"},"3":{"type":"action","text":"width = Math.min(\n    maxWidth,\n    textBlock.width\n)","one":"5","id":"3"}},"updated_by":"stipan","keywords":{"scenario":false,"async":false,"export":false,"function":true,"algoprop":false},"type":"drakon","language":"LANG_S42","name":"measureFlow","created_by":"stipan"}