{"version":20180619,"tag":"177405376","params":"c","when_created":1665292791.197,"parent_id":"f7515898","props":[],"when_updated":1665292922.6638,"items":{"4":{"flag1":1,"id":"4","type":"question","two":"6","one":"5","text":"c >= zero"},"1":{"type":"end","id":"1"},"5":{"flag1":1,"id":"5","type":"question","two":"6","one":"3","text":"c <= nine"},"2":{"type":"branch","branchId":0,"one":"7","id":"2"},"6":{"type":"action","id":"6","one":"1","text":"return false"},"7":{"type":"action","id":"7","one":"4","text":"zero = 48\nnine = 57"},"3":{"type":"action","id":"3","one":"1","text":"return true"}},"type":"drakon","keywords":{"scenario":false,"async":false,"export":false,"function":true,"algoprop":false},"updated_by":"stipan","language":"LANG_S42","name":"isDigit","created_by":"stipan"}