{"keywords":{"scenario":false,"async":false,"export":false,"function":true,"algoprop":false},"tag":"114533472","params":"crawler\nquestion","when_created":1664017340.0661,"parent_id":"8e739cfd","props":[],"language":"LANG_S42","items":{"4":{"flag1":0,"id":"4","type":"question","text":"question.zoned","one":"3","two":"1"},"1":{"type":"end","id":"1"},"5":{"type":"action","text":"inner = createInnerRight(\n    crawler.visuals,\n    sub\n)","one":"7","id":"5"},"2":{"type":"branch","branchId":0,"one":"4","id":"2"},"6":{"type":"action","id":"6","one":"5","text":"outer = createOuter(crawler.visuals, sub)"},"7":{"type":"action","id":"7","one":"1","text":"crawl(outer, question.down)\ncrawl(inner, question.right)"},"3":{"type":"action","text":"sub = createSubspace(crawler.visuals)","one":"6","id":"3"}},"version":20180619,"updated_by":"stipan","type":"drakon","created_by":"stipan","name":"createQSubspace","when_updated":1664017483.8163}