{"version":20180619,"tag":"310079495","params":"visuals\nelement","when_created":1672850990.0363,"parent_id":"3915d73e","props":[],"created_by":"stipan","items":{"2":{"type":"branch","branchId":0,"one":"9","id":"2"},"8":{"one":"1","id":"8","type":"action","text":"return buildTextContent(\n    visuals,\n    element,\n    options,\n    element.width - element.aux\n)","two":""},"1":{"type":"end","id":"1"},"9":{"one":"8","id":"9","type":"action","two":"","text":"options = {}"}},"type":"drakon","keywords":{"scenario":false,"async":false,"export":false,"function":true,"algoprop":false},"updated_by":"stipan","when_updated":1672852393.3038,"name":"flow","language":"LANG_S42"}