{"keywords":{"scenario":false,"async":false,"export":false,"function":true,"algoprop":false},"tag":"239195297","params":"visuals\nelement\nctx","when_created":1672986497.5467,"parent_id":"2459b0c2","props":[],"created_by":"stipan","items":{"75":{"type":"action","text":"coords = element.coords.map(\n    function (point) {\n        return {\n            x: point.x + element.left,\n            y: point.y + element.top\n        }\n    }\n)","one":"95","id":"75"},"97":{"type":"action","id":"97","one":"11","text":"drawHead(\n    ctx,\n    coords,\n    style.headStyle,\n    line,\n    iconBack,\n    lineWidth\n)"},"1":{"type":"end","id":"1"},"5":{"type":"action","id":"5","one":"99","text":"config = visuals.config"},"98":{"type":"action","id":"98","one":"75","text":"ctx.fillStyle = lines\nctx.strokeStyle = lines"},"74":{"branchId":2,"one":"98","id":"74","type":"branch","text":"Draw line"},"95":{"type":"action","text":"multilineSharp(\n    ctx,\n    coords,\n    line,\n    lineWidth\n)","one":"96","id":"95"},"94":{"type":"action","id":"94","one":"74","text":"setLineDashFromStyle(\n    config,\n    element,\n    lineWidth,\n    \"lineStyle\",\n    ctx\n)"},"11":{"branchId":3,"one":"1","id":"11","type":"branch","text":"Exit"},"23":{"type":"action","text":"minLine = 40","one":"5","id":"23"},"99":{"one":"100","id":"99","type":"action","text":"lineWidth = getLineWidth(\n    visuals,\n    element\n)","two":""},"72":{"one":"94","id":"72","type":"action","text":"iconBack = getThemeValue(\n    config,\n    element,\n    \"iconBack\"\n)","two":""},"2":{"branchId":1,"one":"31","id":"2","type":"branch","text":"Setup"},"100":{"one":"72","id":"100","type":"action","two":"","text":"lines = getLineColor(visuals, element)"},"96":{"type":"action","text":"drawTail(\n    ctx,\n    coords,\n    style.tailStyle,\n    line,\n    iconBack,\n    lineWidth\n)","one":"97","id":"96"},"31":{"type":"action","id":"31","one":"23","text":"style = element.style || {}"}},"version":20180619,"type":"drakon","updated_by":"stipan","when_updated":1673013918.0064,"name":"render","language":"LANG_S42"}