{"version":20180619,"tag":"869929548","params":"target","when_created":1667486478.5978,"parent_id":"36bf5937","props":[],"items":{"70":{"type":"case","id":"70","one":"74","text":"line()"},"40":{"one":"44","id":"40","type":"case","text":"under()","two":"41"},"31":{"one":"35","id":"31","type":"case","text":"next(ch)","two":"32"},"21":{"type":"action","id":"21","one":"15","text":"target.line()"},"41":{"one":"45","id":"41","type":"case","text":"next(ch)","two":"42"},"50":{"one":"54","id":"50","type":"case","two":"51","text":"next(ch)"},"32":{"one":"38","id":"32","type":"case","two":"33","text":"white()"},"11":{"branchId":5,"one":"57","id":"11","type":"branch","text":"Em"},"62":{"type":"action","text":"target.end()","one":"15","id":"62"},"51":{"one":"55","id":"51","type":"case","two":"52","text":"white()"},"52":{"type":"case","text":"line()","one":"56","id":"52"},"44":{"type":"action","text":"target.next(\"_\")","one":"15","id":"44"},"43":{"type":"case","text":"line()","one":"47","id":"43"},"64":{"type":"action","text":"target.white()","one":"11","id":"64"},"8":{"branchId":2,"one":"29","id":"8","type":"branch","text":"Under"},"45":{"type":"action","text":"target.strong()\ntarget.next(ch)","one":"10","id":"45"},"75":{"type":"action","id":"75","one":"10","text":"target.next(\"_\")\ntarget.next(ch)"},"65":{"type":"action","id":"65","one":"15","text":"target.line()"},"15":{"branchId":1,"one":"19","id":"15","type":"branch","text":"Normal"},"16":{"type":"case","text":"line()","one":"21","id":"16"},"35":{"type":"action","id":"35","one":"11","text":"target.em()\ntarget.next(ch)"},"46":{"type":"action","id":"46","one":"15","text":"target.next(\"__\")\ntarget.white()"},"67":{"one":"71","id":"67","type":"case","text":"under()","two":"68"},"17":{"one":"20","id":"17","type":"case","text":"next(ch)","two":"27"},"47":{"type":"action","id":"47","one":"15","text":"target.next(\"__\")\ntarget.line()"},"27":{"one":"28","id":"27","type":"case","text":"white()","two":"16"},"58":{"one":"62","id":"58","type":"case","text":"under()","two":"59"},"37":{"type":"action","id":"37","one":"15","text":"target.next(\"_\")\ntarget.line()"},"56":{"type":"action","text":"target.line()","one":"15","id":"56"},"9":{"branchId":3,"one":"39","id":"9","type":"branch","text":"Under2"},"74":{"type":"action","text":"target.next(\"_\")\ntarget.line()","one":"15","id":"74"},"38":{"type":"action","id":"38","one":"15","text":"target.next(\"_\")\ntarget.white()"},"57":{"type":"select","id":"57","one":"58","text":"receive"},"73":{"type":"action","id":"73","one":"10","text":"target.next(\"_\")\ntarget.white()"},"28":{"type":"action","text":"target.white()","one":"15","id":"28"},"71":{"type":"action","text":"target.end()","one":"15","id":"71"},"48":{"type":"select","id":"48","one":"49","text":"receive"},"39":{"type":"select","id":"39","one":"40","text":"receive"},"29":{"type":"select","id":"29","one":"30","text":"receive"},"66":{"type":"select","id":"66","one":"67","text":"receive"},"49":{"one":"6","id":"49","type":"case","two":"50","text":"under()"},"68":{"one":"75","id":"68","type":"case","two":"69","text":"next(ch)"},"69":{"one":"73","id":"69","type":"case","text":"white()","two":"70"},"19":{"type":"select","id":"19","one":"18","text":"receive"},"63":{"type":"action","text":"target.next(ch)","one":"11","id":"63"},"61":{"type":"case","text":"line()","one":"65","id":"61"},"60":{"one":"64","id":"60","type":"case","two":"61","text":"white()"},"6":{"branchId":6,"one":"66","id":"6","type":"branch","text":"After strong under"},"59":{"one":"63","id":"59","type":"case","two":"60","text":"next(ch)"},"55":{"type":"action","text":"target.white()","one":"10","id":"55"},"54":{"type":"action","text":"target.next(ch)","one":"10","id":"54"},"33":{"type":"case","id":"33","one":"37","text":"line()"},"18":{"one":"8","id":"18","type":"case","two":"17","text":"under()"},"30":{"one":"9","id":"30","type":"case","two":"31","text":"under()"},"10":{"branchId":4,"one":"48","id":"10","type":"branch","text":"Strong"},"42":{"one":"46","id":"42","type":"case","two":"43","text":"white()"},"20":{"type":"action","text":"target.next(ch)","one":"15","id":"20"}},"created_by":"stipan","type":"drakon","updated_by":"stipan","keywords":{"scenario":false,"async":true,"export":false,"function":true,"algoprop":false},"name":"MarkDown","when_updated":1667489944.5486}