{"keywords":{"scenario":false,"async":false,"export":false,"function":true,"algoprop":false},"tag":"565358684","params":"widget\nnode","when_created":1665066224.3732,"parent_id":"f474e5bd","props":[],"when_updated":1673419927.0243,"items":{"4":{"one":"7","id":"4","type":"action","text":"edits = [change]","two":""},"8":{"type":"action","text":"deleteItemCore(edits, \"params\")","one":"6","id":"8"},"1":{"type":"end","id":"1"},"5":{"one":"4","id":"5","type":"action","two":"","text":"change = {\n    fields: {params: \"\"},\n    op: \"update\"\n}"},"2":{"type":"branch","branchId":0,"one":"5","id":"2"},"6":{"type":"action","id":"6","one":"1","text":"return edits"},"7":{"flag1":0,"id":"7","type":"question","text":"\"params\" in widget.model.items","one":"6","two":"8"}},"version":20180619,"type":"drakon","updated_by":"stipan","created_by":"stipan","name":"deleteParams","language":"LANG_S42"}