{"version":20180619,"tag":"234011531","params":"pos","when_created":1671559690.7769,"parent_id":"3df720c9","props":[],"created_by":"stipan","items":{"2":{"type":"branch","branchId":0,"one":"4","id":"2"},"4":{"one":"3","id":"4","type":"action","two":"","text":"item = {\n    type: \"text\",\n    left: pos.x,\n    top: pos.y,\n    width: 200,\n    height: 20,\n    content: \"<p>Text<\/p>\"\n}"},"1":{"type":"end","id":"1"},"3":{"type":"action","id":"3","one":"1","text":"return item"}},"keywords":{"scenario":false,"async":false,"export":false,"function":true,"algoprop":false},"updated_by":"stipan","type":"drakon","language":"LANG_S42","name":"create","when_updated":1671559755.3899}