{"version":20180619,"tag":"995558158","params":"visuals\nnode\nctx","when_created":1666762124.438,"parent_id":"4ee6bb37","props":[],"when_updated":1672559904.7673,"items":{"2":{"type":"branch","branchId":0,"one":"24","id":"2"},"23":{"one":"1","id":"23","type":"action","text":"centerContent(visuals, node, ctx)","two":""},"1":{"type":"end","id":"1"},"24":{"one":"23","id":"24","type":"action","text":"renderDrakonIconShapeComplex(\n    ctx,\n    visuals,\n    node,\n    buildBeginEndPath,\n    undefined\n)","two":""}},"updated_by":"stipan","created_by":"stipan","type":"drakon","keywords":{"scenario":false,"async":false,"export":false,"function":true,"algoprop":false},"name":"renderHeader","language":"LANG_S42"}