{"keywords":{"scenario":false,"async":false,"export":false,"function":true,"algoprop":false},"tag":"650348798","params":"visuals\nitemId\ntype\ncontent\nid","when_created":1657538491.7715,"parent_id":"84128d97","props":[],"language":"LANG_S42","items":{"4":{"flag1":1,"id":"4","type":"question","two":"5","one":"3","text":"id"},"8":{"type":"action","text":"visuals.itemsToNodes[itemId] = id","one":"10","id":"8"},"1":{"type":"end","id":"1"},"5":{"type":"action","id":"5","one":"3","text":"id = \"n\" + getNextId(visuals)"},"9":{"type":"action","id":"9","one":"1","text":"return node"},"15":{"type":"action","id":"15","one":"9","text":"visuals.header = node"},"16":{"type":"action","id":"16","one":"9","text":"visuals.end = node"},"6":{"type":"action","text":"visuals.nodes[id] = node","one":"7","id":"6"},"11":{"type":"case","one":"9","id":"11"},"12":{"one":"16","id":"12","type":"case","text":"\"end\"","two":"11"},"3":{"type":"action","id":"3","one":"6","text":"node = {\n    id: id,\n    itemId: itemId,\n    type: type,\n    content: content,\n    w: 0,\n    h: 0,\n    next: [],\n    prev: [],\n    aprev: [],\n    targets: [],\n    sources: [],\n    parallelStack: [],\n    loops: {}\n}"},"7":{"flag1":1,"id":"7","type":"question","two":"10","one":"8","text":"itemId"},"2":{"type":"branch","branchId":0,"one":"4","id":"2"},"10":{"type":"action","id":"10","one":"14","text":"addToMultiDict(\n    visuals.byType,\n    node.type,\n    node.id\n)"},"13":{"one":"15","id":"13","type":"case","text":"\"header\"","two":"12"},"14":{"type":"select","id":"14","one":"13","text":"node.type"}},"version":20180619,"updated_by":"stipan","type":"drakon","when_updated":1666528623.5229,"name":"createNode","created_by":"stipan"}