{"keywords":{"scenario":false,"async":false,"export":false,"function":true,"algoprop":false},"tag":"154180042","params":"context\nnode1\nnextItemId","when_created":1657540235.7638,"parent_id":"9b19b1c2","props":[],"when_updated":1675146568.614,"items":{"4":{"flag1":1,"id":"4","type":"question","two":"1","one":"7","text":"nextItemId"},"10":{"type":"action","id":"10","one":"11","text":"node1.next.push(node2)\nnode2.prev.push(node1)"},"5":{"type":"action","id":"5","one":"6","text":"node2 = getNodeForItem(\n    visuals,\n    nextItemId\n)"},"22":{"type":"action","text":"flowIcon(visuals, address)","one":"23","id":"22"},"11":{"flag1":1,"id":"11","type":"question","two":"1","one":"12","text":"prevCount === 0"},"23":{"type":"action","id":"23","one":"17","text":"address.branch = node2\naddress.itemId = node2.itemId\ncontext.addresses.push(address)"},"7":{"type":"action","id":"7","one":"5","text":"visuals = context.visuals"},"18":{"flag1":1,"id":"18","type":"question","text":"address.branch.id == nextItemId","one":"17","two":"20"},"13":{"flag1":0,"id":"13","type":"question","text":"isUpstream(visuals, node1, node2)","one":"9","two":"14"},"14":{"type":"action","text":"node1.next.push(node2)\nnode2.aprev.push(node1)","one":"1","id":"14"},"8":{"flag1":0,"id":"8","type":"question","two":"13","one":"9","text":"isArrowLoop(node2)"},"1":{"type":"end","id":"1"},"9":{"type":"action","text":"prevCount = node2.prev.length","one":"10","id":"9"},"15":{"type":"action","id":"15","one":"16","text":"address = utils.last(context.addresses)"},"16":{"flag1":1,"id":"16","type":"question","text":"address","one":"18","two":"20"},"17":{"type":"action","id":"17","one":"1","text":"node1.next.push(address)\naddress.prev.push(node1)"},"2":{"type":"branch","branchId":0,"one":"4","id":"2"},"6":{"flag1":0,"id":"6","type":"question","two":"15","one":"8","text":"node2.type == \"branch\""},"12":{"type":"action","id":"12","one":"1","text":"linkNodeToChildren(context, nextItemId)"},"20":{"type":"action","text":"address = createNode(\n    visuals,\n    undefined,\n    \"address\",\n    node2.content,\n    undefined\n)","one":"22","id":"20"}},"updated_by":"stipan","version":20180619,"type":"drakon","language":"LANG_S42","name":"linkNext","created_by":"stipan"}