{"version":20180619,"tag":"16751610430871","params":"text\nneedle\nstart","when_created":1675161037.7767,"parent_id":"73128943","props":[],"language":"LANG_S42","items":{"4":{"type":"loopend","id":"4","one":"3","text":""},"1":{"type":"end","id":"1"},"5":{"type":"loopbegin","id":"5","one":"6","text":"i = text.length - start - 1; i >= 0; i--"},"2":{"type":"branch","branchId":0,"one":"5","id":"2"},"6":{"flag1":0,"id":"6","type":"question","two":"7","one":"4","text":"text[i] === needle"},"7":{"type":"action","id":"7","one":"1","text":"return i"},"3":{"type":"action","text":"return -1","one":"1","id":"3"}},"keywords":{"scenario":false,"async":false,"export":true,"function":true,"algoprop":false},"type":"drakon","updated_by":"stipan","when_updated":1675161043.0872,"name":"findFromEnd","created_by":"stipan"}