{"keywords":{"scenario":false,"async":false,"export":false,"function":true,"algoprop":false},"tag":"326036975","params":"visuals\nnodes","when_created":1657696010.2427,"parent_id":"794efc2c","props":[],"when_updated":1657696164.363,"items":{"2":{"type":"branch","branchId":0,"one":"3","id":"2"},"4":{"type":"action","id":"4","one":"1","text":"nodes.forEach(\n    function (node) {\n        node.h = height\n    }\n)"},"1":{"type":"end","id":"1"},"3":{"type":"action","text":"height = nodes.reduce(maxHeight, 0)","one":"4","id":"3"}},"version":20180619,"type":"drakon","updated_by":"stipan","created_by":"stipan","name":"setSameHeightForNodes","language":"LANG_S42"}