{"version":20180619,"tag":"518385668","params":"widget\nelement\nctx","when_created":1672851828.9567,"parent_id":"791b14d4","props":[],"when_updated":1673007349.0992,"items":{"4":{"one":"5","id":"4","type":"action","text":"handle = RoundedRadius()","two":""},"8":{"one":"12","id":"8","type":"action","two":"","text":"handle.right = right\nhandle.touch = touch\nhandle.color = \"yellow\""},"1":{"type":"end","id":"1"},"5":{"one":"9","id":"5","type":"action","text":"setCommonHandleFields(\n    widget,\n    element,\n    handle\n)","two":""},"9":{"one":"10","id":"9","type":"action","text":"right = element.left + element.width","two":""},"6":{"one":"3","id":"6","type":"action","text":"createHandle(visuals, handle, ctx)","two":""},"11":{"type":"action","id":"11","one":"4","text":"visuals = widget.visuals"},"12":{"type":"action","id":"12","one":"6","text":"handle.primId = \"radius-\" + element.id"},"3":{"type":"action","one":"1","id":"3"},"7":{"one":"8","id":"7","type":"action","two":"","text":"handle.x = right - element.aux - touch\n* 2\nhandle.y = element.top\nhandle.minX = element.left + touch * 2\nhandle.maxX = right - touch * 2"},"2":{"type":"branch","branchId":0,"one":"11","id":"2"},"10":{"one":"7","id":"10","type":"action","text":"touch = visuals.config.socketTouchRadius","two":""}},"keywords":{"scenario":false,"async":false,"export":false,"function":true,"algoprop":false},"language":"LANG_S42","type":"drakon","updated_by":"stipan","name":"createRadiusHandle","created_by":"stipan"}