{"keywords":{"scenario":false,"async":false,"export":false,"function":true,"algoprop":false},"tag":"489579993","params":"widget\nelement\nctx","when_created":1672986217.516,"parent_id":"2459b0c2","props":[],"language":"LANG_S42","items":{"1":{"type":"end","id":"1"},"20":{"type":"action","text":"handle.primId = \"vertex-\" + i + \"-\" + element\n.id","one":"14","id":"20"},"9":{"one":"11","id":"9","type":"action","text":"visuals = widget.visuals","two":""},"15":{"one":"16","id":"15","type":"action","text":"handle.x = left + point.x\nhandle.y = top + point.y\nhandle.radius = point.radius\nhandle.minX = Number.MIN_SAFE_INTEGER\nhandle.maxX = Number.MAX_SAFE_INTEGER\nhandle.minY = Number.MIN_SAFE_INTEGER\nhandle.maxY = Number.MAX_SAFE_INTEGER","two":""},"16":{"one":"20","id":"16","type":"action","text":"handle.left = left\nhandle.top = top\nhandle.color = \"yellow\"\nhandle.ordinal = i","two":""},"2":{"branchId":0,"one":"9","id":"2","type":"branch","text":""},"11":{"type":"loopbegin","id":"11","one":"18","text":"i = 0; i < element.coords.length; i++"},"12":{"one":"13","id":"12","type":"action","text":"handle = VertexHandle()","two":""},"19":{"type":"action","id":"19","one":"15","text":"handle.addVertex = addLineVertex"},"17":{"one":"19","id":"17","type":"action","text":"left = element.left\ntop = element.top","two":""},"18":{"type":"action","text":"point = element.coords[i]","one":"12","id":"18"},"10":{"type":"loopend","text":"","one":"1","id":"10"},"13":{"one":"17","id":"13","type":"action","two":"","text":"setCommonHandleFields(\n    widget,\n    element,\n    handle\n)"},"14":{"one":"10","id":"14","type":"action","two":"","text":"createHandle(visuals, handle, ctx)"}},"version":20180619,"updated_by":"stipan","type":"drakon","created_by":"stipan","name":"drawCandies","when_updated":1673007603.134}