{"keywords":{"scenario":false,"async":false,"export":false,"function":true,"algoprop":false},"tag":"689779513","params":"node\nparentX\nparentY","when_created":1673338972.8024,"parent_id":"befd80d4","props":[],"language":"LANG_S42","items":{"4":{"type":"loopend","text":"","one":"1","id":"4"},"8":{"type":"action","id":"8","one":"4","text":"bakeSubtreeCoords(\n    child,\n    subtreeX,\n    subtreeY\n)"},"1":{"type":"end","id":"1"},"5":{"type":"loopbegin","text":"child; node.children","one":"8","id":"5"},"2":{"type":"branch","branchId":0,"one":"6","id":"2"},"6":{"type":"action","text":"subtreeX = node.subtreeBox.left + parentX","one":"7","id":"6"},"7":{"type":"action","id":"7","one":"3","text":"subtreeY = node.subtreeBox.top + parentY"},"3":{"type":"action","id":"3","one":"5","text":"node.x += subtreeX\nnode.y += subtreeY"}},"version":20180619,"updated_by":"stipan","type":"drakon","created_by":"stipan","name":"bakeSubtreeCoords","when_updated":1673339155.7971}