{"version":20180619,"tag":"474967394","params":"ears","when_created":1672826728.7461,"parent_id":"2ffccec2","props":[],"language":"LANG_S42","items":{"4":{"type":"case","one":"8","id":"4"},"8":{"type":"action","id":"8","one":"1","text":"return \"horizontal\""},"1":{"type":"end","id":"1"},"5":{"one":"3","id":"5","type":"case","two":"4","text":"\"down\""},"2":{"type":"branch","branchId":0,"one":"7","id":"2"},"6":{"one":"3","id":"6","type":"case","two":"5","text":"\"up\""},"7":{"type":"select","id":"7","one":"6","text":"ears.selected"},"3":{"type":"action","text":"return \"vertical\"","one":"1","id":"3"}},"updated_by":"stipan","keywords":{"scenario":false,"async":false,"export":false,"function":true,"algoprop":false},"type":"drakon","created_by":"stipan","name":"getEarRole","when_updated":1672832067.82}