{"version":20180619,"tag":"235973216","params":"zoomer\nwidget\nevt","when_created":1687367898.7428,"parent_id":"f4e542f6","props":[],"language":"LANG_S42","items":{"4":{"one":"5","id":"4","type":"action","text":"widget.setZoom(zoom)","two":""},"8":{"one":"3","id":"8","type":"action","text":"dist = Math.sqrt(kx * kx + ky * ky)","two":""},"1":{"type":"end","id":"1"},"5":{"one":"1","id":"5","type":"action","two":"","text":"widget.visuals.config.onZoomChanged(zoom)"},"9":{"one":"8","id":"9","type":"action","text":"kx = startX2 - startX1\nky = startY2 - startY1","two":""},"11":{"type":"action","id":"11","one":"4","text":"widget.visuals.mouseX = zoomer.cx\nwidget.visuals.mouseY = zoomer.cy"},"3":{"type":"action","text":"zoom = Math.round(\n    dist \/ zoomer.startDist * zoomer.startZoom\n)","one":"11","id":"3"},"2":{"type":"branch","branchId":0,"one":"10","id":"2"},"10":{"type":"action","id":"10","one":"9","text":"startX1 = evt.touches[0].clientX\nstartY1 = evt.touches[0].clientY\nstartX2 = evt.touches[1].clientX\nstartY2 = evt.touches[1].clientY"}},"updated_by":"stipan","keywords":{"scenario":false,"async":false,"export":false,"function":true,"algoprop":false},"type":"drakon","when_updated":1687411823.238,"name":"onTouchZoom","created_by":"stipan"}