{"keywords":{"scenario":false,"async":false,"export":false,"function":true,"algoprop":false},"tag":"312683460","params":"visuals\nstartNode","when_created":1657545851.8408,"parent_id":"82d2ccaf","props":[],"created_by":"stipan","items":{"4":{"branchId":8,"one":"1","id":"4","type":"branch","text":"Exit"},"40":{"type":"action","id":"40","one":"38","text":"makeUpEdge(visuals, top, bottom, node2)"},"10":{"branchId":7,"one":"42","id":"10","type":"branch","text":"Next nodes"},"21":{"type":"action","text":"makeDownEdge(\n    visuals,\n    node1,\n    node2,\n    node2\n)","one":"10","id":"21"},"41":{"type":"action","id":"41","one":"38","text":"bottom = splitVerticalUp(\n    visuals,\n    node2.upEdge\n)"},"22":{"flag1":1,"id":"22","type":"question","two":"27","one":"45","text":"mountUp"},"32":{"flag1":0,"id":"32","type":"question","two":"34","one":"33","text":"node2.rightEdge"},"11":{"type":"action","id":"11","one":"5","text":"planNextSteps(visuals, stack, startNode)"},"23":{"type":"action","text":"makeDownEdge(\n    visuals,\n    node1,\n    mountUp,\n    node2\n)","one":"24","id":"23"},"7":{"branchId":4,"one":"22","id":"7","type":"branch","text":"Join"},"33":{"type":"action","text":"turn180up(visuals, node1, node2)","one":"5","id":"33"},"13":{"type":"action","text":"step = stack.pop()\nnode1 = step.node1\nnode2 = step.node2","one":"14","id":"13"},"14":{"flag1":0,"id":"14","type":"question","two":"20","one":"15","text":"step.back"},"34":{"type":"action","text":"jun2 = splitRight(\n    visuals,\n    node2.rightEdge\n)","one":"35","id":"34"},"45":{"flag1":1,"id":"45","type":"question","two":"27","one":"43","text":"parallelCompatible(node1, mountUp)"},"24":{"flag1":1,"id":"24","type":"question","text":"mountUp === node2.mountUp","one":"25","two":"5"},"15":{"flag1":1,"id":"15","type":"question","text":"step.down","one":"17","two":"16"},"16":{"type":"action","text":"node1 = turnDown(visuals, node1, node2)","one":"17","id":"16"},"35":{"type":"action","text":"makeDownEdge(visuals, node1, jun2, node2)","one":"5","id":"35"},"25":{"type":"action","text":"node2.mountUp = null","one":"5","id":"25"},"26":{"flag1":1,"id":"26","type":"question","two":"31","one":"29","text":"mountRight"},"36":{"flag1":0,"id":"36","type":"question","two":"41","one":"39","text":"node2.upEdge"},"27":{"type":"action","text":"jun2 = createLeftUp(\n    visuals,\n    node2,\n    node2\n)","one":"28","id":"27"},"37":{"type":"action","id":"37","one":"36","text":"top = getRight(node2)"},"38":{"type":"action","id":"38","one":"5","text":"node2.rightEdge = makeRightEdge(\n    visuals,\n    node1,\n    bottom,\n    node2\n)"},"28":{"type":"action","id":"28","one":"26","text":"makeDownEdge(visuals, node1, jun2, node2)"},"18":{"flag1":0,"id":"18","type":"question","text":"node2.up","one":"6","two":"19"},"29":{"type":"action","text":"makeLeftEdge(\n    visuals,\n    mountRight,\n    jun2,\n    node2\n)","one":"5","id":"29"},"9":{"branchId":6,"one":"37","id":"9","type":"branch","text":"Right to arrow"},"8":{"branchId":5,"one":"32","id":"8","type":"branch","text":"Down to arrow"},"6":{"branchId":3,"one":"21","id":"6","type":"branch","text":"Simple case"},"1":{"type":"end","id":"1"},"5":{"branchId":2,"one":"12","id":"5","type":"branch","text":"Process node"},"44":{"type":"action","id":"44","one":"27","text":"node2.mountUp = null"},"43":{"flag1":0,"id":"43","type":"question","text":"isUglyMountUp(node1, node2)","one":"23","two":"44"},"42":{"type":"action","id":"42","one":"5","text":"planNextSteps(visuals, stack, node2)"},"39":{"type":"action","text":"bottom = createJunction(visuals, node2)","one":"40","id":"39"},"31":{"type":"action","id":"31","one":"30","text":"jun3 = splitVertical(visuals, node2)"},"19":{"type":"action","text":"mountUp = node2.mountUp\nmountRight = node2.mountRight","one":"7","id":"19"},"3":{"type":"action","text":"stack = []","one":"11","id":"3"},"2":{"branchId":1,"one":"3","id":"2","type":"branch","text":"Analyze"},"30":{"type":"action","text":"makeLeftEdge(visuals, jun3, jun2, node2)","one":"5","id":"30"},"17":{"flag1":1,"id":"17","type":"question","two":"18","one":"6","text":"node2.prev.length === 1"},"12":{"flag1":0,"id":"12","type":"question","two":"4","one":"13","text":"stack.length === 0"},"20":{"flag1":1,"id":"20","type":"question","two":"9","one":"8","text":"step.down"}},"updated_by":"stipan","version":20180619,"type":"drakon","language":"LANG_S42","name":"buildManhattan","when_updated":1666547592.0922}