{"keywords":{"scenario":false,"async":false,"export":false,"function":true,"algoprop":false},"tag":"401627757","params":"visuals\nstack\nselect","when_created":1666507029.151,"parent_id":"82d2ccaf","props":[],"when_updated":1673425370.0453,"items":{"4":{"branchId":4,"one":"1","id":"4","type":"branch","text":"Exit"},"10":{"type":"arrow-loop","one":"7","id":"10"},"21":{"type":"loopend","id":"21","one":"4","text":""},"22":{"type":"loopbegin","id":"22","one":"23","text":"i = select.cases.length - 1; i >= 0; i--"},"11":{"type":"action","id":"11","one":"13","text":"left = null"},"23":{"type":"action","text":"node = select.cases[i]","one":"24","id":"23"},"7":{"type":"action","id":"7","one":"8","text":"node.select = select\nselect.cases.push(node)"},"18":{"type":"action","id":"18","one":"26","text":"edge = createEdge(\n    visuals,\n    left,\n    jun,\n    false\n)"},"13":{"type":"loopbegin","id":"13","one":"15","text":"caseNode; select.cases"},"9":{"type":"action","text":"node = node.next[1]","one":"10","id":"9"},"8":{"flag1":0,"id":"8","type":"question","text":"node.next.length === 2","one":"5","two":"9"},"1":{"type":"end","id":"1"},"6":{"branchId":3,"one":"22","id":"6","type":"branch","text":"Add cases to stack"},"24":{"type":"action","id":"24","one":"21","text":"planStep(stack, node, node.next[0])"},"15":{"type":"action","id":"15","one":"25","text":"jun = createJunction(visuals, undefined)"},"16":{"type":"action","id":"16","one":"17","text":"makeDownEdgeCore(\n    visuals,\n    jun,\n    caseNode,\n    undefined\n)"},"5":{"branchId":2,"one":"11","id":"5","type":"branch","text":"Connect edges"},"25":{"type":"action","id":"25","one":"16","text":"jun.role = \"case\""},"26":{"type":"action","id":"26","one":"19","text":"edge.role = \"selectceil\""},"3":{"type":"action","text":"select.cases = []\nnode = select.next[0]","one":"10","id":"3"},"17":{"flag1":1,"id":"17","type":"question","two":"19","one":"18","text":"left"},"2":{"branchId":1,"one":"3","id":"2","type":"branch","text":"Build cases list"},"12":{"type":"loopend","text":"","one":"20","id":"12"},"19":{"type":"action","text":"left = jun","one":"12","id":"19"},"20":{"type":"action","text":"makeDownEdgeCore(\n    visuals,\n    select,\n    getUp(select.cases[0]),\n    undefined\n)","one":"6","id":"20"}},"updated_by":"stipan","version":20180619,"type":"drakon","language":"LANG_S42","name":"layoutSelect","created_by":"stipan"}