{"version":20180619,"tag":"619555215","params":"widget\nelement\nctx","when_created":1672850989.9513,"parent_id":"3915d73e","props":[],"language":"LANG_S42","items":{"2":{"branchId":0,"one":"62","id":"2","type":"branch","text":""},"63":{"type":"action","text":"createRadiusHandle(widget, element, ctx)","one":"1","id":"63"},"1":{"type":"end","id":"1"},"62":{"type":"action","text":"drawRectCandies(widget, element, ctx)","one":"63","id":"62"}},"updated_by":"stipan","keywords":{"scenario":false,"async":false,"export":false,"function":true,"algoprop":false},"type":"drakon","created_by":"stipan","name":"drawCandies","when_updated":1672851909.3766}