{"version":20180619,"tag":"","params":"element\nconfig","when_created":1673155315.8683,"parent_id":"e44b5c6f","props":[],"when_updated":1673155315.8683,"items":{"2":{"branchId":0,"one":"35","id":"2","type":"branch","text":""},"1":{"type":"end","id":"1"},"35":{"type":"action","text":"calculateRectBox(element)","one":"1","id":"35"}},"type":"drakon","keywords":{"scenario":false,"async":false,"export":false,"function":true,"algoprop":false},"updated_by":"stipan","language":"LANG_S42","name":"calculateBox","created_by":"stipan"}