{"version":20180619,"tag":"962489138","params":"parent","when_created":1673606569.4396,"parent_id":"b3d6c272","props":[],"language":"LANG_S42","items":{"4":{"flag1":1,"id":"4","type":"question","two":"9","one":"5","text":"parent.type === \"header\""},"1":{"type":"end","id":"1"},"5":{"flag1":1,"id":"5","type":"question","text":"parentType === \"vertical\"","one":"6","two":"9"},"2":{"type":"branch","branchId":0,"one":"7","id":"2"},"6":{"type":"action","id":"6","one":"1","text":"return \"treeview\""},"9":{"type":"action","text":"return parentType","one":"1","id":"9"},"7":{"type":"action","id":"7","one":"4","text":"parentType = getTType(parent)"}},"updated_by":"stipan","keywords":{"scenario":false,"async":false,"export":false,"function":true,"algoprop":false},"type":"drakon","created_by":"stipan","name":"getTTypeForChildren","when_updated":1673606717.7185}