{"version":20180619,"tag":"610909020","params":"widget\nid\nordinal","when_created":1672985310.8759,"parent_id":"c7c5feee","props":[],"created_by":"stipan","items":{"70":{"type":"action","id":"70","one":"58","text":"dx = 0\ndy = -shift"},"40":{"flag1":1,"id":"40","type":"question","text":"Math.abs(cx2) > Math.abs(cy2)","one":"44","two":"43"},"21":{"type":"action","text":"newVertex = {\n    x: old.x + dx,\n    y: old.y + dy,\n    radius: 0\n}","one":"20","id":"21"},"80":{"type":"action","text":"prev = element.coords[ordinal - 1]","one":"81","id":"80"},"22":{"branchId":1,"one":"35","id":"22","type":"branch","text":"Prepare"},"32":{"one":"38","id":"32","type":"action","text":"old = element.coords[ordinal]","two":""},"11":{"branchId":8,"one":"37","id":"11","type":"branch","text":"Perform edit"},"12":{"branchId":7,"one":"21","id":"12","type":"branch","text":"Insert vertex"},"62":{"one":"63","id":"62","type":"loopbegin","two":"","text":"point; element.coords"},"72":{"flag1":1,"id":"72","type":"question","text":"cy2 > 0","one":"53","two":"54"},"33":{"one":"32","id":"33","type":"action","two":"","text":"element = getFree(visuals, id)"},"63":{"flag1":0,"id":"63","type":"question","text":"point.y > old.y","one":"61","two":"64"},"13":{"type":"loopend","id":"13","one":"12","text":""},"14":{"type":"loopbegin","id":"14","one":"15","text":"point; element.coords"},"64":{"one":"61","id":"64","type":"action","text":"point.y += shift * 2","two":""},"34":{"one":"36","id":"34","type":"action","two":"","text":"radius = visuals.config.socketTouchRadius"},"53":{"branchId":3,"one":"70","id":"53","type":"branch","text":"Move vertexes up"},"83":{"flag1":1,"id":"83","type":"question","text":"cx1 > 0","one":"45","two":"2"},"65":{"type":"action","id":"65","one":"74","text":"len = element.coords.length"},"15":{"flag1":0,"id":"15","type":"question","text":"point.x < old.x","one":"13","two":"19"},"35":{"one":"34","id":"35","type":"action","two":"","text":"visuals = widget.visuals"},"46":{"type":"loopend","text":"","one":"12","id":"46"},"67":{"type":"action","text":"dx = -shift\ndy = 0","one":"14","id":"67"},"54":{"branchId":4,"one":"69","id":"54","type":"branch","text":"Move vertexes down"},"47":{"type":"loopbegin","id":"47","one":"48","text":"point; element.coords"},"77":{"type":"action","id":"77","one":"82","text":"next = element.coords[ordinal + 1]"},"58":{"one":"59","id":"58","type":"loopbegin","two":"","text":"point; element.coords"},"37":{"type":"action","id":"37","one":"1","text":"savePoly(\n    widget,\n    id,\n    element.left,\n    element.top,\n    element.coords\n)"},"84":{"flag1":1,"id":"84","type":"question","text":"cx2 > 0","one":"45","two":"2"},"59":{"flag1":0,"id":"59","type":"question","text":"point.y < old.y","one":"57","two":"60"},"57":{"one":"12","id":"57","type":"loopend","two":"","text":""},"82":{"type":"action","id":"82","one":"84","text":"cx2 = next.x - old.x\ncy2 = next.y - old.y"},"81":{"type":"action","text":"cx1 = old.x - prev.x\ncy1 = old.y - prev.y","one":"83","id":"81"},"78":{"type":"action","id":"78","one":"71","text":"prev = element.coords[ordinal - 1]\nnext = element.coords[ordinal + 1]"},"48":{"flag1":0,"id":"48","type":"question","two":"49","one":"46","text":"point.x > old.x"},"73":{"flag1":1,"id":"73","type":"question","two":"2","one":"45","text":"cx2 > 0"},"68":{"type":"action","text":"dx = shift\ndy = 0","one":"47","id":"68"},"74":{"flag1":0,"id":"74","type":"question","two":"77","one":"79","text":"ordinal === 0"},"49":{"type":"action","text":"point.x += shift * 2","one":"46","id":"49"},"79":{"flag1":0,"id":"79","type":"question","text":"ordinal === len - 1","one":"78","two":"80"},"69":{"type":"action","text":"dx = 0\ndy = shift","one":"62","id":"69"},"1":{"type":"end","id":"1"},"71":{"type":"action","id":"71","one":"40","text":"cx1 = old.x - prev.x\ncx2 = next.x - old.x\ncy1 = old.y - prev.y\ncy2 = next.y - old.y"},"66":{"flag1":1,"id":"66","type":"question","text":"next.x < old.x","one":"2","two":"45"},"61":{"one":"12","id":"61","type":"loopend","two":"","text":""},"60":{"one":"57","id":"60","type":"action","text":"point.y -= shift * 2","two":""},"55":{"flag1":1,"id":"55","type":"question","two":"54","one":"53","text":"next.y < old.y"},"45":{"branchId":6,"one":"68","id":"45","type":"branch","text":"Move vertexes right"},"19":{"type":"action","id":"19","one":"13","text":"point.x -= shift * 2"},"36":{"one":"33","id":"36","type":"action","two":"","text":"shift = radius * 2"},"44":{"flag1":1,"id":"44","type":"question","text":"cx1 * cx2 >= 0","one":"66","two":"72"},"2":{"branchId":5,"one":"67","id":"2","type":"branch","text":"Move vertexes left"},"43":{"flag1":1,"id":"43","type":"question","two":"73","one":"55","text":"cy1 * cy2 >= 0"},"38":{"branchId":2,"one":"65","id":"38","type":"branch","text":"Find direction of shift"},"20":{"type":"action","id":"20","one":"11","text":"element.coords.splice(\n    ordinal + 1,\n    0,\n    newVertex\n)"}},"type":"drakon","keywords":{"scenario":false,"async":false,"export":false,"function":true,"algoprop":false},"updated_by":"stipan","language":"LANG_S42","name":"addLineVertex","when_updated":1672986003.7327}