{"version":20180619,"tag":"11709035","params":"node","when_created":1665132202.448,"parent_id":"e674bf58","props":[],"language":"LANG_S42","items":{"10":{"one":"16","id":"10","type":"case","text":"\"address\"","two":"12"},"5":{"one":"8","id":"5","type":"case","two":"9","text":"\"question\""},"22":{"one":"25","id":"22","type":"case","text":"\"loopbegin\"","two":"23"},"11":{"type":"action","text":"return copyCase","one":"1","id":"11"},"23":{"one":"26","id":"23","type":"case","text":"\"loopend\"","two":"24"},"9":{"one":"11","id":"9","type":"case","two":"28","text":"\"case\""},"7":{"type":"select","id":"7","one":"6","text":"node.type"},"18":{"type":"action","id":"18","one":"1","text":"return undefined"},"29":{"type":"action","text":"return copyDuration","one":"1","id":"29"},"13":{"one":"18","id":"13","type":"case","text":"\"junction\"","two":"14"},"14":{"one":"19","id":"14","type":"case","text":"\"branch\"","two":"15"},"6":{"one":"3","id":"6","type":"case","two":"5","text":"\"header\""},"8":{"type":"action","id":"8","one":"1","text":"return copyQuestion"},"1":{"type":"end","id":"1"},"26":{"type":"action","id":"26","one":"1","text":"return copyLoopEnd"},"24":{"type":"case","two":null,"one":"27","id":"24"},"15":{"one":"20","id":"15","type":"case","two":"22","text":"\"select\""},"16":{"type":"action","id":"16","one":"1","text":"return undefined"},"28":{"one":"29","id":"28","type":"case","text":"\"duration\"","two":"10"},"25":{"type":"action","id":"25","one":"1","text":"return copyLoop"},"12":{"one":"17","id":"12","type":"case","text":"\"params\"","two":"13"},"3":{"type":"action","id":"3","one":"1","text":"return undefined"},"17":{"type":"action","id":"17","one":"1","text":"return undefined"},"2":{"type":"branch","branchId":0,"one":"7","id":"2"},"19":{"type":"action","id":"19","one":"1","text":"return copyBranch"},"27":{"type":"action","id":"27","one":"1","text":"return copySimple"},"20":{"type":"action","id":"20","one":"1","text":"return copySelect"}},"updated_by":"stipan","keywords":{"scenario":false,"async":false,"export":false,"function":true,"algoprop":false},"type":"drakon","when_updated":1666721004.6609,"name":"getCopyFunction","created_by":"stipan"}