{"version":20180619,"tag":"726672758","params":"elementBox\nbox","when_created":1667018710.2737,"parent_id":"befd80d4","props":[],"when_updated":1673244530.6685,"items":{"4":{"one":"15","id":"4","type":"action","two":"","text":"left = elementBox.left\ntop = elementBox.top"},"1":{"type":"end","id":"1"},"17":{"type":"action","text":"nextBox(box, left, top, right, bottom)","one":"1","id":"17"},"2":{"type":"branch","branchId":0,"one":"4","id":"2"},"15":{"flag1":1,"id":"15","type":"question","text":"\"width\" in elementBox","one":"13","two":"16"},"16":{"type":"action","text":"right = left\nbottom = top","one":"17","id":"16"},"13":{"type":"action","text":"right = left + elementBox.width\nbottom = top + elementBox.height","one":"17","id":"13"}},"type":"drakon","keywords":{"scenario":false,"async":false,"export":false,"function":true,"algoprop":false},"updated_by":"stipan","language":"LANG_S42","name":"calculateBoxFromFree","created_by":"stipan"}