{"version":20180619,"tag":"625126052","params":"widget\ncaseNode","when_created":1673427769.2307,"parent_id":"b0881e64","props":[],"created_by":"stipan","items":{"2":{"type":"branch","branchId":0,"one":"4","id":"2"},"4":{"type":"action","id":"4","one":"14","text":"tracing.trace(\n    \"pasteCaseAfter\",\n    caseNode.id\n)"},"1":{"type":"end","id":"1"},"14":{"type":"action","id":"14","one":"1","text":"insertCaseCore(\n    widget,\n    caseNode,\n    false,\n    \"paste\"\n)"}},"type":"drakon","keywords":{"scenario":false,"async":false,"export":false,"function":true,"algoprop":false},"updated_by":"stipan","language":"LANG_S42","name":"pasteCaseAfter","when_updated":1673427877.7564}