{"version":20180619,"tag":"619525741","params":"widget\nelement\nctx\nvisited","when_created":1671081955.6061,"parent_id":"c7c5feee","props":[],"when_updated":1672680545.3188,"items":{"4":{"one":"5","id":"4","type":"action","text":"elementActions = widget.freeIcons[\n    element.type\n]","two":""},"1":{"type":"end","id":"1"},"21":{"type":"action","id":"21","one":"2","text":"performOnConnections(\n    widget.visuals,\n    element.id,\n    visited,\n    function (connection) {\n        drawConnection(\n            widget,\n            connection,\n            ctx\n        )\n    }\n)"},"9":{"type":"action","id":"9","one":"12","text":"elementActions.render(\n    widget.visuals,\n    element,\n    ctx\n)"},"6":{"one":"12","id":"6","type":"action","text":"console.error(\n    \"drawFreeIcon: callback not found for element of type: \"\n    + element.type\n)","two":""},"11":{"branchId":4,"one":"1","id":"11","type":"branch","text":"Exit"},"12":{"branchId":3,"one":"11","id":"12","type":"branch","text":"Ветка2"},"2":{"branchId":2,"one":"10","id":"2","type":"branch","text":"Draw element"},"5":{"flag1":1,"id":"5","type":"question","text":"elementActions","one":"9","two":"6"},"13":{"branchId":1,"one":"21","id":"13","type":"branch","text":"Draw connections"},"10":{"type":"action","id":"10","one":"4","text":"ctx.setLineDash([])"}},"type":"drakon","keywords":{"scenario":false,"async":false,"export":false,"function":true,"algoprop":false},"updated_by":"stipan","created_by":"stipan","name":"drawFreeIcon","language":"LANG_S42"}