{"version":20180619,"tag":"255697449","params":"array\ncount","when_created":1675161816.3454,"parent_id":"73128943","props":[],"language":"LANG_S42","items":{"2":{"type":"branch","branchId":0,"one":"3","id":"2"},"1":{"type":"end","id":"1"},"3":{"type":"action","text":"return array.slice(0, count)","one":"1","id":"3"}},"keywords":{"scenario":false,"async":false,"export":true,"function":true,"algoprop":false},"type":"drakon","updated_by":"stipan","when_updated":1675161823.0722,"name":"take","created_by":"stipan"}