{"version":20180619,"tag":"836517661","params":"","when_created":1665840442.4399,"parent_id":"e0f4b57d","props":[],"created_by":"stipan","items":{"8":{"one":"12","id":"8","type":"case","two":"9","text":"\"case\""},"1":{"type":"end","id":"1"},"5":{"type":"action","text":"clipboard = self.visuals.config.getClipboard()","one":"6","id":"5"},"9":{"one":"12","id":"9","type":"case","text":"\"branch\"","two":"10"},"15":{"type":"action","id":"15","one":"1","text":"pasteFree(self, clipboard)"},"7":{"type":"select","id":"7","one":"8","text":"clipboard.type"},"6":{"flag1":1,"id":"6","type":"question","two":"1","one":"7","text":"clipboard"},"11":{"type":"case","one":"1","id":"11"},"12":{"type":"action","text":"self.showPasteSockets(clipboard.type)","one":"1","id":"12"},"2":{"type":"branch","branchId":0,"one":"17","id":"2"},"17":{"type":"action","text":"tracing.trace(\"DrakonCanvas.showPaste\")","one":"13","id":"17"},"18":{"one":"12","id":"18","type":"case","two":"14","text":"\"mind\""},"10":{"one":"12","id":"10","type":"case","two":"18","text":"\"block\""},"13":{"flag1":0,"id":"13","type":"question","text":"isReadonly(self)","one":"5","two":"1"},"14":{"one":"15","id":"14","type":"case","two":"11","text":"\"free\""}},"keywords":{},"type":"drakon","updated_by":"stipan","when_updated":1673635038.4779,"name":"showPaste","language":"LANG_S42"}