{"version":20180619,"tag":"502638902","when_created":1668267455.8923,"parent_id":"e0f4b57d","props":[],"items":{"12":{"type":"action","id":"12","one":"1","text":"paint(self)"},"1":{"type":"end","id":"1"},"10":{"type":"action","text":"self.box = calculateDiagramBoxForEdit(\n    self.visuals\n)","one":"14","id":"10"},"2":{"type":"branch","branchId":0,"one":"6","id":"2"},"6":{"type":"action","text":"tracing.trace(\"DrakonCanvas.goHome\")","one":"13","id":"6"},"13":{"type":"action","id":"13","one":"10","text":"delete self.origins[self.diagramId]"},"14":{"type":"action","id":"14","one":"12","text":"initScrollPos(self)"}},"when_updated":1677497814.9132,"created_by":"stipan","updated_by":"stipan","type":"drakon","name":"goHome","language":"LANG_S42"}