{"keywords":{"scenario":false,"async":false,"export":false,"function":true,"algoprop":false},"tag":"269131953","params":"widget\npathNode\nleft","when_created":1673429632.3374,"parent_id":"b0881e64","props":[],"language":"LANG_S42","items":{"1":{"type":"end","id":"1"},"21":{"type":"action","id":"21","one":"18","text":"socket = {\n    op: \"insert\",\n    type: \"par\",\n    edge: pathNode.left,\n    links: []\n}"},"24":{"type":"action","id":"24","one":"18","text":"socket = {\n    op: \"insert\",\n    type: \"par\",\n    node: pathNode,\n    links: []\n}"},"15":{"type":"action","text":"socket = {\n    op: \"insert\",\n    type: \"firstpar\",\n    node: pathNode,\n    links: []\n}","one":"13","id":"15"},"25":{"type":"action","text":"tracing.trace(\n    \"insertPath\",\n    pathNode.id + \"-\" + left\n)","one":"9","id":"25"},"23":{"flag1":1,"id":"23","type":"question","text":"pathNode.right","one":"17","two":"24"},"9":{"flag1":1,"id":"9","type":"question","text":"left","one":"5","two":"23"},"17":{"type":"action","id":"17","one":"18","text":"socket = {\n    op: \"insert\",\n    type: \"par\",\n    edge: pathNode.right,\n    links: []\n}"},"18":{"type":"action","text":"runInsertAction(widget, socket)","one":"1","id":"18"},"5":{"flag1":0,"id":"5","type":"question","two":"21","one":"15","text":"pathNode.left"},"13":{"one":"18","id":"13","type":"action","text":"utils.addRange(\n    pathNode.up.links,\n    socket.links\n)","two":""},"2":{"type":"branch","branchId":0,"one":"25","id":"2"}},"version":20180619,"updated_by":"stipan","type":"drakon","when_updated":1675145406.4639,"name":"insertPath","created_by":"stipan"}