{"keywords":{"scenario":false,"async":false,"export":false,"function":true,"algoprop":false},"tag":"770986744","params":"widget\nheadNode\nstart","when_created":1666626886.7454,"parent_id":"35f7b123","props":[],"created_by":"stipan","items":{"4":{"type":"action","id":"4","one":"5","text":"visited = {}\nvisited[endId] = true"},"8":{"type":"loopend","text":"","one":"6","id":"8"},"1":{"type":"end","id":"1"},"5":{"type":"action","text":"scanTwoGraph(\n    widget.model.items,\n    visited,\n    start.id\n)","one":"7","id":"5"},"9":{"type":"loopbegin","id":"9","one":"13","text":"id, _; visited"},"6":{"branchId":3,"one":"11","id":"6","type":"branch","text":"Exit"},"11":{"type":"action","id":"11","one":"1","text":"return result"},"12":{"type":"action","text":"result = addOne(widget, result, node)","one":"8","id":"12"},"3":{"type":"action","id":"3","one":"4","text":"endId = getParTarget(start)"},"7":{"branchId":2,"one":"10","id":"7","type":"branch","text":"Add nodes to selection"},"2":{"branchId":1,"one":"3","id":"2","type":"branch","text":"Scan subgraph"},"13":{"type":"action","id":"13","one":"12","text":"node = getNode(widget.visuals, id)"},"10":{"type":"action","id":"10","one":"9","text":"result = headNode"}},"version":20180619,"type":"drakon","updated_by":"stipan","when_updated":1666627362.4683,"name":"addParBlockToSelection","language":"LANG_S42"}