{"version":20180619,"tag":"954265851","params":"visuals","when_created":1673290104.9929,"parent_id":"b3d6c272","props":[],"language":"LANG_S42","items":{"4":{"type":"loopend","id":"4","one":"1","text":""},"8":{"flag1":1,"id":"8","type":"question","two":"4","one":"9","text":"ttype === \"horizontal\""},"1":{"type":"end","id":"1"},"5":{"type":"loopbegin","text":"id, node; visuals.nodes","one":"6","id":"5"},"2":{"type":"branch","branchId":0,"one":"5","id":"2"},"6":{"type":"action","text":"ttype = getTType(node)","one":"7","id":"6"},"9":{"type":"action","id":"9","one":"4","text":"setSameWidthForMindChildren(node)"},"7":{"flag1":1,"id":"7","type":"question","text":"ttype === \"treeview\"","one":"9","two":"8"}},"keywords":{"scenario":false,"async":false,"export":false,"function":true,"algoprop":false},"type":"drakon","updated_by":"stipan","when_updated":1673290902.9022,"name":"setSameWidthMind","created_by":"stipan"}