{"version":20180619,"tag":"338756610","params":"widget\nscrollX\nscrollY","when_created":1668154960.3367,"parent_id":"befd80d4","props":[],"language":"LANG_S42","items":{"37":{"one":"39","id":"37","type":"action","two":"","text":"minScrollY = box.top"},"31":{"flag1":0,"id":"31","type":"question","text":"scrollX < minScrollX","one":"33","two":"32"},"41":{"one":"42","id":"41","type":"action","text":"scrollY = minScrollY","two":""},"38":{"one":"40","id":"38","type":"action","two":"","text":"maxScrollY = box.top"},"32":{"type":"action","id":"32","one":"33","text":"scrollX = minScrollX"},"11":{"type":"action","id":"11","one":"26","text":"wwidth = widget.width \/ zoom"},"28":{"type":"action","text":"minScrollX = box.left","one":"30","id":"28"},"33":{"flag1":0,"id":"33","type":"question","text":"scrollX > maxScrollX","one":"18","two":"34"},"29":{"type":"action","id":"29","one":"31","text":"maxScrollX = box.left"},"8":{"type":"action","text":"zoom = widget.zoomFactor","one":"11","id":"8"},"43":{"one":"17","id":"43","type":"action","text":"scrollY = maxScrollY","two":""},"42":{"flag1":0,"id":"42","type":"question","text":"scrollY > maxScrollY","one":"17","two":"43"},"34":{"type":"action","text":"scrollX = maxScrollX","one":"18","id":"34"},"1":{"type":"end","id":"1"},"40":{"flag1":0,"id":"40","type":"question","text":"scrollY < minScrollY","one":"42","two":"41"},"39":{"one":"40","id":"39","type":"action","two":"","text":"maxScrollY = box.bottom - wheight"},"36":{"flag1":1,"id":"36","type":"question","text":"wheight >= box.height","one":"35","two":"37"},"2":{"branchId":1,"one":"3","id":"2","type":"branch","text":"Horizontal"},"35":{"one":"38","id":"35","type":"action","text":"minScrollY = -wheight + box.bottom","two":""},"25":{"type":"action","id":"25","one":"29","text":"minScrollX = -wwidth + box.right"},"18":{"branchId":2,"one":"23","id":"18","type":"branch","text":"Vertical"},"3":{"type":"action","id":"3","one":"8","text":"visuals = widget.visuals\nbox = visuals.box"},"26":{"flag1":1,"id":"26","type":"question","text":"wwidth >= box.width","one":"25","two":"28"},"30":{"type":"action","id":"30","one":"31","text":"maxScrollX = box.right - wwidth"},"17":{"branchId":3,"one":"19","id":"17","type":"branch","text":"Exit"},"23":{"one":"36","id":"23","type":"action","two":"","text":"wheight = widget.height \/ zoom"},"19":{"type":"action","id":"19","one":"1","text":"return {\n    x: Math.round(scrollX),\n    y: Math.round(scrollY)\n}"}},"keywords":{"scenario":false,"async":false,"export":false,"function":true,"algoprop":false},"updated_by":"stipan","type":"drakon","created_by":"stipan","name":"sanitizeScroll","when_updated":1677512099.8425}