{"version":20180619,"tag":"235270118","params":"widget\nx\ny","when_created":1668154960.3367,"parent_id":"befd80d4","props":[],"created_by":"stipan","items":{"4":{"type":"action","text":"x2 = Math.min(box.right - wwidth, x)","one":"9","id":"4"},"8":{"type":"action","text":"zoom = widget.zoomFactor","one":"11","id":"8"},"1":{"type":"end","id":"1"},"5":{"type":"action","id":"5","one":"10","text":"y2 = Math.min(box.bottom - wheight, y)"},"9":{"type":"action","id":"9","one":"15","text":"x3 = Math.max(box.left, x2)"},"15":{"type":"action","id":"15","one":"14","text":"wheight = widget.height \/ zoom"},"16":{"type":"action","id":"16","one":"5","text":"box.bottom = wheight + y\nbox.height = box.bottom - box.top"},"11":{"type":"action","id":"11","one":"12","text":"wwidth = widget.width \/ zoom"},"12":{"flag1":0,"id":"12","type":"question","text":"box.right < wwidth + x","one":"4","two":"13"},"3":{"type":"action","id":"3","one":"8","text":"visuals = widget.visuals\nbox = visuals.box"},"6":{"type":"action","id":"6","one":"1","text":"return {\n    x: Math.round(x3),\n    y: Math.round(y3)\n}"},"2":{"type":"branch","branchId":0,"one":"3","id":"2"},"10":{"type":"action","text":"y3 = Math.max(box.top, y2)","one":"6","id":"10"},"13":{"type":"action","text":"box.right = wwidth + x\nbox.width = box.right - box.left","one":"4","id":"13"},"14":{"flag1":0,"id":"14","type":"question","text":"box.bottom < wheight + y","one":"5","two":"16"}},"updated_by":"stipan","when_updated":1672911954.4246,"type":"drakon","keywords":{"scenario":false,"async":false,"export":false,"function":true,"algoprop":false},"name":"sanitizeScroll","language":"LANG_S42"}