{"version":20180619,"tag":"488274184","params":"widget\nnode","when_created":1673421073.787,"parent_id":"befd80d4","props":[],"when_updated":1673421148.4601,"items":{"4":{"flag1":1,"id":"4","type":"question","text":"node.itemId === branches[last]","one":"3","two":"5"},"1":{"type":"end","id":"1"},"5":{"type":"action","text":"return false","one":"1","id":"5"},"2":{"type":"branch","branchId":0,"one":"6","id":"2"},"6":{"type":"action","text":"branches = widget.visuals.branches","one":"7","id":"6"},"7":{"type":"action","id":"7","one":"4","text":"last = branches.length - 1"},"3":{"type":"action","id":"3","one":"1","text":"return true"}},"keywords":{"scenario":false,"async":false,"export":false,"function":true,"algoprop":false},"created_by":"stipan","updated_by":"stipan","type":"drakon","name":"isLastBranch","language":"LANG_S42"}