{"keywords":{"scenario":false,"async":false,"export":false,"function":true,"algoprop":false},"tag":"1468823","params":"visited\nnode","when_created":1665048063.4224,"parent_id":"ed3b4890","props":[],"when_updated":1665048139.7633,"items":{"4":{"flag1":0,"id":"4","type":"question","two":"5","one":"7","text":"node.type === \"case\""},"8":{"flag1":1,"id":"8","type":"question","text":"prev.itemId in visited","one":"6","two":"9"},"1":{"type":"end","id":"1"},"5":{"type":"action","text":"return false","one":"1","id":"5"},"9":{"type":"action","id":"9","one":"1","text":"return true"},"6":{"type":"loopend","text":"","one":"3","id":"6"},"3":{"type":"action","id":"3","one":"1","text":"return false"},"7":{"type":"loopbegin","text":"prev; node.prev","one":"8","id":"7"},"2":{"type":"branch","branchId":0,"one":"4","id":"2"}},"type":"drakon","version":20180619,"updated_by":"stipan","language":"LANG_S42","name":"hasUntouchedUpstream","created_by":"stipan"}