{"version":20180619,"tag":"853490927","params":"pos","when_created":1671081369.0937,"parent_id":"4dc44fb7","props":[],"created_by":"stipan","items":{"4":{"one":"5","id":"4","type":"action","two":"","text":"item = {\n    type: \"group-duration\",\n    flag1: self.flag1,\n    x: pos.x,\n    y: pos.y + 50,\n    loX: 200,\n    loY: 200,\n    hiX: 200,\n    hiY: -200\n}"},"1":{"type":"end","id":"1"},"5":{"flag1":0,"id":"5","type":"question","text":"self.flag1 === 1","one":"3","two":"6"},"2":{"type":"branch","branchId":0,"one":"4","id":"2"},"6":{"one":"3","id":"6","type":"action","two":"","text":"item.loX = -item.loX\nitem.hiX = -item.hiX\nitem.x += 200"},"3":{"type":"action","id":"3","one":"1","text":"return item"}},"keywords":{"scenario":false,"async":false,"export":false,"function":true,"algoprop":false},"updated_by":"stipan","type":"drakon","when_updated":1671429297.8168,"name":"create","language":"LANG_S42"}