{"keywords":{"scenario":false,"async":false,"export":false,"function":true,"algoprop":false},"tag":"218674379","params":"ctx\nleft\ntop\nwidth\nheight","when_created":1673073518.9909,"parent_id":"a95f8752","props":[],"items":{"4":{"type":"action","text":"h = height \/ 2\nw = width \/ 2","one":"5","id":"4"},"1":{"type":"end","id":"1"},"5":{"type":"action","id":"5","one":"3","text":"x = left + w\ny = top + h"},"2":{"type":"branch","branchId":0,"one":"4","id":"2"},"6":{"type":"action","id":"6","one":"7","text":"clx = x - w2 * 0.34\ncly = midY + h * 0.16\nclbegin = -0.9 * Math.PI\nclend = -0.25 * Math.PI\ncrx = x + w2 * 0.2\ncry = midY\ncrbegin = -0.9 * Math.PI\ncrend = 0\nrright = r1"},"7":{"type":"action","id":"7","one":"1","text":"ctx.save()\nctx.translate(x, y)\nctx.scale(scale, 1)\nctx.translate(-x, -y)\nctx.beginPath();\nctx.moveTo(leftX, bottom)\nctx.arc(\n    leftX,\n    bottom - r1,\n    r1,\n    Math.PI \/ 2,\n    Math.PI * 3 \/ 2\n)\nctx.arc(clx, cly, rleft, clbegin, clend)\nctx.arc(crx, cry, rright, crbegin, crend)\nctx.arc(\n    rightX,\n    bottom - r1,\n    r1,\n    -Math.PI \/ 2,\n    Math.PI \/ 2\n)\nctx.closePath();\nctx.restore()"},"3":{"type":"action","id":"3","one":"6","text":"r1 = Math.round(h * 2 \/ 3)\nbottom = y + h\nw2 = Math.round(h * 490 \/ 260)\nleftX = x - w2 + r1\nrightX = x + w2 - r1\nmidY = bottom - r1 * 2\nx0 = x - w2 \/ 2\ny0 = y - h\nx1 = x - w2 \/ 4\ny1 = y - h + r1 \/ 2\nx2 = x + 0.34 * w2\ny2 = y - h - r1 * 1.3\nx3 = rightX\ny3 = midY\nrleft = r1 * 0.8\nrright = r1 * 1.4\nscale = w \/ h \/ 2"}},"when_updated":1673073688.448,"version":20180619,"type":"drakon","updated_by":"stipan","name":"cloudPath","created_by":"stipan"}