{"version":20180619,"tag":"387161070","params":"evt","when_created":1666979398.4505,"parent_id":"ddbf5967","props":[],"language":"LANG_S42","items":{"37":{"flag1":0,"id":"37","type":"question","two":"38","one":"36","text":"coord.xy"},"31":{"branchId":5,"one":"32","id":"31","type":"branch","text":"Paint"},"45":{"branchId":4,"one":"46","id":"45","type":"branch","text":"Find vertical guides"},"8":{"type":"action","text":"dxDia = (evt.clientX - self.startX) \/ zoom\ndyDia = (evt.clientY - self.startY) \/ zoom","one":"3","id":"8"},"41":{"flag1":1,"id":"41","type":"question","text":"canGuide(self.widget, element)","one":"50","two":"31"},"38":{"one":"33","id":"38","type":"action","two":"","text":"coord.element.x = x\ncoord.element.y = y"},"32":{"type":"action","id":"32","one":"28","text":"paint(self.widget)"},"7":{"type":"action","id":"7","one":"9","text":"config = self.widget.config\nvisuals = self.widget.visuals"},"28":{"branchId":6,"one":"1","id":"28","type":"branch","text":"Exit"},"50":{"one":"42","id":"50","type":"action","two":"","text":"ebox = getSourceGuideBox(element)"},"48":{"type":"action","id":"48","one":"31","text":"findVerticalGuide(\n    self.widget,\n    element.id,\n    ebox,\n    ebox.right\n)"},"33":{"one":"30","id":"33","type":"loopend","text":"","two":""},"29":{"branchId":2,"one":"34","id":"29","type":"branch","text":"Move elements"},"44":{"type":"action","id":"44","one":"45","text":"findHorizontalGuide(\n    self.widget,\n    element.id,\n    ebox,\n    ebox.bottom\n)"},"43":{"type":"action","id":"43","one":"44","text":"findHorizontalCentralGuide(\n    self.widget,\n    element.id,\n    ebox,\n    ebox.centerY\n)"},"47":{"type":"action","text":"findVerticalCentralGuide(\n    self.widget,\n    element.id,\n    ebox,\n    ebox.centerX\n)","one":"48","id":"47"},"34":{"one":"35","id":"34","type":"loopbegin","text":"coord; self.coords","two":""},"1":{"type":"end","id":"1"},"39":{"flag1":1,"id":"39","type":"question","two":"31","one":"40","text":"self.coords.length === 1"},"9":{"type":"action","text":"zoom = self.widget.zoomFactor","one":"8","id":"9"},"42":{"type":"action","text":"findHorizontalGuide(\n    self.widget,\n    element.id,\n    ebox,\n    ebox.top\n)","one":"43","id":"42"},"16":{"flag1":0,"id":"16","type":"question","two":"17","one":"18","text":"dx === self.dx"},"35":{"one":"37","id":"35","type":"action","two":"","text":"x = coord.elementX + dx\ny = coord.elementY + dy"},"40":{"type":"action","id":"40","one":"41","text":"element = self.coords[0].element"},"46":{"type":"action","id":"46","one":"47","text":"findVerticalGuide(\n    self.widget,\n    element.id,\n    ebox,\n    ebox.left\n)"},"3":{"type":"action","id":"3","one":"16","text":"dx = snapUp(config, dxDia)\ndy = snapUp(config, dyDia)"},"17":{"flag1":0,"id":"17","type":"question","two":"28","one":"18","text":"dy === self.dy"},"36":{"one":"33","id":"36","type":"action","text":"coord.element.left = x\ncoord.element.top = y","two":""},"2":{"branchId":1,"one":"7","id":"2","type":"branch","text":"Calculate move"},"30":{"branchId":3,"one":"39","id":"30","type":"branch","text":"Find horizontal guides"},"18":{"type":"action","id":"18","one":"29","text":"self.dx = dx\nself.dy = dy"}},"updated_by":"stipan","keywords":{"scenario":false,"async":false,"export":false,"function":true,"algoprop":false},"type":"drakon","created_by":"stipan","name":"onDrag","when_updated":1671584655.6903}