{"keywords":{"scenario":false,"async":false,"export":false,"function":true,"algoprop":false},"tag":"450476977","params":"widget\nevt","when_created":1658254177.8091,"parent_id":"befd80d4","props":[],"language":"LANG_S42","items":{"10":{"type":"action","id":"10","one":"19","text":"diagramWidth = widget.visuals.box.width\ndiagramHeight = widget.visuals.box.height"},"5":{"type":"action","id":"5","one":"9","text":"x = evt.clientX - rect.left"},"11":{"type":"action","id":"11","one":"6","text":"return true"},"7":{"branchId":2,"one":"20","id":"7","type":"branch","text":"Bottom scrollbar"},"18":{"type":"action","text":"return false","one":"6","id":"18"},"14":{"type":"action","text":"y = evt.clientY - rect.top","one":"15","id":"14"},"8":{"type":"action","id":"8","one":"3","text":"scrollBarWidth = 20"},"1":{"type":"end","id":"1"},"9":{"flag1":0,"id":"9","type":"question","two":"11","one":"7","text":"rect.width - x <= scrollBarWidth"},"6":{"branchId":3,"one":"1","id":"6","type":"branch","text":"Exit"},"16":{"type":"action","id":"16","one":"6","text":"return false"},"3":{"type":"action","id":"3","one":"10","text":"rect = evt.target.getBoundingClientRect()"},"17":{"type":"action","text":"return true","one":"6","id":"17"},"2":{"branchId":1,"one":"8","id":"2","type":"branch","text":"Right scrollbar"},"19":{"flag1":1,"id":"19","type":"question","two":"7","one":"5","text":"rect.height < diagramHeight"},"15":{"flag1":0,"id":"15","type":"question","text":"rect.height - y <= scrollBarWidth","one":"16","two":"17"},"20":{"flag1":1,"id":"20","type":"question","two":"18","one":"14","text":"rect.width < diagramWidth"}},"type":"drakon","version":20180619,"updated_by":"stipan","when_updated":1658256403.6275,"name":"isOnScrollbars","created_by":"stipan"}