{"version":20180619,"tag":"912348455","params":"ctx\nvisuals\nnode\nbuildCoords\naux","when_created":1672558929.6258,"parent_id":"2bccae93","props":[],"created_by":"stipan","items":{"2":{"type":"branch","branchId":0,"one":"4","id":"2"},"4":{"type":"action","id":"4","one":"3","text":"left = node.x - node.w\ntop = node.y - node.h\nwidth = node.w * 2\nheight = node.h * 2"},"1":{"type":"end","id":"1"},"3":{"type":"action","id":"3","one":"1","text":"renderIconShape(\n    ctx,\n    visuals,\n    node,\n    buildCoords,\n    left,\n    top,\n    width,\n    height,\n    aux\n)"}},"keywords":{"scenario":false,"async":false,"export":false,"function":true,"algoprop":false},"updated_by":"stipan","type":"drakon","language":"LANG_S42","name":"renderDrakonIconShape","when_updated":1672560420.8127}