{"version":20180619,"tag":"419165292","params":"widget\nelements","when_created":1665042215.5597,"parent_id":"f474e5bd","props":[],"language":"LANG_S42","items":{"37":{"type":"action","text":"deleteItemCore(edits, element.id)","one":"46","id":"37"},"1":{"type":"end","id":"1"},"47":{"type":"action","text":"rearrangeZOnDelete(\n    widget,\n    toDelete,\n    edits\n)","one":"40","id":"47"},"41":{"branchId":2,"one":"47","id":"41","type":"branch","text":"Update z-indexes"},"38":{"type":"action","text":"toDelete = {}\ntoDeleteConnections = {}","one":"36","id":"38"},"35":{"type":"loopend","text":"","one":"41","id":"35"},"45":{"type":"action","text":"performOnConnections(\n    widget.visuals,\n    element.id,\n    toDeleteConnections,\n    function (connection) {\n        deleteItemCore(\n            edits,\n            connection.id\n        )\n    }\n)","one":"39","id":"45"},"46":{"type":"action","text":"decrementImageRefCount(\n    widget,\n    element.image\n)","one":"45","id":"46"},"42":{"one":"1","id":"42","type":"action","text":"return doEdit(widget, edits)","two":""},"40":{"branchId":3,"one":"42","id":"40","type":"branch","text":"Apply commands"},"39":{"type":"action","id":"39","one":"35","text":"toDelete[element.id] = true"},"16":{"type":"action","id":"16","one":"38","text":"edits = []"},"36":{"type":"loopbegin","text":"element; elements","one":"37","id":"36"},"2":{"branchId":1,"one":"16","id":"2","type":"branch","text":"Create delete commands"}},"updated_by":"stipan","keywords":{"scenario":false,"async":false,"export":false,"function":true,"algoprop":false},"type":"drakon","when_updated":1690566061.5117,"name":"deleteFree","created_by":"stipan"}