{"keywords":{"scenario":false,"async":false,"export":false,"function":true,"algoprop":false},"tag":"253833083","params":"visuals\nsocket\nctx\nconfig","when_created":1663071733.4018,"parent_id":"41f1c7b9","props":[],"created_by":"stipan","items":{"37":{"type":"action","id":"37","one":"15","text":"drawVerticalSocket(\n    ctx,\n    socket.x,\n    socket.startPos,\n    socket.endPos,\n    fill,\n    border,\n    config\n)"},"31":{"branchId":3,"one":"36","id":"31","type":"branch","text":"Vertical"},"41":{"one":"15","id":"41","type":"action","text":"drawPointSocket(\n    ctx,\n    socket.x,\n    socket.y,\n    fill,\n    border,\n    config\n)","two":""},"38":{"type":"action","text":"drawPointSocket(\n    ctx,\n    socket.x,\n    socket.y,\n    fill,\n    border,\n    config\n)","one":"15","id":"38"},"32":{"branchId":4,"one":"39","id":"32","type":"branch","text":"Horizontal"},"12":{"flag1":1,"id":"12","type":"question","text":"visuals.onSocket","one":"28","two":"49"},"48":{"one":"30","id":"48","type":"action","two":"","text":"fill = config.socketBody\nborder = config.theme.highlight"},"33":{"flag1":1,"id":"33","type":"question","two":"32","one":"31","text":"socket.edge.vertical"},"29":{"type":"action","id":"29","one":"30","text":"fill = config.socketBody\nborder = config.socketBorder"},"49":{"one":"47","id":"49","type":"action","text":"primId = \"socket-\" + socket.id","two":""},"34":{"type":"action","id":"34","one":"6","text":"radius = config.socketRadius"},"1":{"type":"end","id":"1"},"15":{"branchId":5,"one":"1","id":"15","type":"branch","text":"Exit"},"16":{"branchId":2,"one":"25","id":"16","type":"branch","text":"Active"},"6":{"flag1":1,"id":"6","type":"question","two":"49","one":"12","text":"visuals.currentSocket === socket.id"},"25":{"type":"action","text":"drawPointSocket(\n    ctx,\n    socket.x,\n    socket.y,\n    fill,\n    border,\n    config\n)","one":"15","id":"25"},"47":{"flag1":0,"id":"47","type":"question","two":"48","one":"29","text":"visuals.highlight === primId"},"40":{"one":"15","id":"40","type":"action","text":"drawHorizontalSocket(\n    ctx,\n    socket.startPos,\n    socket.endPos,\n    socket.y,\n    fill,\n    border,\n    config\n)","two":""},"39":{"flag1":0,"id":"39","type":"question","text":"socket.startPos === undefined","one":"40","two":"41"},"36":{"flag1":0,"id":"36","type":"question","text":"socket.startPos === undefined","one":"37","two":"38"},"28":{"type":"action","text":"fill = config.socketBorder\nborder = config.socketBody","one":"30","id":"28"},"30":{"flag1":1,"id":"30","type":"question","text":"socket.node","one":"16","two":"33"},"2":{"branchId":1,"one":"34","id":"2","type":"branch","text":"Is active? Node or edge?"}},"updated_by":"stipan","version":20180619,"type":"drakon","language":"LANG_S42","name":"drawSocket","when_updated":1673941153.1809}