{"keywords":{"scenario":false,"async":false,"export":false,"function":true,"algoprop":false},"tag":"946129229","params":"evt","when_created":1658088970.3261,"parent_id":"e0f4b57d","props":[],"created_by":"stipan","items":{"2":{"type":"branch","branchId":0,"one":"4","id":"2"},"4":{"flag1":1,"id":"4","type":"question","two":"1","one":"5","text":"self.mouseEvents"},"1":{"type":"end","id":"1"},"5":{"one":"1","id":"5","type":"action","two":"","text":"self.mouseEvents.mouseLeave(evt)"}},"type":"drakon","language":"LANG_S42","updated_by":"stipan","version":20180619,"name":"onMouseLeave","when_updated":1669559590.3228}