{"version":20180619,"tag":"217666769","params":"evt","when_created":1658088970.3261,"parent_id":"e0f4b57d","props":[],"language":"LANG_S42","items":{"4":{"flag1":1,"id":"4","type":"question","two":"1","one":"5","text":"self.mouseEvents"},"1":{"type":"end","id":"1"},"5":{"one":"1","id":"5","type":"action","two":"","text":"self.mouseEvents.mouseLeave(evt)"},"2":{"type":"branch","branchId":0,"one":"6","id":"2"},"6":{"flag1":0,"id":"6","type":"question","text":"evt.pointerType === \"touch\"","one":"4","two":"1"}},"keywords":{"scenario":false,"async":false,"export":false,"function":true,"algoprop":false},"type":"drakon","updated_by":"stipan","when_updated":1687180144.0305,"name":"onMouseLeave","created_by":"stipan"}