{"version":20180619,"tag":"16728480210427","params":"visuals\nelement\nctx","when_created":1672848004.9688,"parent_id":"f298c153","props":[],"created_by":"stipan","items":{"11":{"one":"5","id":"11","type":"action","text":"renderFreeIconShapeComplex(\n    ctx,\n    visuals,\n    element,\n    buildBeginEndPath,\n    undefined\n)","two":""},"2":{"branchId":0,"one":"11","id":"2","type":"branch","text":""},"1":{"type":"end","id":"1"},"5":{"one":"1","id":"5","type":"action","text":"centerContentFree(visuals, element, ctx)","two":""}},"type":"drakon","keywords":{"scenario":false,"async":false,"export":false,"function":true,"algoprop":false},"updated_by":"stipan","when_updated":1672848021.0427,"name":"renderSoap","language":"LANG_S42"}