{"keywords":{"scenario":false,"async":false,"export":false,"function":true,"algoprop":false},"tag":"95317618","params":"widget\nsocket","when_created":1664882010.8347,"parent_id":"f7515898","props":[],"created_by":"stipan","items":{"4":{"type":"action","id":"4","one":"1","text":"return edits"},"8":{"type":"action","id":"8","one":"4","text":"redirectUpperItems(\n    edits,\n    socket.edge.links,\n    newId\n)"},"1":{"type":"end","id":"1"},"5":{"type":"action","text":"newId = createItem(\n    widget.model,\n    edits,\n    item\n)","one":"7","id":"5"},"2":{"type":"branch","branchId":0,"one":"3","id":"2"},"6":{"type":"action","text":"item = {\n    type: \"arrow-loop\",\n    one: socket.target\n}","one":"5","id":"6"},"7":{"type":"action","text":"redirectUpperItems(\n    edits,\n    socket.links,\n    newId\n)","one":"8","id":"7"},"3":{"type":"action","text":"edits = []","one":"6","id":"3"}},"updated_by":"stipan","version":20180619,"type":"drakon","language":"LANG_S42","name":"clickArrowSocket","when_updated":1664882228.6572}