{"version":20180619,"tag":"","params":"widget","when_created":1673510163.1075,"parent_id":"b3d6c272","props":[],"language":"LANG_S42","items":{"4":{"flag1":1,"id":"4","type":"question","text":"widget.model.type === \"graf\"","one":"3","two":"5"},"1":{"type":"end","id":"1"},"5":{"type":"action","id":"5","one":"1","text":"return false"},"2":{"type":"branch","branchId":0,"one":"4","id":"2"},"3":{"type":"action","text":"return true","one":"1","id":"3"}},"keywords":{"scenario":false,"async":false,"export":false,"function":true,"algoprop":false},"type":"drakon","updated_by":"stipan","when_updated":1673510163.1075,"name":"isMind","created_by":"stipan"}