{"version":20180619,"tag":"481032486","params":"action\ndelay\nnotrace","when_created":1669580391.4321,"parent_id":"34e4d875","props":[],"created_by":"stipan","items":{"2":{"type":"branch","branchId":0,"one":"3","id":"2"},"1":{"type":"end","id":"1"},"3":{"type":"action","id":"3","one":"1","text":"return tracing.setTimeout(\n    action,\n    delay,\n    notrace\n)"}},"keywords":{"scenario":false,"async":false,"export":false,"function":true,"algoprop":false},"when_updated":1670315771.2476,"updated_by":"stipan","type":"drakon","name":"setTimeout","language":"LANG_S42"}