{"version":20180619,"tag":"492603908","params":"x\ny","when_created":1671273086.9499,"parent_id":"8c5a7282","props":[],"language":"LANG_S42","items":{"4":{"type":"action","text":"self.element.height = y - self.top","one":"8","id":"4"},"8":{"type":"action","text":"findHorizontalForHandle(self, element, y)","one":"1","id":"8"},"1":{"type":"end","id":"1"},"7":{"type":"action","id":"7","one":"4","text":"element = self.element"},"2":{"type":"branch","branchId":0,"one":"7","id":"2"}},"keywords":{"scenario":false,"async":false,"export":false,"function":true,"algoprop":false},"type":"drakon","updated_by":"stipan","created_by":"stipan","name":"dragTo","when_updated":1671376276.843}