{"keywords":{"scenario":false,"async":false,"export":false,"function":true,"algoprop":false},"tag":"661714008","params":"visuals","when_created":1665292488.2386,"parent_id":"f7515898","props":[],"language":"LANG_S42","items":{"4":{"type":"action","id":"4","one":"1","text":"return visuals.config.branch + (max + 1)"},"8":{"type":"action","id":"8","one":"9","text":"number = getNumberPart(branch.content)"},"1":{"type":"end","id":"1"},"5":{"type":"loopend","text":"","one":"4","id":"5"},"9":{"type":"action","id":"9","one":"5","text":"max = Math.max(max, number)"},"6":{"type":"loopbegin","text":"id; visuals.branches","one":"7","id":"6"},"3":{"type":"action","id":"3","one":"6","text":"max = 0"},"7":{"type":"action","text":"branch = getNode(visuals, id)","one":"8","id":"7"},"2":{"type":"branch","branchId":0,"one":"3","id":"2"}},"type":"drakon","version":20180619,"updated_by":"stipan","created_by":"stipan","name":"nextBranchName","when_updated":1665292593.0272}