{"keywords":{"scenario":false,"async":false,"export":true,"function":true,"algoprop":false},"tag":"16685133496490","params":"font","when_created":1667475262.5894,"parent_id":"f2ec426b","props":[],"language":"LANG_S42","items":{"4":{"type":"action","id":"4","one":"1","text":"return parts.join(\" \")"},"8":{"type":"action","text":"parts.push(font.weight)","one":"9","id":"8"},"1":{"type":"end","id":"1"},"5":{"flag1":1,"id":"5","type":"question","text":"font.style","one":"6","two":"7"},"9":{"type":"action","id":"9","one":"11","text":"parts.push(font.size + \"px\")"},"6":{"type":"action","text":"parts.push(font.style)","one":"7","id":"6"},"11":{"type":"action","id":"11","one":"4","text":"parts.push(font.family)"},"3":{"type":"action","text":"parts = []","one":"5","id":"3"},"7":{"flag1":1,"id":"7","type":"question","text":"font.weight","one":"8","two":"9"},"2":{"type":"branch","branchId":0,"one":"3","id":"2"}},"version":20180619,"updated_by":"stipan","type":"drakon","created_by":"stipan","name":"cssFontToString","when_updated":1668513349.6491}