{"version":20180619,"tag":"897216889","params":"handle\nx\ny","when_created":1671585148.8967,"parent_id":"791b14d4","props":[],"created_by":"stipan","items":{"4":{"one":"5","id":"4","type":"action","text":"sourceBox = createBox(x, y, 0, 0)","two":""},"8":{"one":"1","id":"8","type":"action","text":"findVerticalCentralGuide(\n    handle.widget,\n    handle.element.id,\n    sourceBox,\n    x\n)","two":""},"1":{"type":"end","id":"1"},"5":{"one":"6","id":"5","type":"action","text":"findHorizontalGuide(\n    handle.widget,\n    handle.element.id,\n    sourceBox,\n    y\n)","two":""},"2":{"type":"branch","branchId":0,"one":"4","id":"2"},"6":{"one":"7","id":"6","type":"action","text":"findVerticalGuide(\n    handle.widget,\n    handle.element.id,\n    sourceBox,\n    x\n)","two":""},"7":{"one":"8","id":"7","type":"action","two":"","text":"findHorizontalCentralGuide(\n    handle.widget,\n    handle.element.id,\n    sourceBox,\n    y\n)"}},"type":"drakon","keywords":{"scenario":false,"async":false,"export":false,"function":true,"algoprop":false},"updated_by":"stipan","language":"LANG_S42","name":"findGuidesForPoint","when_updated":1671585166.4411}