{"keywords":{"scenario":false,"async":false,"export":false,"function":true,"algoprop":false},"tag":"33018287","params":"visuals","when_created":1665041539.5087,"parent_id":"f474e5bd","props":[],"language":"LANG_S42","items":{"2":{"type":"branch","branchId":0,"one":"3","id":"2"},"1":{"type":"end","id":"1"},"3":{"type":"action","text":"return visuals.branches.length > 2","one":"1","id":"3"}},"type":"drakon","version":20180619,"updated_by":"stipan","when_updated":1665041563.6562,"name":"canDeleteBranch","created_by":"stipan"}