{"version":20180619,"tag":"689939333","params":"x1\ny1\nx2\ny2\nmargin","when_created":1672989790.9175,"parent_id":"f298c153","props":[],"when_updated":1672990021.0667,"items":{"4":{"one":"5","id":"4","type":"action","two":"","text":"left = Math.min(x1, x2)\nright = Math.max(x1, x2)"},"1":{"type":"end","id":"1"},"5":{"one":"7","id":"5","type":"action","text":"top = Math.min(y1, y2)\nbottom = Math.max(y1, y2)","two":""},"2":{"type":"branch","branchId":0,"one":"4","id":"2"},"7":{"one":"10","id":"7","type":"action","text":"width = right - left\nheight = bottom - top","two":""},"10":{"one":"1","id":"10","type":"action","text":"return createBoxWithMargin(\n    left,\n    top,\n    width,\n    height,\n    margin\n)","two":""}},"type":"drakon","keywords":{"scenario":false,"async":false,"export":false,"function":true,"algoprop":false},"updated_by":"stipan","language":"LANG_S42","name":"calculateLineBoxCore","created_by":"stipan"}