{"keywords":{"scenario":false,"async":false,"export":false,"function":true,"algoprop":false},"tag":"263418372","params":"parbegin","when_created":1666588844.8382,"parent_id":"41f1c7b9","props":[],"created_by":"stipan","items":{"11":{"type":"action","text":"right = goRight(parbegin)\ndown = goDown(right)\nleft = goLeft(down)","one":"12","id":"11"},"12":{"type":"action","text":"return left.itemId","one":"1","id":"12"},"1":{"type":"end","id":"1"},"2":{"type":"branch","branchId":0,"one":"11","id":"2"}},"version":20180619,"type":"drakon","updated_by":"stipan","when_updated":1666599743.6595,"name":"getParTarget","language":"LANG_S42"}