{"version":20180619,"tag":"284008562","params":"visuals\nparams","when_created":1657539033.5305,"parent_id":"befd80d4","props":[],"when_updated":1665066531.7269,"items":{"4":{"flag1":1,"id":"4","type":"question","text":"params","one":"3","two":"7"},"1":{"type":"end","id":"1"},"5":{"type":"action","id":"5","one":"6","text":"flowIcon(visuals, node)"},"2":{"type":"branch","branchId":0,"one":"4","id":"2"},"6":{"type":"action","id":"6","one":"1","text":"return node"},"7":{"type":"action","id":"7","one":"1","text":"return undefined"},"3":{"type":"action","text":"node = createNode(\n    visuals,\n    undefined,\n    \"params\",\n    params,\n    \"params\"\n)","one":"5","id":"3"}},"type":"drakon","keywords":{"scenario":false,"async":false,"export":false,"function":true,"algoprop":false},"updated_by":"stipan","language":"LANG_S42","name":"createParamsNode","created_by":"stipan"}