{"keywords":{"scenario":false,"async":false,"export":false,"function":true,"algoprop":false},"tag":"565703797","params":"widget\nsocket\nblock","when_created":1665305173.8075,"parent_id":"e674bf58","props":[],"created_by":"stipan","items":{"10":{"type":"action","text":"branchId = getSocketBranchId(socket)","one":"11","id":"10"},"21":{"type":"action","text":"branch = getBranchByName(visuals, name)","one":"22","id":"21"},"22":{"flag1":1,"id":"22","type":"question","text":"branch","one":"23","two":"24"},"11":{"type":"action","text":"targetId = getBranchItemId(\n    widget.visuals,\n    branchId\n)","one":"12","id":"11"},"23":{"type":"action","text":"newId = branch.itemId","one":"25","id":"23"},"9":{"type":"action","id":"9","one":"1","text":"return edits"},"7":{"branchId":3,"one":"18","id":"7","type":"branch","text":"Replace ids"},"18":{"type":"action","id":"18","one":"20","text":"oldToNew = generateNewIds(widget, items)"},"5":{"branchId":5,"one":"9","id":"5","type":"branch","text":"Exit"},"13":{"type":"action","id":"13","one":"3","text":"visuals = widget.visuals"},"14":{"type":"loopend","text":"","one":"7","id":"14"},"6":{"branchId":4,"one":"27","id":"6","type":"branch","text":"Insert items"},"8":{"branchId":2,"one":"15","id":"8","type":"branch","text":"Set branch id"},"1":{"type":"end","id":"1"},"26":{"type":"action","id":"26","one":"6","text":"replaceTargets(items, oldToNew)"},"24":{"type":"action","text":"newId = targetId","one":"25","id":"24"},"15":{"type":"loopbegin","text":"item; items","one":"16","id":"15"},"16":{"flag1":0,"id":"16","type":"question","two":"17","one":"14","text":"item.id === start"},"28":{"type":"action","id":"28","one":"5","text":"items.forEach(create)"},"25":{"type":"action","id":"25","one":"19","text":"oldToNew[oldId] = newId"},"12":{"type":"action","text":"edits = moveBranchIdsRight(\n    visuals,\n    branchId\n)","one":"8","id":"12"},"3":{"type":"action","id":"3","one":"10","text":"items = block.items\nstart = block.start\ntargets = block.targets"},"17":{"type":"action","id":"17","one":"7","text":"item.branchId = branchId"},"2":{"branchId":1,"one":"13","id":"2","type":"branch","text":"Move to the right"},"19":{"type":"loopend","id":"19","one":"26","text":""},"27":{"type":"action","text":"create = function (item) {\n    createPastedItem(edits, item)\n}","one":"28","id":"27"},"20":{"type":"loopbegin","text":"oldId, name; targets","one":"21","id":"20"}},"updated_by":"stipan","version":20180619,"type":"drakon","language":"LANG_S42","name":"pasteBranch","when_updated":1665306008.5667}