{"version":20180619,"tag":"226203851","params":"node","when_created":1712836427.753,"parent_id":"8e739cfd","props":[],"when_updated":1712837855.5955,"items":{"11":{"one":"1","id":"11","type":"action","two":"","text":"return false"},"1":{"type":"end","id":"1"},"5":{"one":"1","id":"5","type":"action","text":"return true","two":""},"2":{"type":"branch","branchId":0,"one":"4","id":"2"},"4":{"flag1":1,"id":"4","type":"question","two":"11","one":"10","text":"node.left"},"10":{"flag1":0,"id":"10","type":"question","two":"11","one":"5","text":"hasDuration(node)"}},"keywords":{"scenario":false,"async":false,"export":false,"function":true,"algoprop":false},"created_by":"stipan","updated_by":"stipan","type":"drakon","name":"hasLeft","language":"LANG_S42"}