{"version":20180619,"tag":"390360226","params":"widget\nprim","when_created":1658298955.5111,"parent_id":"a07682cb","props":[],"language":"LANG_S42","items":{"4":{"branchId":7,"one":"1","id":"4","type":"branch","text":"Exit"},"40":{"type":"action","text":"source = findLianaSource(visuals, prim)","one":"41","id":"40"},"10":{"branchId":2,"one":"34","id":"10","type":"branch","text":"Outer-outer"},"21":{"flag1":1,"id":"21","type":"question","text":"isLower(record, source)","one":"42","two":"15"},"41":{"flag1":1,"id":"41","type":"question","text":"source","one":"10","two":"4"},"32":{"type":"loopbegin","text":"id, downEdge; source.outer.outerArrPads","one":"33","id":"32"},"11":{"flag1":1,"id":"11","type":"question","two":"4","one":"13","text":"isDegQuestion(source)"},"12":{"type":"loopend","text":"","one":"4","id":"12"},"7":{"branchId":5,"one":"45","id":"7","type":"branch","text":"Inner-outer"},"42":{"type":"action","text":"createLianaSocket(\n    visuals,\n    record,\n    source,\n    \"inner-outer\"\n)","one":"15","id":"42"},"13":{"type":"loopbegin","id":"13","one":"43","text":"targetId, record; source.inner.inner"},"43":{"type":"action","id":"43","one":"12","text":"createLianaSocket(\n    visuals,\n    record,\n    source,\n    \"inner-inner\"\n)"},"34":{"flag1":1,"id":"34","type":"question","two":"7","one":"36","text":"source.outer"},"45":{"flag1":1,"id":"45","type":"question","two":"4","one":"16","text":"source.inner"},"24":{"type":"loopbegin","text":"targetId, record; source.outer.inner","one":"25","id":"24"},"15":{"type":"loopend","text":"","one":"6","id":"15"},"16":{"type":"loopbegin","text":"targetId, record; source.inner.outer","one":"19","id":"16"},"35":{"type":"loopend","text":"","one":"9","id":"35"},"25":{"flag1":1,"id":"25","type":"question","text":"canOuterToInner(record, source)","one":"26","two":"23"},"46":{"flag1":1,"id":"46","type":"question","two":"4","one":"44","text":"isDrakon(widget)"},"26":{"type":"action","text":"createLianaSocket(\n    visuals,\n    record,\n    source,\n    \"outer-inner\"\n)","one":"23","id":"26"},"36":{"type":"loopbegin","text":"targetId, record; source.outer.outer","one":"37","id":"36"},"27":{"flag1":0,"id":"27","type":"question","text":"source.arrow","one":"28","two":"4"},"37":{"flag1":1,"id":"37","type":"question","two":"35","one":"38","text":"isLower(record, source)"},"38":{"type":"action","text":"createLianaSocket(\n    visuals,\n    record,\n    source,\n    \"outer-outer\"\n)","one":"35","id":"38"},"28":{"flag1":0,"id":"28","type":"question","two":"4","one":"7","text":"source.role === \"up\""},"39":{"flag1":0,"id":"39","type":"question","two":"4","one":"40","text":"isReadonly(widget)"},"1":{"type":"end","id":"1"},"9":{"branchId":3,"one":"30","id":"9","type":"branch","text":"Arrow pads"},"8":{"branchId":4,"one":"24","id":"8","type":"branch","text":"Outer-inner"},"6":{"branchId":6,"one":"11","id":"6","type":"branch","text":"Inner-inner"},"44":{"type":"action","id":"44","one":"3","text":"visuals = widget.visuals"},"33":{"type":"action","text":"createArrowSocket(\n    visuals,\n    downEdge,\n    source\n)","one":"31","id":"33"},"23":{"type":"loopend","id":"23","one":"27","text":""},"3":{"type":"action","text":"clearSockets(visuals)","one":"39","id":"3"},"2":{"branchId":1,"one":"46","id":"2","type":"branch","text":"Liana source"},"30":{"flag1":0,"id":"30","type":"question","text":"source.arrow","one":"32","two":"8"},"19":{"flag1":0,"id":"19","type":"question","text":"source.role === \"right-loop\"","one":"20","two":"15"},"31":{"type":"loopend","text":"","one":"8","id":"31"},"20":{"flag1":1,"id":"20","type":"question","two":"21","one":"42","text":"source.vertical"}},"keywords":{"scenario":false,"async":false,"export":false,"function":true,"algoprop":false},"type":"drakon","updated_by":"stipan","when_updated":1673510186.0397,"name":"showLianaSockets","created_by":"stipan"}