{"keywords":{"scenario":false,"async":false,"export":false,"function":true,"algoprop":false},"tag":"450460174","params":"edge","when_created":1664378719.8702,"parent_id":"a07682cb","props":[],"when_updated":1664378792.0551,"items":{"4":{"flag1":0,"id":"4","type":"question","text":"edge.vertical","one":"5","two":"7"},"1":{"type":"end","id":"1"},"5":{"flag1":1,"id":"5","type":"question","two":"7","one":"6","text":"edge.head.type === \"question\""},"2":{"type":"branch","branchId":0,"one":"4","id":"2"},"6":{"flag1":1,"id":"6","type":"question","text":"edge.tail.up","one":"3","two":"7"},"7":{"type":"action","id":"7","one":"1","text":"return false"},"3":{"type":"action","id":"3","one":"1","text":"return true"}},"updated_by":"stipan","version":20180619,"type":"drakon","language":"LANG_S42","name":"isDegQuestion","created_by":"stipan"}