{"keywords":{"scenario":false,"async":false,"export":false,"function":true,"algoprop":false},"tag":"822956646","params":"node","when_created":1658401721.1995,"parent_id":"35f7b123","props":[],"language":"LANG_S42","items":{"10":{"flag1":1,"id":"10","type":"question","text":"node.id === \"params\"","one":"15","two":"13"},"5":{"type":"case","one":"13","id":"5"},"11":{"one":"3","id":"11","type":"case","text":"\"address\"","two":"12"},"12":{"one":"16","id":"12","type":"case","two":"9","text":"\"junction\""},"7":{"one":"3","id":"7","type":"case","text":"\"end\"","two":"18"},"18":{"one":"3","id":"18","type":"case","two":"14","text":"\"duration\""},"13":{"type":"action","id":"13","one":"1","text":"return true"},"14":{"one":"3","id":"14","type":"case","two":"6","text":"\"header\""},"8":{"type":"select","id":"8","one":"7","text":"node.type"},"1":{"type":"end","id":"1"},"9":{"one":"10","id":"9","type":"case","text":"\"action\"","two":"5"},"6":{"one":"3","id":"6","type":"case","text":"\"branch\"","two":"11"},"16":{"flag1":0,"id":"16","type":"question","two":"17","one":"3","text":"node.subtype === \"parbegin\""},"3":{"type":"action","id":"3","one":"1","text":"return false"},"17":{"type":"action","id":"17","one":"1","text":"return true"},"2":{"type":"branch","branchId":0,"one":"8","id":"2"},"15":{"type":"action","id":"15","one":"1","text":"return false"}},"type":"drakon","version":20180619,"updated_by":"stipan","when_updated":1666719591.2457,"name":"canSelectNode","created_by":"stipan"}