{"version":20180619,"tag":"30597484","params":"element\ncursor","when_created":1660025013.7069,"parent_id":"34e4d875","props":[],"items":{"2":{"type":"branch","branchId":0,"one":"3","id":"2"},"1":{"type":"end","id":"1"},"3":{"type":"action","id":"3","one":"1","text":"element.style.cursor = cursor"}},"when_updated":1660025029.5164,"updated_by":"stipan","type":"drakon","keywords":{"scenario":false,"async":false,"export":false,"function":true,"algoprop":false},"name":"setCursor","created_by":"stipan"}