{"keywords":{"scenario":false,"async":false,"export":false,"function":true,"algoprop":false},"tag":"805375427","params":"visuals\nsub","when_created":1664015823.8076,"parent_id":"8e739cfd","props":[],"language":"LANG_S42","items":{"4":{"type":"action","text":"return crawler","one":"1","id":"4"},"1":{"type":"end","id":"1"},"5":{"type":"action","text":"crawler.run()","one":"4","id":"5"},"2":{"type":"branch","branchId":0,"one":"3","id":"2"},"3":{"type":"action","id":"3","one":"5","text":"crawler = OuterCrawler_create(\n    visuals,\n    sub\n)"}},"version":20180619,"updated_by":"stipan","type":"drakon","when_updated":1664017567.9308,"name":"createOuter","created_by":"stipan"}