{"keywords":{"scenario":false,"async":false,"export":false,"function":true,"algoprop":false},"tag":"554309773","params":"visuals\nnode","when_created":1666859541.5588,"parent_id":"e9a4dcbc","props":[],"created_by":"stipan","items":{"4":{"flag1":1,"id":"4","type":"question","two":"12","one":"8","text":"node.topDiv"},"8":{"type":"action","id":"8","one":"14","text":"rect = node.topDiv.getBoundingClientRect()"},"1":{"type":"end","id":"1"},"12":{"flag1":1,"id":"12","type":"question","text":"node.topFlowBlock","one":"10","two":"13"},"7":{"type":"action","id":"7","one":"1","text":"return rect.height \/ zoom"},"2":{"type":"branch","branchId":0,"one":"4","id":"2"},"10":{"type":"action","text":"return node.topFlowBlock.height","one":"1","id":"10"},"13":{"type":"action","id":"13","one":"1","text":"return 0"},"14":{"type":"action","id":"14","one":"7","text":"zoom = visuals.config.zoom"}},"version":20180619,"type":"drakon","updated_by":"stipan","when_updated":1671178515.1734,"name":"getSecondaryHeightDefault","language":"LANG_S42"}