{"keywords":{"scenario":false,"async":false,"export":false,"function":true,"algoprop":false},"tag":"77135026","params":"ctx\nx\ny\nsize\nfill\nborder\nlineWidth","when_created":1658308449.191,"parent_id":"34e4d875","props":[],"language":"LANG_S42","items":{"4":{"type":"action","text":"ctx.fillRect(left, top, size, size)","one":"8","id":"4"},"8":{"type":"action","id":"8","one":"6","text":"ctx.lineWidth = lineWidth"},"1":{"type":"end","id":"1"},"5":{"type":"action","id":"5","one":"4","text":"ctx.fillStyle = fill\nctx.strokeStyle = border"},"2":{"type":"branch","branchId":0,"one":"3","id":"2"},"6":{"type":"action","id":"6","one":"1","text":"ctx.strokeRect(left, top, size, size)"},"3":{"type":"action","text":"left = x - size \/ 2\ntop = y - size \/ 2","one":"5","id":"3"}},"version":20180619,"updated_by":"stipan","type":"drakon","when_updated":1658310893.0523,"name":"centerSquare","created_by":"stipan"}