{"keywords":{"scenario":false,"async":false,"export":false,"function":true,"algoprop":false},"tag":"448604277","params":"visuals\nelement","when_created":1671095852.7858,"parent_id":"4dc44fb7","props":[],"when_updated":1671099924.0458,"items":{"1":{"type":"end","id":"1"},"7":{"type":"action","text":"element.contentHeight = size.height","one":"1","id":"7"},"2":{"type":"branch","branchId":0,"one":"3","id":"2"},"6":{"type":"action","id":"6","one":"7","text":"setNodeSize(\n    visuals.config,\n    element,\n    size\n)"},"3":{"type":"action","text":"size = contentDuration(visuals, element)","one":"6","id":"3"}},"version":20180619,"updated_by":"stipan","type":"drakon","created_by":"stipan","name":"flow","language":"LANG_S42"}