{"version":20180619,"tag":"16751464871923","params":"larger\nsmaller","when_created":1664377653.3645,"parent_id":"73128943","props":[],"items":{"4":{"flag1":1,"id":"4","type":"question","two":"5","one":"7","text":"larger"},"8":{"flag1":1,"id":"8","type":"question","two":"5","one":"6","text":"smallKey in larger"},"1":{"type":"end","id":"1"},"5":{"type":"action","id":"5","one":"1","text":"return false"},"2":{"type":"branch","branchId":0,"one":"4","id":"2"},"6":{"type":"loopend","text":"","one":"3","id":"6"},"7":{"type":"loopbegin","text":"smallKey, _; smaller","one":"8","id":"7"},"3":{"type":"action","id":"3","one":"1","text":"return true"}},"created_by":"stipan","type":"drakon","updated_by":"stipan","keywords":{"scenario":false,"async":false,"export":true,"function":true,"algoprop":false},"name":"isSubset","when_updated":1675146487.1923}