{"version":20180619,"tag":"306254312","params":"dst\nsrc\nfields","when_created":1675514296.6593,"parent_id":"73128943","props":[],"language":"LANG_S42","items":{"4":{"type":"loopend","text":"","one":"1","id":"4"},"8":{"flag1":1,"id":"8","type":"question","two":"4","one":"6","text":"hasValue(value)"},"1":{"type":"end","id":"1"},"5":{"type":"loopbegin","text":"field; fields","one":"7","id":"5"},"2":{"type":"branch","branchId":0,"one":"5","id":"2"},"6":{"type":"action","text":"dst[field] = value","one":"4","id":"6"},"7":{"type":"action","text":"value = src[field]","one":"8","id":"7"}},"updated_by":"stipan","keywords":{"scenario":false,"async":false,"export":true,"function":true,"algoprop":false},"type":"drakon","created_by":"stipan","name":"copyFieldsWithValue","when_updated":1675514308.3872}