{"version":20180619,"tag":"","params":"widget\nedits","when_created":1675884883.5137,"parent_id":"d52a4344","props":[],"when_updated":1675884883.5137,"items":{"4":{"type":"loopend","id":"4","one":"3","text":""},"8":{"type":"action","id":"8","one":"4","text":"deleteItemCore(edits, id)"},"1":{"type":"end","id":"1"},"5":{"type":"loopbegin","id":"5","one":"6","text":"id, image; widget.images"},"9":{"type":"action","text":"images2[id] = image","one":"4","id":"9"},"6":{"flag1":0,"id":"6","type":"question","text":"image.refCount === 0","one":"9","two":"8"},"3":{"type":"action","text":"widget.images = images2","one":"1","id":"3"},"7":{"type":"action","text":"images2 = {}","one":"5","id":"7"},"2":{"type":"branch","branchId":0,"one":"7","id":"2"}},"keywords":{"scenario":false,"async":false,"export":false,"function":true,"algoprop":false},"created_by":"stipan","updated_by":"stipan","type":"drakon","name":"deleteOrphanImages","language":"LANG_S42"}