{"version":20180619,"tag":"912829596","params":"widget\npos","when_created":1690626194.7229,"parent_id":"c7c5feee","props":[],"language":"LANG_S42","items":{"4":{"type":"loopend","id":"4","one":"3","text":""},"8":{"type":"action","id":"8","one":"14","text":"free = visuals.free"},"1":{"type":"end","id":"1"},"5":{"type":"loopbegin","id":"5","one":"12","text":"i = free.length - 1; i >= 0; i--"},"7":{"type":"action","id":"7","one":"1","text":"return found"},"2":{"type":"branch","branchId":0,"one":"10","id":"2"},"11":{"flag1":0,"id":"11","type":"question","text":"found","one":"4","two":"7"},"12":{"type":"action","text":"element = free[i]","one":"18","id":"12"},"3":{"type":"action","text":"return undefined","one":"1","id":"3"},"17":{"type":"action","id":"17","one":"11","text":"found = hitFreeOrConnection(\n    widget,\n    element,\n    pos,\n    visited\n)"},"18":{"flag1":0,"id":"18","type":"question","two":"19","one":"17","text":"element.zIndex < 0"},"19":{"type":"action","text":"return undefined","one":"1","id":"19"},"10":{"type":"action","text":"visuals = widget.visuals","one":"8","id":"10"},"14":{"type":"action","text":"visited = {}","one":"5","id":"14"}},"keywords":{"scenario":false,"async":false,"export":false,"function":true,"algoprop":false},"updated_by":"stipan","type":"drakon","when_updated":1690626640.056,"name":"findFreeFront","created_by":"stipan"}