{"version":20180619,"tag":"601463687","params":"dict\nkey","when_created":1657537037.8743,"parent_id":"34e4d875","props":[],"when_updated":1657537088.7394,"items":{"4":{"flag1":1,"id":"4","type":"question","two":"6","one":"5","text":"list"},"1":{"type":"end","id":"1"},"5":{"type":"action","id":"5","one":"1","text":"return list"},"2":{"type":"branch","branchId":0,"one":"3","id":"2"},"6":{"type":"action","id":"6","one":"5","text":"list = []\ndict[key] = list"},"3":{"type":"action","id":"3","one":"4","text":"list = dict[key]"}},"type":"drakon","keywords":{"scenario":false,"async":false,"export":false,"function":true,"algoprop":false},"updated_by":"stipan","language":"LANG_S42","name":"getCreateList","created_by":"stipan"}