{"keywords":{"scenario":false,"async":false,"export":false,"function":true,"algoprop":false},"tag":"67499312","params":"style","when_created":1667727875.244,"parent_id":"e0f4b57d","props":[],"when_updated":1670315055.0316,"items":{"4":{"flag1":1,"id":"4","type":"question","two":"5","one":"3","text":"style"},"5":{"type":"action","text":"styleStr = \"\"","one":"16","id":"5"},"1":{"type":"end","id":"1"},"17":{"type":"action","text":"return updateAndKeepSelection(\n    self,\n    [change]\n)","one":"1","id":"17"},"18":{"type":"action","id":"18","one":"4","text":"tracing.trace(\n    \"DrakonCanvas.setDiagramStyle\",\n    style\n)"},"3":{"type":"action","text":"styleStr = JSON.stringify(style)","one":"16","id":"3"},"16":{"one":"17","id":"16","type":"action","text":"change = {\n    fields: {style: styleStr},\n    op: \"update\"\n}","two":""},"2":{"type":"branch","branchId":0,"one":"18","id":"2"}},"type":"drakon","version":20180619,"updated_by":"stipan","created_by":"stipan","name":"setDiagramStyle","language":"LANG_S42"}