{"version":20180619,"tag":"683618648","params":"visuals\nbranchNode","when_created":1664013813.6206,"parent_id":"8e739cfd","props":[],"created_by":"stipan","items":{"4":{"flag1":0,"id":"4","type":"question","text":"branchNode.branchId === branches.length","one":"5","two":"6"},"1":{"type":"end","id":"1"},"5":{"type":"action","text":"index = branchNode.branchId","one":"7","id":"5"},"2":{"type":"branch","branchId":0,"one":"3","id":"2"},"6":{"type":"action","text":"index = 0","one":"7","id":"6"},"7":{"type":"action","text":"return getNode(visuals, branches[index])","one":"1","id":"7"},"3":{"type":"action","text":"branches = visuals.branches","one":"4","id":"3"}},"type":"drakon","keywords":{"scenario":false,"async":false,"export":false,"function":true,"algoprop":false},"updated_by":"stipan","language":"LANG_S42","name":"getNextBranch","when_updated":1664182354.3173}