{"keywords":{"scenario":false,"async":false,"export":false,"function":true,"algoprop":false},"tag":"624405960","params":"visuals\nedgeId","when_created":1657621107.8976,"parent_id":"84128d97","props":[],"language":"LANG_S42","items":{"2":{"type":"branch","branchId":0,"one":"3","id":"2"},"1":{"type":"end","id":"1"},"3":{"type":"action","text":"return visuals.edges[edgeId]","one":"1","id":"3"}},"type":"drakon","version":20180619,"updated_by":"stipan","created_by":"stipan","name":"getEdge","when_updated":1664474428.2697}