{"keywords":{"scenario":false,"async":false,"export":false,"function":true,"algoprop":false},"tag":"111788681","params":"visuals\nctx","when_created":1664178597.7762,"parent_id":"8e739cfd","props":[],"language":"LANG_S42","items":{"8":{"type":"loopend","id":"8","one":"14","text":""},"1":{"type":"end","id":"1"},"9":{"type":"loopbegin","text":"itemId, record; sub.inner","one":"10","id":"9"},"6":{"type":"loopend","text":"","one":"1","id":"6"},"10":{"type":"action","id":"10","one":"8","text":"drawInnerSubItem(record, ctx, sub.color)"},"7":{"type":"loopbegin","id":"7","one":"9","text":"sub; visuals.subs"},"2":{"branchId":0,"one":"7","id":"2","type":"branch","text":""},"15":{"type":"action","id":"15","one":"13","text":"drawOuterSubItem(record, ctx, sub.color)"},"13":{"type":"loopend","text":"","one":"6","id":"13"},"14":{"type":"loopbegin","text":"itemId, record; sub.outer","one":"15","id":"14"}},"type":"drakon","version":20180619,"updated_by":"stipan","created_by":"stipan","name":"drawSubspaces","when_updated":1664179610.7356}