{"version":20180619,"tag":"294974840","params":"box\nx\ny","when_created":1658297923.5635,"parent_id":"34e4d875","props":[],"items":{"4":{"flag1":1,"id":"4","type":"question","text":"x >= box.left","one":"5","two":"8"},"8":{"type":"action","text":"return false","one":"1","id":"8"},"1":{"type":"end","id":"1"},"5":{"flag1":1,"id":"5","type":"question","text":"y >= box.top","one":"6","two":"8"},"2":{"type":"branch","branchId":0,"one":"4","id":"2"},"6":{"flag1":1,"id":"6","type":"question","text":"x <= box.left + box.width","one":"7","two":"8"},"7":{"flag1":1,"id":"7","type":"question","two":"8","one":"3","text":"y <= box.top + box.height"},"3":{"type":"action","text":"return true","one":"1","id":"3"}},"created_by":"stipan","type":"drakon","updated_by":"stipan","keywords":{"scenario":false,"async":false,"export":false,"function":true,"algoprop":false},"name":"hitBox","when_updated":1672901532.4918}