{"version":20180619,"tag":"665470086","params":"ctx\nx\ny\nradius","when_created":1672899097.4375,"parent_id":"a95f8752","props":[],"when_updated":1672899136.7696,"items":{"2":{"type":"branch","branchId":0,"one":"4","id":"2"},"1":{"type":"end","id":"1"},"4":{"one":"1","id":"4","type":"action","text":"ctx.arc(\n    x - radius,\n    y + radius,\n    radius,\n    Math.PI * 1.5,\n    Math.PI * 0.0\n)","two":""}},"type":"drakon","keywords":{"scenario":false,"async":false,"export":false,"function":true,"algoprop":false},"updated_by":"stipan","language":"LANG_S42","name":"rightTopCorner","created_by":"stipan"}