{"keywords":{"scenario":false,"async":false,"export":false,"function":true,"algoprop":false},"tag":"111151729","params":"widget\nelements","when_created":1665134135.87,"parent_id":"e674bf58","props":[],"language":"LANG_S42","items":{"31":{"type":"action","id":"31","one":"7","text":"images = {}"},"21":{"one":"26","id":"21","type":"loopend","text":"","two":""},"22":{"one":"25","id":"22","type":"loopbegin","text":"element; elements","two":""},"32":{"type":"action","id":"32","one":"15","text":"copyItemsToClipboard(\n    widget,\n    undefined,\n    copy,\n    images,\n    \"free\"\n)"},"23":{"one":"22","id":"23","type":"action","text":"visited = {}","two":""},"7":{"type":"action","id":"7","one":"13","text":"copy = elements.map(\n    function (element) {\n        return copyItem(\n            widget,\n            element.id,\n            images\n        )\n    }\n)"},"29":{"flag1":1,"id":"29","type":"question","two":"27","one":"30","text":"count === 2"},"13":{"branchId":2,"one":"23","id":"13","type":"branch","text":"Find connections"},"1":{"type":"end","id":"1"},"15":{"one":"1","id":"15","type":"action","two":"","text":"return undefined"},"25":{"type":"action","text":"performOnConnections(\n    widget.visuals,\n    element.id,\n    visited,\n    function () {\n        return false\n    }\n)","one":"21","id":"25"},"12":{"branchId":4,"one":"32","id":"12","type":"branch","text":"Put to clipboard"},"26":{"branchId":3,"one":"28","id":"26","type":"branch","text":"Copy fully selected connections"},"30":{"type":"action","id":"30","one":"27","text":"copy.push(copyItem(widget, id, images))"},"2":{"branchId":1,"one":"31","id":"2","type":"branch","text":"Copy item data"},"27":{"type":"loopend","text":"","one":"12","id":"27"},"28":{"type":"loopbegin","text":"id, count; visited","one":"29","id":"28"}},"type":"drakon","when_updated":1676013852.8141,"updated_by":"stipan","version":20180619,"name":"copyFree","created_by":"stipan"}