{"keywords":{"scenario":false,"async":false,"export":false,"function":true,"algoprop":false},"tag":"183022074","params":"widget\nfactor\nzoom\ntranslateX\ntranslateY\nwidth\nheight","when_created":1669030329.1775,"parent_id":"befd80d4","props":[],"when_updated":1697111135.6782,"items":{"4":{"one":"7","id":"4","type":"action","text":"ctx.fillStyle = config.theme.background\nctx.fillRect(\n    0,\n    0,\n    width * factor,\n    height * factor\n)","two":""},"40":{"one":"38","id":"40","type":"action","two":"","text":"drawEdgeCandy(visuals, id, ctx, config)"},"101":{"type":"action","id":"101","one":"11","text":"drawBackPlane(widget, ctx)"},"21":{"branchId":6,"one":"23","id":"21","type":"branch","text":"Nodes"},"41":{"flag1":1,"id":"41","type":"question","text":"type === \"edge\"","one":"40","two":"38"},"22":{"type":"loopend","text":"","one":"85","id":"22"},"61":{"type":"action","text":"ctx.translate(translateX, translateY)","one":"55","id":"61"},"11":{"branchId":5,"one":"84","id":"11","type":"branch","text":"Edges"},"23":{"type":"loopbegin","id":"23","one":"24","text":"id, node; visuals.nodes"},"90":{"branchId":10,"one":"91","id":"90","type":"branch","text":"Guides"},"7":{"one":"13","id":"7","type":"action","text":"ctx.strokeStyle = \"yellow\"\nctx.lineWidth = 4","two":""},"42":{"one":"68","id":"42","type":"loopend","two":"","text":""},"100":{"branchId":4,"one":"101","id":"100","type":"branch","text":"Free back plane"},"44":{"one":"42","id":"44","type":"action","text":"drawNodeCandy(widget, id, ctx, config)","two":""},"43":{"one":"45","id":"43","type":"loopbegin","two":"","text":"id, type; widget.selection.prims"},"91":{"flag1":1,"id":"91","type":"question","text":"visuals.guides.length > 0","one":"96","two":"102"},"34":{"branchId":9,"one":"46","id":"34","type":"branch","text":"Selection frame"},"45":{"flag1":1,"id":"45","type":"question","text":"type === \"node\"","one":"44","two":"42"},"24":{"flag1":1,"id":"24","type":"question","text":"isDrawableNode(node)","one":"25","two":"22"},"15":{"one":"54","id":"15","type":"action","two":"","text":"ctx.beginPath()\nctx.moveTo(\n    width * zoom - padding,\n    padding\n)\nctx.lineTo(\n    padding,\n    height * zoom - padding\n)\nctx.stroke()"},"16":{"one":"14","id":"16","type":"action","text":"padding = 20","two":""},"25":{"type":"action","text":"drawIcon(visuals, node, ctx)","one":"22","id":"25"},"46":{"flag1":1,"id":"46","type":"question","two":"90","one":"47","text":"visuals.selectionFrame"},"84":{"type":"action","id":"84","one":"18","text":"ctx.setLineDash([])"},"17":{"type":"loopend","text":"","one":"39","id":"17"},"47":{"type":"action","id":"47","one":"49","text":"ctx.strokeStyle = visuals.config.theme.lines\nctx.lineWidth = 2"},"95":{"type":"loopend","id":"95","one":"92","text":""},"103":{"flag1":1,"id":"103","type":"question","two":"4","one":"31","text":"ctx.resetTransform"},"88":{"type":"action","text":"ctx = visuals.ctx","one":"103","id":"88"},"58":{"type":"action","id":"58","one":"61","text":"ctx.scale(factor * zoom, factor * zoom)"},"55":{"flag1":1,"id":"55","type":"question","two":"100","one":"56","text":"widget.visuals.config.drawZones"},"56":{"type":"action","id":"56","one":"100","text":"drawSubspaces(widget.visuals, ctx)"},"97":{"type":"action","id":"97","one":"95","text":"line(\n    ctx,\n    guide.x1,\n    guide.y1,\n    guide.x2,\n    guide.y2,\n    visuals.config.theme.guides,\n    1\n)"},"98":{"type":"action","id":"98","one":"50","text":"drawFreeNuggetAndHandles(widget, ctx)"},"38":{"one":"21","id":"38","type":"loopend","two":"","text":""},"87":{"type":"action","id":"87","one":"88","text":"visuals = widget.visuals\nconfig = visuals.config"},"99":{"type":"action","id":"99","one":"98","text":"drawFrontPlane(widget, ctx)"},"96":{"type":"loopbegin","text":"guide; visuals.guides","one":"97","id":"96"},"18":{"type":"loopbegin","id":"18","one":"19","text":"id, edge; visuals.edges"},"68":{"branchId":7,"one":"99","id":"68","type":"branch","text":"Free"},"92":{"type":"action","id":"92","one":"102","text":"visuals.guides = []"},"49":{"type":"action","id":"49","one":"90","text":"ctx.strokeRect(\n    visuals.selectionFrame.left,\n    visuals.selectionFrame.top,\n    visuals.selectionFrame.width,\n    visuals.selectionFrame.height\n)"},"85":{"type":"action","id":"85","one":"43","text":"ctx.setLineDash([])"},"54":{"branchId":3,"one":"58","id":"54","type":"branch","text":"Zones"},"19":{"type":"action","text":"drawEdge(widget, edge, ctx)","one":"17","id":"19"},"53":{"type":"action","id":"53","one":"51","text":"drawSocket(visuals, socket, ctx, config)"},"52":{"type":"loopbegin","id":"52","one":"53","text":"socket; visuals.sockets"},"51":{"type":"loopend","id":"51","one":"34","text":""},"50":{"branchId":8,"one":"52","id":"50","type":"branch","text":"Sockets"},"10":{"branchId":12,"one":"1","id":"10","type":"branch","text":"Exit"},"1":{"type":"end","id":"1"},"33":{"flag1":1,"id":"33","type":"question","two":"54","one":"16","text":"widget.visuals.config.drawCross"},"102":{"branchId":11,"one":"10","id":"102","type":"branch","text":"Watermark"},"31":{"type":"action","text":"ctx.resetTransform()","one":"4","id":"31"},"2":{"branchId":1,"one":"87","id":"2","type":"branch","text":"Clear canvas"},"39":{"one":"41","id":"39","type":"loopbegin","two":"","text":"id, type; widget.selection.prims"},"14":{"one":"15","id":"14","type":"action","two":"","text":"ctx.beginPath()\nctx.moveTo(padding, padding)\nctx.lineTo(\n    width * zoom - padding,\n    height * zoom - padding\n)\nctx.stroke()"},"13":{"branchId":2,"one":"33","id":"13","type":"branch","text":"Dummy image"}},"type":"drakon","created_by":"stipan","updated_by":"stipan","version":20180619,"name":"paintCore","language":"LANG_S42"}