{"keywords":{"scenario":false,"async":false,"export":false,"function":true,"algoprop":false},"tag":"746747628","params":"visuals\nhead\ntail\nfinalTarget","when_created":1657629524.5765,"parent_id":"82d2ccaf","props":[],"created_by":"stipan","items":{"11":{"type":"action","id":"11","one":"6","text":"finalTarget.mountUp = head"},"3":{"type":"action","text":"edge = makeDownEdgeCore(\n    visuals,\n    head,\n    tail,\n    finalTarget\n)","one":"4","id":"3"},"7":{"type":"action","id":"7","one":"1","text":"return edge"},"2":{"type":"branch","branchId":0,"one":"3","id":"2"},"6":{"type":"action","text":"edge.role = \"down\"","one":"7","id":"6"},"4":{"flag1":0,"id":"4","type":"question","two":"11","one":"6","text":"isLeftDown(head)"},"1":{"type":"end","id":"1"}},"updated_by":"stipan","version":20180619,"type":"drakon","language":"LANG_S42","name":"makeDownEdge","when_updated":1658396479.6895}