{"keywords":{"scenario":false,"async":false,"export":false,"function":true,"algoprop":false},"tag":"561687743","params":"visuals\nend","when_created":1658482679.7917,"parent_id":"befd80d4","props":[],"when_updated":1658482798.7411,"items":{"4":{"type":"loopend","text":"","one":"1","id":"4"},"8":{"flag1":0,"id":"8","type":"question","two":"11","one":"10","text":"depth === 0"},"1":{"type":"end","id":"1"},"5":{"type":"loopbegin","text":"node = getUp(end); node; node = getUp(\n    node\n)","one":"6","id":"5"},"9":{"type":"action","id":"9","one":"4","text":"depth++"},"6":{"flag1":1,"id":"6","type":"question","two":"7","one":"9","text":"node.type === \"loopend\""},"11":{"type":"action","text":"node.loopEnd = end\nend.loopStart = node","one":"1","id":"11"},"3":{"type":"action","text":"depth = 0","one":"5","id":"3"},"7":{"flag1":0,"id":"7","type":"question","text":"node.type === \"loopbegin\"","one":"4","two":"8"},"2":{"type":"branch","branchId":0,"one":"3","id":"2"},"10":{"type":"action","id":"10","one":"4","text":"depth--"}},"updated_by":"stipan","version":20180619,"type":"drakon","language":"LANG_S42","name":"findLoopStart","created_by":"stipan"}