{"keywords":{"scenario":false,"async":true,"export":false,"function":true,"algoprop":false},"tag":"750345357","params":"widget","when_created":1687199393.0879,"parent_id":"a52f66e7","props":[],"items":{"40":{"type":"action","id":"40","one":"26","text":"widget.mouseEvents.mouseMove(\n    makeMouseEventFromTouch(evt, 0)\n)"},"10":{"type":"sinput","id":"10","one":"17","text":"touchStart(evt)"},"109":{"type":"select","id":"109","one":"108","text":"dir"},"96":{"type":"action","id":"96","one":"84","text":"onMouseScroll(scroller, widget, evt2)"},"41":{"type":"action","id":"41","one":"2","text":"widget.mouseEvents.mouseUp(\n    buildMouseEvent(\n        startX,\n        startY,\n        0,\n        evt.target\n    )\n)"},"22":{"one":"60","id":"22","type":"case","two":"23","text":"decideOneTimeout()"},"88":{"type":"select","id":"88","one":"89","text":"receive"},"110":{"type":"action","id":"110","one":"2","text":"onTouchZoomEnd(widget)"},"23":{"one":"52","id":"23","type":"case","text":"touchMove(evt)","two":"24"},"62":{"flag1":1,"id":"62","type":"question","text":"prim","one":"64","two":"65"},"105":{"type":"action","text":"dir = isZoom(\n    startX,\n    startY,\n    startX2,\n    startY2,\n    evt\n)","one":"109","id":"105"},"33":{"one":"53","id":"33","type":"case","text":"touchMove(evt)","two":"31"},"108":{"one":"102","id":"108","type":"case","two":"107","text":"\"zoom\""},"94":{"type":"action","text":"scroller = createMouseScroll(\n    widget,\n    evt2\n)","one":"54","id":"94"},"93":{"type":"action","id":"93","one":"94","text":"evt2 = buildMouseEvent(\n    startX,\n    startY,\n    0,\n    evt.target\n)"},"64":{"type":"action","id":"64","one":"38","text":"ensureSelectedOne(widget, prim)"},"90":{"one":"2","id":"90","type":"case","text":"touchEnd(evt)","two":null},"111":{"type":"action","text":"widget.config.removePopups()","one":"50","id":"111"},"75":{"type":"select","id":"75","one":"81","text":"receive"},"24":{"one":"37","id":"24","type":"case","text":"touchEnd(evt)","two":null},"15":{"flag1":0,"id":"15","type":"question","text":"evt.touches.length >= 2","one":"3","two":"18"},"16":{"branchId":2,"one":"20","id":"16","type":"branch","text":"One or two or long press?"},"35":{"type":"action","text":"startX2 = evt.touches[1].clientX\nstartY2 = evt.touches[1].clientY","one":"19","id":"35"},"25":{"type":"action","text":"clearTimeout(timer)","one":"35","id":"25"},"83":{"branchId":4,"one":"85","id":"83","type":"branch","text":"Zoom"},"84":{"branchId":5,"one":"88","id":"84","type":"branch","text":"Scroll"},"26":{"branchId":6,"one":"27","id":"26","type":"branch","text":"One"},"47":{"type":"action","id":"47","one":"2","text":"widget.mouseEvents.mouseUp(\n    buildMouseEvent(x, y, 0, evt.target)\n)"},"95":{"type":"action","text":"evt2 = makeMouseEventFromTouch(evt, 0)","one":"96","id":"95"},"27":{"type":"select","id":"27","one":"33","text":"receive"},"107":{"one":"84","id":"107","type":"case","two":"106","text":"\"scroll\""},"58":{"one":"62","id":"58","type":"action","text":"prim = findVisualItem(widget, pos)","two":""},"37":{"type":"action","text":"clearTimeout(timer)","one":"111","id":"37"},"59":{"type":"action","text":"pos = toDiagram(widget, evt)","one":"58","id":"59"},"89":{"one":"95","id":"89","type":"case","two":"90","text":"touchMove(evt)"},"85":{"type":"select","id":"85","one":"86","text":"receive"},"86":{"one":"103","id":"86","type":"case","two":"87","text":"touchMove(evt)"},"38":{"type":"action","id":"38","one":"66","text":"doubleClick(widget, prim, pos, evt)"},"81":{"one":"105","id":"81","type":"case","text":"touchMove(evt)","two":"79"},"87":{"one":"110","id":"87","type":"case","two":null,"text":"touchEnd(evt)"},"74":{"type":"action","id":"74","one":"49","text":"clearTimeout(timer)"},"66":{"one":"2","id":"66","type":"action","text":"paint(widget)","two":""},"65":{"one":"66","id":"65","type":"action","text":"deselectAll(widget)","two":""},"18":{"type":"action","id":"18","one":"19","text":"startX2 = evt.touches[1].clientX\nstartY2 = evt.touches[1].clientY"},"106":{"type":"case","one":"19","id":"106"},"60":{"type":"action","text":"evt = buildMouseEvent(\n    startX,\n    startY,\n    0,\n    undefined\n)","one":"59","id":"60"},"49":{"type":"action","text":"widget.mouseEvents.mouseDown(\n    buildMouseEvent(\n        startX,\n        startY,\n        0,\n        evt.target\n    )\n)","one":"40","id":"49"},"79":{"one":"2","id":"79","type":"case","text":"touchEnd(evt)","two":null},"55":{"flag1":1,"id":"55","type":"question","text":"wantedMove(startX, startY, x, y)","one":"74","two":"16"},"19":{"branchId":3,"one":"75","id":"19","type":"branch","text":"Zoom or scroll?"},"54":{"type":"action","id":"54","one":"15","text":"x = startX\ny = startY"},"53":{"type":"action","id":"53","one":"51","text":"x = evt.touches[0].clientX\ny = evt.touches[0].clientY"},"52":{"type":"action","id":"52","one":"55","text":"x = evt.touches[0].clientX\ny = evt.touches[0].clientY"},"51":{"type":"action","text":"widget.mouseEvents.mouseMove(\n    makeMouseEventFromTouch(evt, 0)\n)","one":"26","id":"51"},"50":{"type":"action","text":"widget.mouseEvents.mouseDown(\n    buildMouseEvent(\n        startX,\n        startY,\n        0,\n        evt.target\n    )\n)","one":"41","id":"50"},"103":{"type":"action","text":"onTouchZoom(zoomer, widget, evt)","one":"83","id":"103"},"21":{"one":"25","id":"21","type":"case","two":"22","text":"touchStart(evt)"},"3":{"type":"action","text":"timer = setTimeout(\n    me.decideOneTimeout,\n    500\n)","one":"16","id":"3"},"17":{"type":"action","id":"17","one":"93","text":"startX = evt.touches[0].clientX\nstartY = evt.touches[0].clientY"},"2":{"branchId":1,"one":"10","id":"2","type":"branch","text":"Idle"},"102":{"type":"action","text":"zoomer = createZoomer(\n    widget,\n    startX,\n    startY,\n    startX2,\n    startY2\n)","one":"83","id":"102"},"31":{"one":"47","id":"31","type":"case","two":null,"text":"touchEnd(evt)"},"20":{"type":"select","id":"20","one":"21","text":"receive"}},"created_by":"stipan","version":20180619,"updated_by":"stipan","type":"drakon","name":"TouchBehavior","when_updated":1687515487.7323}