{"keywords":{"scenario":false,"async":true,"export":false,"function":true,"algoprop":false},"tag":"910684965","params":"","when_created":1661364884.6657,"parent_id":"e0f4b57d","props":[],"language":"LANG_S42","items":{"4":{"flag1":1,"id":"4","type":"question","text":"self.edit","one":"3","two":"1"},"1":{"type":"end","id":"1"},"9":{"type":"action","text":"tracing.trace(\"DrakonCanvas.redo\")","one":"7","id":"9"},"11":{"flag1":1,"id":"11","type":"question","two":"1","one":"12","text":"selection"},"12":{"type":"action","id":"12","one":"13","text":"await loadImages(self)"},"3":{"type":"action","text":"selection = self.edit.redoEdit()","one":"11","id":"3"},"7":{"flag1":0,"id":"7","type":"question","two":"1","one":"4","text":"isReadonly(self)"},"2":{"type":"branch","branchId":0,"one":"9","id":"2"},"13":{"type":"action","text":"onUndoRedo(self, selection)","one":"1","id":"13"}},"version":20180619,"type":"drakon","updated_by":"stipan","when_updated":1681385614.1648,"name":"redo","created_by":"stipan"}