{"version":20180619,"tag":"","params":"widget","when_created":1673023760.9687,"parent_id":"befd80d4","props":[],"language":"LANG_S42","items":{"4":{"type":"action","text":"menu = []","one":"5","id":"4"},"8":{"type":"action","id":"8","one":"10","text":"pushMenuItem(\n    \"delete_block\",\n    menu,\n    tr(widget, \"Delete\"),\n    widget.visuals.config.imagePath + \"delete.png\",\n    function () {\n        deleteSelection(widget)\n    }\n)"},"1":{"type":"end","id":"1"},"5":{"type":"action","id":"5","one":"9","text":"pushMenuItem(\n    \"copy_block\",\n    menu,\n    tr(widget, \"Copy\"),\n    undefined,\n    function () {\n        copy(widget)\n    }\n)"},"9":{"flag1":0,"id":"9","type":"question","text":"isReadonly(widget)","one":"6","two":"3"},"6":{"type":"action","text":"pushMenuItem(\n    \"cut_block\",\n    menu,\n    tr(widget, \"Cut\"),\n    undefined,\n    function () {\n        cut(widget)\n    }\n)","one":"7","id":"6"},"11":{"type":"action","text":"pushMenuItem(\n    \"format\",\n    menu,\n    tr(widget, \"Format\"),\n    undefined,\n    function () {\n        startEditStyle(widget)\n    }\n)","one":"3","id":"11"},"3":{"type":"action","text":"return menu","one":"1","id":"3"},"7":{"one":"8","id":"7","type":"action","two":"","text":"menu.push({type: \"separator\"})"},"2":{"type":"branch","branchId":0,"one":"4","id":"2"},"10":{"one":"11","id":"10","type":"action","text":"menu.push({type: \"separator\"})","two":""}},"type":"drakon","when_updated":1673023760.9687,"updated_by":"stipan","keywords":{"scenario":false,"async":false,"export":false,"function":true,"algoprop":false},"name":"buildBlockMenu","created_by":"stipan"}