{"version":20180619,"tag":"804275162","params":"visuals\nleft\nright\nfinalTarget","when_created":1657630468.652,"parent_id":"82d2ccaf","props":[],"created_by":"stipan","items":{"4":{"type":"action","text":"edge.role = \"right-loop\"\nedge.finalTarget = finalTarget\nedge.source = left\nedge.target = right","one":"5","id":"4"},"8":{"type":"action","id":"8","one":"1","text":"return edge"},"1":{"type":"end","id":"1"},"5":{"type":"action","text":"left.targets.push(edge)","one":"6","id":"5"},"2":{"type":"branch","branchId":0,"one":"3","id":"2"},"6":{"type":"action","text":"right.sources.push(edge)","one":"7","id":"6"},"7":{"type":"action","text":"finalTarget.rightEdge = edge","one":"8","id":"7"},"3":{"type":"action","text":"edge = createEdge(\n    visuals,\n    left,\n    right,\n    false\n)","one":"4","id":"3"}},"type":"drakon","keywords":{"scenario":false,"async":false,"export":false,"function":true,"algoprop":false},"updated_by":"stipan","language":"LANG_S42","name":"makeRightLoopEdge","when_updated":1657630530.9353}