{"keywords":{"scenario":false,"async":false,"export":false,"function":true,"algoprop":false},"tag":"119547767","params":"items\nvisited\nid","when_created":1657707016.8052,"parent_id":"c978b5ef","props":[],"created_by":"stipan","items":{"28":{"type":"action","text":"item = items[id]","one":"29","id":"28"},"19":{"one":"28","id":"19","type":"action","text":"visited[id] = true","two":""},"17":{"flag1":0,"id":"17","type":"question","text":"id","one":"1","two":"18"},"18":{"flag1":1,"id":"18","type":"question","two":"19","one":"1","text":"id in visited"},"29":{"type":"action","text":"scanTwoGraph(items, visited, item.one)\nscanTwoGraph(items, visited, item.two)","one":"1","id":"29"},"2":{"type":"branch","branchId":0,"one":"17","id":"2"},"1":{"type":"end","id":"1"}},"version":20180619,"type":"drakon","updated_by":"stipan","when_updated":1666627230.9229,"name":"scanTwoGraph","language":"LANG_S42"}