{"version":20180619,"tag":"327298282","params":"id","when_created":1667024069.1523,"parent_id":"e0f4b57d","props":[],"language":"LANG_S42","items":{"8":{"type":"action","text":"change.fields.flag1 = 0","one":"12","id":"8"},"1":{"type":"end","id":"1"},"5":{"one":"7","id":"5","type":"action","text":"change = {\n    id: id,\n    fields: {},\n    op: \"update\"\n}","two":""},"9":{"type":"action","text":"change.fields.flag1 = 1","one":"12","id":"9"},"6":{"type":"action","text":"node = getNode(self.visuals, id)","one":"5","id":"6"},"12":{"type":"action","id":"12","one":"1","text":"return updateAndKeepSelection(\n    self,\n    [change]\n)"},"7":{"flag1":1,"id":"7","type":"question","two":"9","one":"8","text":"node.flag1"},"2":{"type":"branch","branchId":0,"one":"14","id":"2"},"13":{"type":"action","id":"13","one":"6","text":"checkNotReadonly(self)"},"14":{"type":"action","id":"14","one":"13","text":"tracing.trace(\"swapYesNo\", id)"}},"keywords":{"scenario":false,"async":false,"export":false,"function":true,"algoprop":false},"updated_by":"stipan","type":"drakon","created_by":"stipan","name":"swapYesNo","when_updated":1674317922.2329}