{"keywords":{"scenario":false,"async":false,"export":false,"function":true,"algoprop":false},"tag":"182914122","params":"visuals","when_created":1666945887.6125,"parent_id":"c7c5feee","props":[],"when_updated":1675145871.0192,"items":{"2":{"type":"branch","branchId":0,"one":"3","id":"2"},"1":{"type":"end","id":"1"},"3":{"type":"action","text":"utils.sortBy(visuals.free, \"zIndex\")","one":"1","id":"3"}},"updated_by":"stipan","version":20180619,"type":"drakon","language":"LANG_S42","name":"sortFreeIcons","created_by":"stipan"}