{"version":20180619,"tag":"","params":"visuals\nelement","when_created":1672986217.429,"parent_id":"2459b0c2","props":[],"when_updated":1672986217.429,"items":{"2":{"type":"branch","branchId":0,"one":"9","id":"2"},"8":{"one":"1","id":"8","type":"action","text":"return buildTextContent(\n    visuals,\n    element,\n    options,\n    element.width\n)","two":""},"1":{"type":"end","id":"1"},"9":{"one":"8","id":"9","type":"action","text":"options = {}","two":""}},"updated_by":"stipan","keywords":{"scenario":false,"async":false,"export":false,"function":true,"algoprop":false},"type":"drakon","created_by":"stipan","name":"flow","language":"LANG_S42"}