{"keywords":{"scenario":false,"async":false,"export":false,"function":true,"algoprop":false},"tag":"756997751","params":"widget\nnode\nctx","when_created":1667732405.6468,"parent_id":"45b959db","props":[],"when_updated":1671021501.0991,"items":{"4":{"type":"action","text":"fill = config.theme.candyFill\nborder = config.theme.candyBorder\nsize = 10\nlineWidth = 2","one":"10","id":"4"},"10":{"branchId":2,"one":"23","id":"10","type":"branch","text":"Top"},"22":{"type":"action","id":"22","one":"3","text":"config = visuals.config"},"23":{"type":"action","text":"createLeftDrakonResizeHandle(\n    widget,\n    node,\n    top,\n    ctx\n)","one":"12","id":"23"},"29":{"type":"action","text":"createRightDrakonResizeHandle(\n    widget,\n    node,\n    node.y,\n    ctx\n)","one":"15","id":"29"},"14":{"branchId":3,"one":"28","id":"14","type":"branch","text":"Middle"},"1":{"type":"end","id":"1"},"24":{"type":"action","id":"24","one":"22","text":"visuals = widget.visuals"},"15":{"branchId":4,"one":"26","id":"15","type":"branch","text":"Bottom"},"9":{"branchId":5,"one":"1","id":"9","type":"branch","text":"Exit"},"25":{"type":"action","id":"25","one":"14","text":"createRightDrakonResizeHandle(\n    widget,\n    node,\n    top,\n    ctx\n)"},"28":{"type":"action","id":"28","one":"29","text":"createLeftDrakonResizeHandle(\n    widget,\n    node,\n    node.y,\n    ctx\n)"},"3":{"type":"action","text":"left = node.x - node.w\ntop = node.y - node.h\nright = node.x + node.w\nbottom = node.y + node.h","one":"4","id":"3"},"26":{"type":"action","id":"26","one":"20","text":"createLeftDrakonResizeHandle(\n    widget,\n    node,\n    bottom,\n    ctx\n)"},"2":{"branchId":1,"one":"24","id":"2","type":"branch","text":"Branch1"},"12":{"one":"25","id":"12","type":"action","text":"centerSquare(\n    ctx,\n    node.x,\n    top,\n    size,\n    fill,\n    border,\n    lineWidth\n)","two":""},"27":{"type":"action","text":"createRightDrakonResizeHandle(\n    widget,\n    node,\n    bottom,\n    ctx\n)","one":"9","id":"27"},"20":{"one":"27","id":"20","type":"action","text":"centerSquare(\n    ctx,\n    node.x,\n    bottom,\n    size,\n    fill,\n    border,\n    lineWidth\n)","two":""}},"version":20180619,"type":"drakon","updated_by":"stipan","created_by":"stipan","name":"skewerResizeCandy","language":"LANG_S42"}