{"version":20180619,"tag":"893910577","params":"widget\nevt\nscroll","when_created":1677572099.879,"parent_id":"ae9f4e53","props":[],"when_updated":1677577004.6688,"items":{"4":{"type":"action","text":"obj.startX = evt.clientX\nobj.startY = evt.clientY\nobj.startScrollX = widget.visuals.scrollX\nobj.startScrollY = widget.visuals.scrollY","one":"6","id":"4"},"1":{"type":"end","id":"1"},"7":{"type":"action","id":"7","one":"4","text":"obj.barToBox = scroll.barToBox\nobj.widget = widget"},"2":{"type":"branch","branchId":0,"one":"3","id":"2"},"6":{"type":"action","id":"6","one":"1","text":"return obj"},"3":{"type":"action","text":"obj = HScrollDrag()","one":"7","id":"3"}},"type":"drakon","keywords":{"scenario":false,"async":false,"export":false,"function":true,"algoprop":false},"updated_by":"stipan","language":"LANG_S42","name":"createHScrollDrag","created_by":"stipan"}