{"version":20180619,"tag":"509346609","params":"visuals\nelement\nctx","when_created":1673156550.3459,"parent_id":"f298c153","props":[],"when_updated":1673156796.2382,"items":{"1":{"type":"end","id":"1"},"50":{"type":"action","id":"50","one":"45","text":"r = w \/ 3"},"32":{"type":"action","id":"32","one":"48","text":"config = visuals.config"},"46":{"type":"action","text":"w = element.width \/ 2\nh = element.height \/ 2\nx = element.left + w\ny = element.top + h","one":"50","id":"46"},"48":{"type":"action","id":"48","one":"46","text":"ctx.fillStyle = getThemeValue(\n    config,\n    element,\n    \"iconBorder\"\n)"},"2":{"type":"branch","branchId":0,"one":"47","id":"2"},"51":{"type":"action","id":"51","one":"1","text":"ctx.fill()"},"47":{"type":"action","id":"47","one":"32","text":"renderRadioFalse(visuals, element, ctx)"},"45":{"type":"action","text":"circlePath(ctx, x, y, r)","one":"51","id":"45"}},"keywords":{"scenario":false,"async":false,"export":false,"function":true,"algoprop":false},"created_by":"stipan","updated_by":"stipan","type":"drakon","name":"renderRadioTrue","language":"LANG_S42"}