{"keywords":{"scenario":false,"async":false,"export":false,"function":true,"algoprop":false},"tag":"833406083","params":"widget","when_created":1667024199.8069,"parent_id":"befd80d4","props":[],"language":"LANG_S42","items":{"11":{"type":"action","id":"11","one":"6","text":"visuals = widget.visuals"},"12":{"type":"action","text":"return getFree(visuals, id)","one":"1","id":"12"},"1":{"type":"end","id":"1"},"5":{"type":"loopend","id":"5","one":"4","text":""},"2":{"type":"branch","branchId":0,"one":"11","id":"2"},"6":{"type":"loopbegin","text":"id, elType; widget.selection.prims","one":"8","id":"6"},"8":{"flag1":0,"id":"8","type":"question","two":"12","one":"5","text":"elType === \"free\""},"4":{"type":"action","id":"4","one":"1","text":"return undefined"}},"type":"drakon","version":20180619,"updated_by":"stipan","created_by":"stipan","name":"getFreeFromSelection","when_updated":1667024267.5125}