{"keywords":{"scenario":false,"async":false,"export":false,"function":true,"algoprop":false},"tag":"462727584","params":"name\nvalue","when_created":1675691930.1655,"parent_id":"e0f4b57d","props":[],"language":"LANG_S42","items":{"4":{"type":"action","text":"checkNotReadonly(self)","one":"6","id":"4"},"1":{"type":"end","id":"1"},"5":{"type":"action","text":"tracing.trace(\n    \"DrakonCanvas.setDiagramProperty\",\n    [name, value]\n)","one":"4","id":"5"},"9":{"type":"action","text":"change.fields[name] = value","one":"13","id":"9"},"15":{"type":"action","id":"15","one":"1","text":"return doEdit(self, [change])"},"11":{"one":"15","id":"11","type":"case","text":"\"params\"","two":"10"},"12":{"one":"17","id":"12","type":"case","two":"11","text":"\"name\""},"6":{"one":"9","id":"6","type":"action","text":"change = {fields: {}, op: \"update\"}","two":""},"17":{"type":"action","text":"doEditNoRender(self, [change])","one":"1","id":"17"},"2":{"type":"branch","branchId":0,"one":"5","id":"2"},"10":{"type":"case","one":"14","id":"10"},"13":{"type":"select","id":"13","one":"12","text":"name"},"14":{"type":"action","id":"14","one":"1","text":"updateAndKeepSelection(self, [change])"}},"version":20180619,"updated_by":"stipan","type":"drakon","created_by":"stipan","name":"setDiagramProperty","when_updated":1681378951.5929}