{"version":20180619,"tag":"542860069","params":"pos","when_created":1671449958.8759,"parent_id":"c5e5357f","props":[],"created_by":"stipan","items":{"4":{"one":"5","id":"4","type":"action","two":"","text":"item = {\n    type: \"line\",\n    left: pos.x,\n    top: pos.y,\n    x2: 100,\n    y2: 100\n}"},"1":{"type":"end","id":"1"},"5":{"flag1":0,"id":"5","type":"question","text":"self.style","one":"3","two":"6"},"2":{"type":"branch","branchId":0,"one":"4","id":"2"},"6":{"type":"action","id":"6","one":"3","text":"item.style = self.style"},"3":{"type":"action","id":"3","one":"1","text":"return item"}},"keywords":{"scenario":false,"async":false,"export":false,"function":true,"algoprop":false},"updated_by":"stipan","type":"drakon","when_updated":1671559508.7951,"name":"create","language":"LANG_S42"}