{"version":20180619,"tag":"988210816","params":"widget\nid","when_created":1671438897.9637,"parent_id":"c7c5feee","props":[],"language":"LANG_S42","items":{"21":{"type":"action","text":"toMove = getFree(widget.visuals, id)","one":"22","id":"21"},"22":{"flag1":0,"id":"22","type":"question","two":"23","one":"19","text":"toMove.zIndex < 0"},"11":{"branchId":1,"one":"13","id":"11","type":"branch","text":"Find item"},"23":{"one":"20","id":"23","type":"action","two":"","text":"newZ = last.zIndex + 1"},"18":{"branchId":2,"one":"21","id":"18","type":"branch","text":"Move myself"},"13":{"type":"action","id":"13","one":"12","text":"tracing.trace(\"bringToFront\", id)"},"14":{"flag1":0,"id":"14","type":"question","two":"17","one":"18","text":"last.id === id"},"1":{"type":"end","id":"1"},"24":{"branchId":3,"one":"26","id":"24","type":"branch","text":"Rearrange others"},"15":{"type":"action","text":"last = free[free.length - 1]","one":"14","id":"15"},"16":{"one":"15","id":"16","type":"action","text":"free = widget.visuals.free","two":""},"25":{"type":"action","text":"rearrangeZOnDelete(\n    widget,\n    toDelete,\n    edits\n)","one":"9","id":"25"},"9":{"branchId":4,"one":"27","id":"9","type":"branch","text":"Perform edit"},"12":{"one":"16","id":"12","type":"action","text":"edits = []","two":""},"17":{"flag1":0,"id":"17","type":"question","text":"last.zIndex < 0","one":"9","two":"18"},"26":{"type":"action","id":"26","one":"25","text":"toDelete = {}\ntoDelete[id] = true"},"19":{"one":"20","id":"19","type":"action","text":"newZ = last.zIndex","two":""},"27":{"type":"action","id":"27","one":"1","text":"return updateAndKeepSelection(\n    widget,\n    edits\n)"},"20":{"one":"24","id":"20","type":"action","text":"updateItem(edits, id, {zIndex: newZ})","two":""}},"keywords":{"scenario":false,"async":false,"export":false,"function":true,"algoprop":false},"updated_by":"stipan","type":"drakon","when_updated":1690624322.7633,"name":"bringToFront","created_by":"stipan"}