{"keywords":{"scenario":false,"async":false,"export":false,"function":true,"algoprop":false},"tag":"395522948","params":"widget\nedge","when_created":1673428490.1388,"parent_id":"befd80d4","props":[],"created_by":"stipan","items":{"4":{"type":"action","text":"return menu","one":"1","id":"4"},"8":{"type":"action","id":"8","one":"4","text":"pushMenuItem(\n    \"delete_path\",\n    menu,\n    tr(widget, \"Delete path\"),\n    widget.visuals.config.imagePath + \"delete.png\",\n    function () {\n        deleteParPath(widget, edge.tail)\n    }\n)"},"1":{"type":"end","id":"1"},"9":{"type":"action","text":"pushMenuItem(\n    \"add_path\",\n    menu,\n    tr(widget, \"Add path\"),\n    widget.visuals.config.imagePath + \"par.png\",\n    function () {\n        insertPath(\n            widget,\n            edge.head,\n            false\n        )\n    }\n)","one":"10","id":"9"},"11":{"type":"action","id":"11","one":"9","text":"pushMenuItem(\n    \"add_path_left\",\n    menu,\n    tr(widget, \"Add path to the left\"),\n    widget.visuals.config.imagePath + \"par.png\",\n    function () {\n        insertPath(\n            widget,\n            edge.head,\n            true\n        )\n    }\n)"},"12":{"flag1":0,"id":"12","type":"question","text":"edge.head.left","one":"11","two":"9"},"3":{"type":"action","id":"3","one":"7","text":"menu = []"},"7":{"flag1":0,"id":"7","type":"question","two":"4","one":"12","text":"isReadonly(widget)"},"2":{"type":"branch","branchId":0,"one":"3","id":"2"},"10":{"one":"8","id":"10","type":"action","two":"","text":"menu.push({type: \"separator\"})"}},"updated_by":"stipan","version":20180619,"type":"drakon","language":"LANG_S42","name":"buildParCeilMenu","when_updated":1673435286.9194}