{"keywords":{"scenario":false,"async":false,"export":false,"function":true,"algoprop":false},"tag":"456995277","params":"visuals\nnode","when_created":1667331730.8685,"parent_id":"e9a4dcbc","props":[],"language":"LANG_S42","items":{"4":{"one":"5","id":"4","type":"action","text":"measure = config.iconContent[node.type]","two":""},"8":{"type":"action","id":"8","one":"4","text":"config = visuals.config"},"1":{"type":"end","id":"1"},"5":{"flag1":1,"id":"5","type":"question","two":"7","one":"3","text":"measure"},"2":{"type":"branch","branchId":0,"one":"8","id":"2"},"6":{"one":"3","id":"6","type":"action","text":"console.error(\n    \"iconContent callback not found for node of type: \"\n    + node.type\n)","two":""},"7":{"one":"6","id":"7","type":"action","text":"measure = config.iconContent.action","two":""},"3":{"type":"action","text":"return measure(visuals, node)","one":"1","id":"3"}},"version":20180619,"updated_by":"stipan","type":"drakon","when_updated":1667370799.295,"name":"measureDefault","created_by":"stipan"}