{"keywords":{"scenario":false,"async":false,"export":false,"function":true,"algoprop":false},"tag":"151815211","params":"node","when_created":1667112832.3392,"parent_id":"befd80d4","props":[],"when_updated":1673419345.976,"items":{"8":{"one":"1","id":"8","type":"action","text":"return true","two":""},"1":{"type":"end","id":"1"},"5":{"one":"6","id":"5","type":"action","text":"noStyle = {\n    junction: true,\n    \"arrow-loop\": true\n}","two":""},"2":{"type":"branch","branchId":0,"one":"5","id":"2"},"6":{"flag1":1,"id":"6","type":"question","text":"node.type in noStyle","one":"7","two":"8"},"7":{"one":"1","id":"7","type":"action","text":"return false","two":""}},"updated_by":"stipan","created_by":"stipan","type":"drakon","version":20180619,"name":"canEditStyle","language":"LANG_S42"}