{"version":20180619,"tag":"626115406","params":"node","when_created":1667112832.3392,"parent_id":"befd80d4","props":[],"language":"LANG_S42","items":{"8":{"one":"1","id":"8","type":"action","text":"return true","two":""},"1":{"type":"end","id":"1"},"5":{"one":"6","id":"5","type":"action","two":"","text":"noStyle = {\n    junction: true,\n    \"arrow-loop\": true,\n    \"address\": true\n}"},"2":{"type":"branch","branchId":0,"one":"5","id":"2"},"6":{"flag1":1,"id":"6","type":"question","text":"node.type in noStyle","one":"7","two":"8"},"7":{"one":"1","id":"7","type":"action","text":"return false","two":""}},"keywords":{"scenario":false,"async":false,"export":false,"function":true,"algoprop":false},"updated_by":"stipan","type":"drakon","created_by":"stipan","name":"canEditStyle","when_updated":1686902973.0813}