{"version":20180619,"tag":"332509514","params":"element\nconfig","when_created":1672908274.6572,"parent_id":"1a7fbd25","props":[],"when_updated":1672912657.4235,"items":{"37":{"type":"action","id":"37","one":"40","text":"element.boxes.push(\n    boxForVerticalLine(\n        element.left,\n        element.top,\n        bottom,\n        margin2\n    )\n)"},"1":{"type":"end","id":"1"},"41":{"type":"action","id":"41","one":"42","text":"element.boxes.push(\n    boxForHorizontalLine(\n        element.left,\n        element.top,\n        right,\n        margin2\n    )\n)"},"38":{"one":"45","id":"38","type":"action","two":"","text":"margin = config.socketTouchRadius"},"45":{"one":"44","id":"45","type":"action","text":"margin2 = config.socketTouchRadius \/ 2","two":""},"2":{"branchId":0,"one":"38","id":"2","type":"branch","text":""},"40":{"type":"action","id":"40","one":"41","text":"element.boxes.push(\n    boxForVerticalLine(\n        right,\n        element.top,\n        bottom,\n        margin2\n    )\n)"},"42":{"type":"action","text":"element.boxes.push(\n    boxForHorizontalLine(\n        element.left,\n        bottom,\n        right,\n        margin2\n    )\n)","one":"1","id":"42"},"39":{"type":"action","id":"39","one":"37","text":"right = element.left + element.width\nbottom = element.top + element.height"},"36":{"type":"action","text":"element.boxes = []","one":"39","id":"36"},"44":{"one":"43","id":"44","type":"action","text":"element.innerBox = createBox(\n    element.left,\n    element.top,\n    element.width,\n    element.height\n)","two":""},"43":{"one":"36","id":"43","type":"action","text":"element.box = createBoxWithMargin(\n    element.left,\n    element.top,\n    element.width,\n    element.height,\n    margin2\n)","two":""}},"keywords":{"scenario":false,"async":false,"export":false,"function":true,"algoprop":false},"created_by":"stipan","updated_by":"stipan","type":"drakon","name":"calculateBox","language":"LANG_S42"}