{"version":20180619,"tag":"483547247","params":"ctx\ncolor\nwidth","when_created":1671543196.7472,"parent_id":"d2a6f051","props":[],"created_by":"stipan","items":{"2":{"type":"branch","branchId":0,"one":"4","id":"2"},"4":{"type":"action","text":"ARROW_WIDTH = 20\nARROW_HEIGHT = 5","one":"3","id":"4"},"1":{"type":"end","id":"1"},"3":{"type":"action","text":"ctx.setLineDash([])\nctx.strokeStyle = color\nctx.lineWidth = width\nctx.lineCap = \"round\"\nctx.lineJoin = \"round\"\nheight = ARROW_WIDTH \/ 2\nctx.beginPath();\nctx.moveTo(0, -height - width)\nctx.lineTo(-ARROW_WIDTH, 0);\nctx.lineTo(0, height + width)\nctx.stroke();\nctx.stroke();","one":"1","id":"3"}},"type":"drakon","keywords":{"scenario":false,"async":false,"export":false,"function":true,"algoprop":false},"updated_by":"stipan","language":"LANG_S42","name":"drawPaw","when_updated":1671543704.7755}