{"keywords":{"scenario":false,"async":false,"export":false,"function":true,"algoprop":false},"tag":"607139861","params":"lower\nupper\ncontext","when_created":1657541042.9505,"parent_id":"9b19b1c2","props":[],"language":"LANG_S42","items":{"4":{"flag1":1,"id":"4","type":"question","two":"5","one":"1","text":"context.found"},"1":{"type":"end","id":"1"},"5":{"flag1":1,"id":"5","type":"question","text":"lower.id === upper.id","one":"6","two":"7"},"9":{"type":"loopend","id":"9","one":"1","text":""},"6":{"type":"action","id":"6","one":"1","text":"context.found = true"},"11":{"type":"action","id":"11","one":"9","text":"isUpstreamStep(prev, upper, context)"},"7":{"type":"action","id":"7","one":"10","text":"context.visited[lower.id] = true"},"2":{"type":"branch","branchId":0,"one":"4","id":"2"},"10":{"type":"loopbegin","text":"prev; lower.prev","one":"11","id":"10"}},"version":20180619,"type":"drakon","updated_by":"stipan","when_updated":1657883513.7919,"name":"isUpstreamStep","created_by":"stipan"}