{"version":20180619,"tag":"527001440","params":"widget\ncaseNode\nleft\nop","when_created":1673426238.1094,"parent_id":"b0881e64","props":[],"created_by":"stipan","items":{"8":{"flag1":1,"id":"8","type":"question","text":"jun.left","one":"9","two":"11"},"1":{"type":"end","id":"1"},"5":{"type":"action","id":"5","one":"1","text":"runInsertAction(widget, socket)"},"9":{"type":"action","text":"node = getDown(getLeft(jun))","one":"10","id":"9"},"6":{"flag1":1,"id":"6","type":"question","two":"7","one":"12","text":"left"},"11":{"type":"action","text":"socket = {\n    op: op,\n    type: \"first-case\",\n    node: caseNode\n}","one":"5","id":"11"},"12":{"type":"action","id":"12","one":"8","text":"jun = getUp(caseNode)"},"7":{"type":"action","text":"socket = {\n    op: op,\n    type: \"case\",\n    node: caseNode\n}","one":"5","id":"7"},"2":{"type":"branch","branchId":0,"one":"6","id":"2"},"10":{"type":"action","text":"socket = {\n    op: op,\n    type: \"case\",\n    node: node\n}","one":"5","id":"10"}},"type":"drakon","keywords":{"scenario":false,"async":false,"export":false,"function":true,"algoprop":false},"updated_by":"stipan","language":"LANG_S42","name":"insertCaseCore","when_updated":1673427806.1126}