{"keywords":{"scenario":false,"async":false,"export":false,"function":true,"algoprop":false},"tag":"868965130","params":"widget","when_created":1673342356.3796,"parent_id":"befd80d4","props":[],"language":"LANG_S42","items":{"4":{"flag1":1,"id":"4","type":"question","text":"widget.model.type === \"drakon\"","one":"3","two":"5"},"1":{"type":"end","id":"1"},"5":{"type":"action","text":"return false","one":"1","id":"5"},"2":{"type":"branch","branchId":0,"one":"4","id":"2"},"3":{"type":"action","id":"3","one":"1","text":"return true"}},"version":20180619,"updated_by":"stipan","type":"drakon","when_updated":1673510172.5791,"name":"isDrakon","created_by":"stipan"}