{"keywords":{"scenario":false,"async":false,"export":false,"function":true,"algoprop":false},"tag":"975345848","params":"evt","when_created":1658132377.4578,"parent_id":"e0f4b57d","props":[],"language":"LANG_S42","items":{"4":{"type":"action","text":"originX = self.scrollableContainer.scrollLeft\n\/ zoom + self.visuals.box.left","one":"5","id":"4"},"8":{"type":"action","id":"8","one":"4","text":"zoom = self.zoomFactor"},"1":{"type":"end","id":"1"},"5":{"type":"action","text":"originY = self.scrollableContainer.scrollTop\n\/ zoom + self.visuals.box.top","one":"6","id":"5"},"2":{"type":"branch","branchId":0,"one":"8","id":"2"},"6":{"type":"action","text":"setScroll(self, originX, originY)","one":"7","id":"6"},"7":{"type":"action","id":"7","one":"1","text":"paint(self)"}},"updated_by":"stipan","version":20180619,"type":"drakon","when_updated":1671178194.2858,"name":"onScroll","created_by":"stipan"}