{"version":20180619,"tag":"219697459","params":"visuals\nskewer","when_created":1657639523.4534,"parent_id":"794efc2c","props":[],"when_updated":1666933575.0856,"items":{"4":{"branchId":3,"one":"1","id":"4","type":"branch","text":"Exit"},"5":{"branchId":2,"one":"9","id":"5","type":"branch","text":"Set width"},"11":{"type":"loopend","id":"11","one":"18","text":""},"12":{"type":"loopbegin","text":"node; skewer.nodes","one":"14","id":"12"},"7":{"type":"loopbegin","id":"7","one":"15","text":"node; skewer.nodes"},"18":{"type":"action","text":"skewer.leftWidth = leftWidth + margin * visuals\n.config.metre","one":"4","id":"18"},"13":{"type":"action","id":"13","one":"16","text":"node.w = width"},"14":{"flag1":1,"id":"14","type":"question","two":"11","one":"13","text":"shouldAlignWidth(visuals, node)"},"8":{"type":"action","text":"width = Math.max(width, node.w)","one":"19","id":"8"},"1":{"type":"end","id":"1"},"9":{"type":"action","id":"9","one":"12","text":"skewer.boundary = width"},"6":{"type":"loopend","text":"","one":"5","id":"6"},"16":{"type":"action","text":"dur = getDurExtend(visuals, node)","one":"17","id":"16"},"3":{"type":"action","id":"3","one":"7","text":"width = 0\nleftWidth = 0\nmargin = 0"},"17":{"type":"action","id":"17","one":"11","text":"leftWidth = Math.max(\n    leftWidth,\n    dur + width\n)"},"2":{"branchId":1,"one":"3","id":"2","type":"branch","text":"Traverse skewer"},"19":{"flag1":0,"id":"19","type":"question","text":"node.type === \"branch\"","one":"6","two":"20"},"15":{"flag1":0,"id":"15","type":"question","two":"19","one":"8","text":"node.type === \"header\""},"20":{"type":"action","id":"20","one":"6","text":"margin = getBranchMargin(node)"}},"type":"drakon","keywords":{"scenario":false,"async":false,"export":false,"function":true,"algoprop":false},"updated_by":"stipan","language":"LANG_S42","name":"setSameWidth","created_by":"stipan"}