{"keywords":{"scenario":false,"async":false,"export":false,"function":true,"algoprop":false},"tag":"969346726","params":"widget\nprim","when_created":1666857515.0014,"parent_id":"b0881e64","props":[],"when_updated":1671459504.4615,"items":{"19":{"one":"1","id":"19","type":"action","two":"","text":"console.error(\n    \"startEditLink is missing in config\"\n)"},"21":{"type":"action","text":"ro = isReadonly(widget)","one":"20","id":"21"},"16":{"flag1":1,"id":"16","type":"question","text":"canEditNodeText(widget, prim)","one":"18","two":"1"},"22":{"type":"action","text":"setTimeout(delayed, 1)","one":"1","id":"22"},"17":{"flag1":1,"id":"17","type":"question","text":"callback","one":"21","two":"19"},"18":{"one":"17","id":"18","type":"action","text":"callback = widget.config.startEditLink","two":""},"1":{"type":"end","id":"1"},"2":{"type":"branch","branchId":0,"one":"16","id":"2"},"20":{"one":"22","id":"20","type":"action","two":"","text":"delayed = function () {\n    callback(prim, ro)\n}"}},"type":"drakon","language":"LANG_S42","updated_by":"stipan","version":20180619,"name":"startEditLink","created_by":"stipan"}