{"version":20180619,"tag":"35174956","when_created":1665850961.5339,"parent_id":"e0f4b57d","props":[],"items":{"4":{"type":"action","text":"nodes = getNodesFromSelection(self)","one":"5","id":"4"},"1":{"type":"end","id":"1"},"5":{"flag1":0,"id":"5","type":"question","text":"nodes.length === 0","one":"3","two":"1"},"9":{"type":"action","id":"9","one":"10","text":"node = findClosestNode(\n    self,\n    function (n) {\n        return n.y > first.y\n    },\n    first,\n    true\n)"},"6":{"flag1":1,"id":"6","type":"question","text":"node","one":"12","two":"9"},"11":{"flag1":1,"id":"11","type":"question","text":"self.visuals.config.canSelect","one":"4","two":"1"},"12":{"type":"action","text":"self.showItem(node.id)","one":"1","id":"12"},"3":{"type":"action","text":"first = nodes[0]","one":"13","id":"3"},"2":{"type":"branch","branchId":0,"one":"14","id":"2"},"10":{"flag1":1,"id":"10","type":"question","two":"1","one":"12","text":"node"},"13":{"type":"action","id":"13","one":"6","text":"node = findNeighbour(\n    first,\n    \"down\",\n    \"tail\"\n)"},"14":{"type":"action","text":"tracing.trace(\"DrakonCanvas.arrowDown\")","one":"11","id":"14"}},"language":"LANG_S42","when_updated":1670314933.6395,"updated_by":"stipan","type":"drakon","name":"arrowDown","created_by":"stipan"}