{"keywords":{"scenario":false,"async":true,"export":false,"function":true,"algoprop":false},"tag":"472962561","params":"visuals\nsub","when_created":1664016036.8174,"parent_id":"8e739cfd","props":[],"when_updated":1666767731.0342,"items":{"4":{"branchId":5,"one":"1","id":"4","type":"branch","text":"Exit"},"40":{"type":"action","text":"addInnerEdgeToSub(sub, edge)","one":"41","id":"40"},"10":{"one":"2","id":"10","type":"case","two":"9","text":"down()"},"5":{"branchId":3,"one":"42","id":"5","type":"branch","text":"left"},"41":{"type":"action","id":"41","one":"4","text":"output.next = undefined"},"11":{"type":"select","id":"11","one":"10","text":"receive"},"23":{"type":"action","id":"23","one":"53","text":"addInnerEdgeToSub(sub, edge)"},"7":{"type":"action","text":"me.sub = sub\nme.visuals = visuals","one":"8","id":"7"},"42":{"type":"sinput","id":"42","one":"40","text":"onEdge(edge, output)"},"52":{"type":"action","id":"52","one":"4","text":"output.next = undefined"},"44":{"type":"action","text":"tail = edge.tail","one":"45","id":"44"},"43":{"type":"sinput","text":"onEdge(edge, output)","one":"44","id":"43"},"34":{"type":"action","id":"34","one":"4","text":"output.next = undefined"},"45":{"flag1":1,"id":"45","type":"question","text":"tail.right","one":"46","two":"47"},"24":{"flag1":0,"id":"24","type":"question","two":"29","one":"25","text":"tail.type === \"select\""},"15":{"flag1":0,"id":"15","type":"question","two":"17","one":"35","text":"tail.left"},"16":{"flag1":0,"id":"16","type":"question","text":"left.type === \"question\"","one":"18","two":"37"},"35":{"type":"action","id":"35","one":"34","text":"addInnerEdgeToSub(sub, edge)"},"25":{"flag1":0,"id":"25","type":"question","text":"tail.type === \"address\"","one":"26","two":"52"},"46":{"type":"action","text":"output.next = tail.right","one":"12","id":"46"},"26":{"flag1":0,"id":"26","type":"question","two":"51","one":"27","text":"tail.left"},"36":{"type":"action","id":"36","one":"33","text":"addInnerEdgeToSub(sub, edge)"},"27":{"type":"action","id":"27","one":"2","text":"output.next = tail.down"},"37":{"type":"action","text":"addInnerEdgeToSub(sub, edge)","one":"38","id":"37"},"38":{"type":"action","text":"output.next = undefined","one":"4","id":"38"},"18":{"flag1":0,"id":"18","type":"question","text":"edge.role === \"up\"","one":"33","two":"36"},"29":{"type":"action","text":"caseNode = getDown(getDown(tail))","one":"30","id":"29"},"9":{"one":"12","id":"9","type":"case","text":"right()","two":null},"8":{"type":"action","id":"8","one":"11","text":"me.side = \"inner\"\nme.plan = []"},"1":{"type":"end","id":"1"},"6":{"branchId":1,"one":"7","id":"6","type":"branch","text":"Init"},"54":{"type":"action","text":"output.next = skipParBlock(tail)","one":"2","id":"54"},"53":{"flag1":0,"id":"53","type":"question","text":"tail.subtype === \"parbegin\"","one":"24","two":"54"},"51":{"flag1":1,"id":"51","type":"question","two":"52","one":"27","text":"tail.left.role === \"duration\""},"47":{"type":"action","text":"output.next = tail.down","one":"2","id":"47"},"12":{"branchId":4,"one":"43","id":"12","type":"branch","text":"right"},"17":{"type":"action","id":"17","one":"16","text":"left = getLeft(tail)"},"3":{"type":"action","text":"tail = edge.tail","one":"14","id":"3"},"2":{"branchId":2,"one":"13","id":"2","type":"branch","text":"down"},"30":{"type":"action","text":"output.next = caseNode.down","one":"2","id":"30"},"33":{"type":"action","text":"output.next = tail.left","one":"5","id":"33"},"14":{"flag1":1,"id":"14","type":"question","text":"tail.down","one":"23","two":"15"},"13":{"type":"sinput","id":"13","one":"3","text":"onEdge(edge, output)"}},"type":"drakon","version":20180619,"updated_by":"stipan","created_by":"stipan","name":"InnerCrawler","language":"LANG_S42"}