{"keywords":{"scenario":false,"async":false,"export":false,"function":true,"algoprop":false},"tag":"440626139","params":"visuals\nelement\nctx","when_created":1672853639.7855,"parent_id":"f298c153","props":[],"language":"LANG_S42","items":{"11":{"one":"5","id":"11","type":"action","two":"","text":"renderFreeIconShapeComplex(\n    ctx,\n    visuals,\n    element,\n    ellipseShape,\n    undefined,\n    true\n)"},"2":{"branchId":0,"one":"11","id":"2","type":"branch","text":""},"1":{"type":"end","id":"1"},"5":{"one":"1","id":"5","type":"action","text":"centerContentFree(visuals, element, ctx)","two":""}},"version":20180619,"updated_by":"stipan","type":"drakon","when_updated":1672895083.4104,"name":"renderEllipse","created_by":"stipan"}