{"keywords":{"scenario":false,"async":false,"export":false,"function":true,"algoprop":false},"tag":"197365696","params":"visuals\nfinalTarget","when_created":1657629341.1257,"parent_id":"82d2ccaf","props":[],"language":"LANG_S42","items":{"2":{"type":"branch","branchId":0,"one":"3","id":"2"},"4":{"type":"action","id":"4","one":"1","text":"return result"},"1":{"type":"end","id":"1"},"3":{"type":"action","id":"3","one":"4","text":"result = createJunction(\n    visuals,\n    finalTarget\n)"}},"version":20180619,"updated_by":"stipan","type":"drakon","when_updated":1657629367.209,"name":"createLeftDown","created_by":"stipan"}