{"keywords":{"scenario":false,"async":false,"export":false,"function":true,"algoprop":false},"tag":"138294339","params":"visuals\nelement\nctx","when_created":1673159197.3735,"parent_id":"f298c153","props":[],"created_by":"stipan","items":{"4":{"one":"5","id":"4","type":"action","text":"ctx.lineWidth = getLineWidth(\n    visuals,\n    element\n)","two":""},"8":{"type":"action","text":"rightAngle(ctx, x - dx, y, w, h)","one":"10","id":"8"},"1":{"type":"end","id":"1"},"5":{"one":"7","id":"5","type":"action","two":"","text":"ctx.strokeStyle = getLineColor(\n    visuals,\n    element\n)"},"2":{"type":"branch","branchId":0,"one":"4","id":"2"},"9":{"type":"action","id":"9","one":"8","text":"dx = w \/ 3"},"7":{"type":"action","id":"7","one":"9","text":"w = element.width \/ 2\nh = element.height \/ 2\nx = element.left + w\ny = element.top + h"},"10":{"type":"action","id":"10","one":"1","text":"rightAngle(ctx, x + dx, y, w, h)"}},"version":20180619,"type":"drakon","updated_by":"stipan","when_updated":1673159226.6009,"name":"renderRightAngle2","language":"LANG_S42"}