{"version":20180619,"tag":"683385224","params":"widget","when_created":1688973618.8133,"parent_id":"befd80d4","props":[],"when_updated":1688974107.9309,"items":{"4":{"one":"3","id":"4","type":"action","two":"","text":"config = mergeStyleIntoConfig(\n    model.doc.style,\n    wconfig\n)"},"8":{"flag1":1,"id":"8","type":"question","two":"9","one":"4","text":"\"centerContent\" in wconfig"},"1":{"type":"end","id":"1"},"5":{"one":"6","id":"5","type":"action","text":"model = widget.model","two":""},"9":{"flag1":0,"id":"9","type":"question","two":"11","one":"10","text":"model.type === \"graf\""},"6":{"type":"action","text":"wconfig = utils.clone(widget.config)","one":"8","id":"6"},"11":{"type":"action","id":"11","one":"4","text":"wconfig.centerContent = false"},"3":{"type":"action","id":"3","one":"1","text":"return config"},"2":{"type":"branch","branchId":0,"one":"5","id":"2"},"10":{"type":"action","text":"wconfig.centerContent = true","one":"4","id":"10"}},"keywords":{"scenario":false,"async":false,"export":false,"function":true,"algoprop":false},"created_by":"stipan","updated_by":"stipan","type":"drakon","name":"buildFinalConfig","language":"LANG_S42"}