{"keywords":{"scenario":false,"async":false,"export":false,"function":true,"algoprop":false},"tag":"649805992","params":"visuals\npos","when_created":1658298118.9088,"parent_id":"35f7b123","props":[],"when_updated":1667021650.2453,"items":{"2":{"type":"branch","branchId":0,"one":"3","id":"2"},"1":{"type":"end","id":"1"},"3":{"type":"action","text":"return findElementAt(\n    visuals.edges,\n    pos.x,\n    pos.y\n)","one":"1","id":"3"}},"updated_by":"stipan","version":20180619,"type":"drakon","language":"LANG_S42","name":"findEdge","created_by":"stipan"}