{"keywords":{"scenario":false,"async":false,"export":false,"function":true,"algoprop":false},"tag":"48164750","params":"begin\nend\nrole","when_created":1672736019.2439,"parent_id":"fdabdff8","props":[],"created_by":"stipan","items":{"101":{"flag1":1,"id":"101","type":"question","two":"102","one":"104","text":"bbottom + minLine <= etop"},"109":{"flag1":1,"id":"109","type":"question","two":"120","one":"110","text":"ebottom <= btop"},"80":{"type":"action","id":"80","one":"79","text":"midX = Math.floor((bright + eleft) \/ 2)"},"110":{"one":"11","id":"110","type":"action","text":"return [\n    {x: bx, y: btop},\n    {x: bx, y: ebottom}\n]","two":""},"23":{"type":"action","id":"23","one":"14","text":"minLine = 40"},"90":{"type":"action","text":"return [\n    {x: bleft, y: by},\n    {x: left, y: by},\n    {x: left, y: ey},\n    {x: eleft, y: ey}\n]","one":"11","id":"90"},"105":{"one":"106","id":"105","type":"action","two":"","text":"midY = Math.floor((ebottom + btop) \/ 2)"},"108":{"one":"11","id":"108","type":"action","two":"","text":"return [\n    {x: bx, y: bbottom},\n    {x: bx, y: etop}\n]"},"14":{"flag1":0,"id":"14","type":"question","two":"97","one":"73","text":"role === \"vertical\""},"73":{"branchId":2,"one":"74","id":"73","type":"branch","text":"Horizontal"},"92":{"flag1":1,"id":"92","type":"question","two":"94","one":"93","text":"bright >= eright"},"111":{"flag1":1,"id":"111","type":"question","text":"Math.abs(btop - etop) <= Math.abs(\n    bbottom - ebottom\n)","one":"112","two":"116"},"75":{"type":"action","text":"eleft = end.left\neright = end.left + end.width\ney = Math.floor(end.top + end.height \/ 2)","one":"76","id":"75"},"93":{"type":"action","text":"right = bright + minLine","one":"95","id":"93"},"94":{"type":"action","text":"right = eright + minLine","one":"95","id":"94"},"76":{"flag1":0,"id":"76","type":"question","text":"by === ey","one":"77","two":"83"},"84":{"type":"action","text":"return [\n    {x: bright, y: by},\n    {x: eleft, y: ey}\n]","one":"11","id":"84"},"99":{"one":"100","id":"99","type":"action","two":"","text":"etop = end.top\nebottom = end.top + end.height\nex = Math.floor(end.left + end.width \/ 2)"},"77":{"flag1":1,"id":"77","type":"question","text":"bright + minLine <= eleft","one":"80","two":"78"},"103":{"one":"11","id":"103","type":"action","text":"return [\n    {x: bx, y: bbottom},\n    {x: bx, y: midY},\n    {x: ex, y: midY},\n    {x: ex, y: etop}\n]","two":""},"107":{"flag1":1,"id":"107","type":"question","text":"bbottom <= etop","one":"108","two":"109"},"98":{"one":"99","id":"98","type":"action","two":"","text":"btop = begin.top\nbbottom = begin.top + begin.height\nbx = Math.floor(\n    begin.left + begin.width \/ 2\n)"},"97":{"branchId":3,"one":"98","id":"97","type":"branch","text":"Vertical"},"96":{"type":"action","id":"96","one":"11","text":"return []"},"89":{"type":"action","text":"left = bleft - minLine","one":"90","id":"89"},"112":{"flag1":1,"id":"112","type":"question","text":"btop <= etop","one":"113","two":"115"},"86":{"type":"action","id":"86","one":"11","text":"return [\n    {x: bleft, y: ey},\n    {x: eright, y: by}\n]"},"95":{"type":"action","id":"95","one":"11","text":"return [\n    {x: bright, y: by},\n    {x: right, y: by},\n    {x: right, y: ey},\n    {x: eright, y: ey}\n]"},"91":{"type":"action","id":"91","one":"90","text":"left = eleft - minLine"},"87":{"flag1":1,"id":"87","type":"question","two":"92","one":"88","text":"Math.abs(bleft - eleft) <= Math.abs(\n    bright - eright\n)"},"88":{"flag1":1,"id":"88","type":"question","text":"bleft <= eleft","one":"89","two":"91"},"78":{"flag1":1,"id":"78","type":"question","text":"eright + minLine <= bleft","one":"81","two":"87"},"85":{"flag1":1,"id":"85","type":"question","two":"96","one":"86","text":"eright <= bleft"},"102":{"flag1":1,"id":"102","type":"question","two":"111","one":"105","text":"ebottom + minLine <= btop"},"106":{"one":"11","id":"106","type":"action","text":"return [\n    {x: bx, y: btop},\n    {x: bx, y: midY},\n    {x: ex, y: midY},\n    {x: ex, y: ebottom}\n]","two":""},"83":{"flag1":1,"id":"83","type":"question","text":"bright <= eleft","one":"84","two":"85"},"82":{"type":"action","id":"82","one":"11","text":"return [\n    {x: bleft, y: by},\n    {x: midX, y: by},\n    {x: midX, y: ey},\n    {x: eright, y: ey}\n]"},"79":{"type":"action","text":"return [\n    {x: bright, y: by},\n    {x: midX, y: by},\n    {x: midX, y: ey},\n    {x: eleft, y: ey}\n]","one":"11","id":"79"},"81":{"type":"action","text":"midX = Math.floor((eright + bleft) \/ 2)","one":"82","id":"81"},"113":{"one":"114","id":"113","type":"action","two":"","text":"top = btop - minLine"},"11":{"branchId":4,"one":"1","id":"11","type":"branch","text":"Exit"},"100":{"flag1":0,"id":"100","type":"question","text":"bx === ex","one":"101","two":"107"},"1":{"type":"end","id":"1"},"116":{"flag1":1,"id":"116","type":"question","text":"bbottom >= ebottom","one":"117","two":"118"},"120":{"type":"action","id":"120","one":"11","text":"return []"},"117":{"one":"119","id":"117","type":"action","two":"","text":"bottom = bbottom + minLine"},"118":{"one":"119","id":"118","type":"action","two":"","text":"bottom = ebottom + minLine"},"115":{"one":"114","id":"115","type":"action","two":"","text":"top = etop - minLine"},"114":{"one":"11","id":"114","type":"action","text":"return [\n    {x: bx, y: btop},\n    {x: bx, y: top},\n    {x: ex, y: top},\n    {x: ex, y: etop}\n]","two":""},"2":{"branchId":1,"one":"23","id":"2","type":"branch","text":"Setup"},"104":{"one":"103","id":"104","type":"action","text":"midY = Math.floor((bbottom + etop) \/ 2)","two":""},"74":{"type":"action","text":"bleft = begin.left\nbright = begin.left + begin.width\nby = Math.floor(\n    begin.top + begin.height \/ 2\n)","one":"75","id":"74"},"119":{"one":"11","id":"119","type":"action","text":"return [\n    {x: bx, y: bbottom},\n    {x: bx, y: bottom},\n    {x: ex, y: bottom},\n    {x: ex, y: ebottom}\n]","two":""}},"version":20180619,"type":"drakon","updated_by":"stipan","when_updated":1672831894.186,"name":"buildConnectionLineCoords","language":"LANG_S42"}