{"version":20180619,"tag":"372472590","params":"visuals","when_created":1677497741.5173,"parent_id":"befd80d4","props":[],"created_by":"stipan","items":{"2":{"type":"branch","branchId":0,"one":"3","id":"2"},"6":{"type":"action","id":"6","one":"1","text":"return box"},"1":{"type":"end","id":"1"},"3":{"type":"action","text":"box = calculateDiagramBox(visuals)","one":"6","id":"3"}},"keywords":{"scenario":false,"async":false,"export":false,"function":true,"algoprop":false},"when_updated":1677512533.018,"updated_by":"stipan","type":"drakon","name":"calculateDiagramBoxForEdit","language":"LANG_S42"}