{"keywords":{"scenario":false,"async":false,"export":false,"function":true,"algoprop":false},"tag":"376046629","params":"socket","when_created":1665291727.3555,"parent_id":"f7515898","props":[],"language":"LANG_S42","items":{"4":{"flag1":1,"id":"4","type":"question","two":"5","one":"3","text":"socket.left"},"1":{"type":"end","id":"1"},"5":{"type":"action","id":"5","one":"6","text":"branchId = socket.node.branchId + 1"},"2":{"type":"branch","branchId":0,"one":"4","id":"2"},"6":{"type":"action","id":"6","one":"1","text":"return branchId"},"3":{"type":"action","text":"branchId = socket.node.branchId","one":"6","id":"3"}},"version":20180619,"updated_by":"stipan","type":"drakon","when_updated":1665291816.5966,"name":"getSocketBranchId","created_by":"stipan"}