{"version":20180619,"tag":"281319238","params":"ch","when_created":1675757294.3679,"parent_id":"99e62b4e","props":[],"created_by":"stipan","items":{"2":{"type":"branch","branchId":0,"one":"3","id":"2"},"1":{"type":"end","id":"1"},"3":{"type":"action","id":"3","one":"1","text":"return \/\\s\/.test(ch)"}},"keywords":{"scenario":false,"async":false,"export":false,"function":true,"algoprop":false},"when_updated":1675757301.2532,"updated_by":"stipan","type":"drakon","name":"isWhitespace","language":"LANG_S42"}