{"keywords":{"scenario":false,"async":false,"export":false,"function":true,"algoprop":false},"tag":"141781769","params":"element\npos","when_created":1672986217.5341,"parent_id":"2459b0c2","props":[],"when_updated":1672988463.9775,"items":{"1":{"type":"end","id":"1"},"15":{"type":"action","id":"15","one":"16","text":"x1 = prev.x + left\ny1 = prev.y + top\nx2 = curr.x + left\ny2 = curr.y + top"},"16":{"type":"action","text":"hit = hitLine(\n    x1,\n    y1,\n    x2,\n    y2,\n    pos,\n    element.margin\n)","one":"17","id":"16"},"11":{"type":"loopend","text":"","one":"10","id":"11"},"12":{"type":"loopbegin","text":"i = 1; i < coords.length; i++","one":"14","id":"12"},"2":{"type":"branch","branchId":0,"one":"13","id":"2"},"17":{"flag1":0,"id":"17","type":"question","two":"18","one":"11","text":"hit"},"18":{"type":"action","text":"return true","one":"1","id":"18"},"10":{"type":"action","id":"10","one":"1","text":"return false"},"13":{"type":"action","text":"coords = element.coords\nleft = element.left\ntop = element.top","one":"12","id":"13"},"14":{"type":"action","text":"prev = coords[i - 1]\ncurr = coords[i]","one":"15","id":"14"}},"version":20180619,"type":"drakon","updated_by":"stipan","created_by":"stipan","name":"hit","language":"LANG_S42"}