{"version":20180619,"tag":"683788230","params":"obj\nproperty","when_created":1658245437.5635,"parent_id":"34e4d875","props":[],"items":{"4":{"flag1":1,"id":"4","type":"question","two":"1","one":"5","text":"machine"},"1":{"type":"end","id":"1"},"5":{"type":"action","text":"machine.state = undefined","one":"6","id":"5"},"2":{"type":"branch","branchId":0,"one":"3","id":"2"},"6":{"type":"action","id":"6","one":"1","text":"obj[property] = undefined"},"3":{"type":"action","text":"machine = obj[property]","one":"4","id":"3"}},"when_updated":1658245477.3872,"updated_by":"stipan","type":"drakon","keywords":{"scenario":false,"async":false,"export":false,"function":true,"algoprop":false},"name":"stopMachine","created_by":"stipan"}