{"version":20180619,"tag":"363158125","params":"widget\nelement\nctx","when_created":1672936644.4203,"parent_id":"dc56baef","props":[],"created_by":"stipan","items":{"1":{"type":"end","id":"1"},"20":{"type":"action","text":"handle.primId = \"vertex-\" + i + \"-\" + element\n.id","one":"14","id":"20"},"9":{"one":"11","id":"9","type":"action","two":"","text":"visuals = widget.visuals"},"15":{"one":"16","id":"15","type":"action","two":"","text":"handle.x = left + point.x\nhandle.y = top + point.y\nhandle.radius = point.radius\nhandle.minX = Number.MIN_SAFE_INTEGER\nhandle.maxX = Number.MAX_SAFE_INTEGER\nhandle.minY = Number.MIN_SAFE_INTEGER\nhandle.maxY = Number.MAX_SAFE_INTEGER"},"16":{"one":"20","id":"16","type":"action","two":"","text":"handle.left = left\nhandle.top = top\nhandle.color = \"yellow\"\nhandle.ordinal = i"},"2":{"branchId":0,"one":"9","id":"2","type":"branch","text":""},"11":{"type":"loopbegin","text":"i = 0; i < element.coords.length; i++","one":"18","id":"11"},"12":{"one":"13","id":"12","type":"action","two":"","text":"handle = VertexHandle()"},"19":{"type":"action","id":"19","one":"15","text":"handle.addVertex = addVertex"},"17":{"one":"19","id":"17","type":"action","two":"","text":"left = element.left\ntop = element.top"},"18":{"type":"action","id":"18","one":"12","text":"point = element.coords[i]"},"10":{"type":"loopend","id":"10","one":"1","text":""},"13":{"one":"17","id":"13","type":"action","text":"setCommonHandleFields(\n    widget,\n    element,\n    handle\n)","two":""},"14":{"one":"10","id":"14","type":"action","text":"createHandle(visuals, handle, ctx)","two":""}},"keywords":{"scenario":false,"async":false,"export":false,"function":true,"algoprop":false},"when_updated":1673007609.5824,"updated_by":"stipan","type":"drakon","name":"drawCandies","language":"LANG_S42"}