{"version":20180619,"tag":"646921344","params":"visuals","when_created":1657637361.4339,"parent_id":"794efc2c","props":[],"when_updated":1657717507.6134,"items":{"4":{"branchId":3,"one":"1","id":"4","type":"branch","text":"Exit"},"8":{"flag1":0,"id":"8","type":"question","text":"node.up","one":"9","two":"6"},"1":{"type":"end","id":"1"},"5":{"branchId":2,"one":"13","id":"5","type":"branch","text":"Levels"},"9":{"flag1":1,"id":"9","type":"question","two":"6","one":"10","text":"node.down"},"15":{"type":"action","id":"15","one":"12","text":"traceLevel(visuals, node)"},"11":{"type":"action","id":"11","one":"6","text":"traceSkewer(visuals, node)"},"12":{"type":"loopend","text":"","one":"4","id":"12"},"6":{"type":"loopend","id":"6","one":"5","text":""},"7":{"type":"loopbegin","text":"id, node; visuals.nodes","one":"8","id":"7"},"2":{"branchId":1,"one":"7","id":"2","type":"branch","text":"Skewers"},"10":{"flag1":0,"id":"10","type":"question","text":"node.skewer","one":"11","two":"6"},"13":{"type":"loopbegin","text":"id, node; visuals.nodes","one":"14","id":"13"},"14":{"flag1":0,"id":"14","type":"question","text":"node.left","one":"15","two":"12"}},"type":"drakon","keywords":{"scenario":false,"async":false,"export":false,"function":true,"algoprop":false},"updated_by":"stipan","language":"LANG_S42","name":"buildSkewers","created_by":"stipan"}