{"keywords":{"scenario":false,"async":false,"export":false,"function":true,"algoprop":false},"tag":"967874536","params":"left\ntop\nwidth\nheight","when_created":1657716281.9341,"parent_id":"34e4d875","props":[],"items":{"2":{"type":"branch","branchId":0,"one":"4","id":"2"},"4":{"type":"action","id":"4","one":"3","text":"right = left + width\nbottom = top + height"},"1":{"type":"end","id":"1"},"3":{"type":"action","id":"3","one":"1","text":"return {\n    left: left,\n    top: top,\n    width: width,\n    height: height,\n    right: right,\n    bottom: bottom,\n    centerX: (left + right) \/ 2,\n    centerY: (top + bottom) \/ 2\n}"}},"when_updated":1671365737.9239,"version":20180619,"type":"drakon","updated_by":"stipan","name":"createBox","created_by":"stipan"}