{"version":20180619,"tag":"983955902","params":"visuals\nmodel","when_created":1673336484.7835,"parent_id":"befd80d4","props":[],"language":"LANG_S42","items":{"4":{"one":"5","id":"4","type":"action","text":"header = createNode(\n    visuals,\n    undefined,\n    \"header\",\n    headerContent,\n    \"root\"\n)","two":""},"8":{"flag1":0,"id":"8","type":"question","text":"root","one":"4","two":"9"},"1":{"type":"end","id":"1"},"5":{"one":"1","id":"5","type":"action","text":"flowIcon(visuals, visuals.header)","two":""},"9":{"type":"action","text":"header = nodeFromItem(visuals, root)","one":"11","id":"9"},"11":{"type":"action","id":"11","one":"5","text":"header.content = headerContent"},"7":{"type":"action","text":"root = model.items[\"root\"]","one":"8","id":"7"},"2":{"type":"branch","branchId":0,"one":"19","id":"2"},"19":{"one":"7","id":"19","type":"action","text":"headerContent = model.doc.name","two":""}},"type":"drakon","keywords":{"scenario":false,"async":false,"export":false,"function":true,"algoprop":false},"updated_by":"stipan","when_updated":1673418996.0092,"name":"buildGrafHeader","created_by":"stipan"}