{"keywords":{"scenario":false,"async":false,"export":false,"function":true,"algoprop":false},"tag":"288853638","params":"visuals\ntype\naction","when_created":1657695631.2904,"parent_id":"befd80d4","props":[],"created_by":"stipan","items":{"1":{"type":"end","id":"1"},"7":{"type":"action","id":"7","one":"6","text":"nodes = ids.map(\n    function (id) {\n        return getNode(visuals, id)\n    }\n)"},"2":{"type":"branch","branchId":0,"one":"3","id":"2"},"6":{"type":"action","text":"action(visuals, nodes)","one":"1","id":"6"},"3":{"type":"action","text":"ids = getCreateList(visuals.byType, type)","one":"7","id":"3"}},"updated_by":"stipan","version":20180619,"type":"drakon","language":"LANG_S42","name":"forTypeTogether","when_updated":1666167168.1953}