{"keywords":{"scenario":false,"async":false,"export":false,"function":true,"algoprop":false},"tag":"210285674","params":"visuals\nnode\nctx","when_created":1657733130.6449,"parent_id":"4ee6bb37","props":[],"created_by":"stipan","items":{"19":{"type":"action","text":"clearShadow(ctx)","one":"17","id":"19"},"9":{"one":"19","id":"9","type":"action","two":"","text":"ctx.fill()"},"15":{"type":"action","id":"15","one":"14","text":"line = setFillStroke(visuals, node, ctx)"},"11":{"one":"18","id":"11","type":"action","text":"ctx.stroke()","two":""},"2":{"type":"branch","branchId":0,"one":"15","id":"2"},"17":{"flag1":1,"id":"17","type":"question","text":"line","one":"13","two":"18"},"18":{"type":"action","text":"centerContent(visuals, node, ctx)","one":"1","id":"18"},"1":{"type":"end","id":"1"},"13":{"one":"11","id":"13","type":"action","two":"","text":"buildCtrlEndPath(\n    ctx,\n    node.x + 0.5,\n    node.y + 0.5,\n    node.w,\n    node.h\n)"},"14":{"one":"9","id":"14","type":"action","text":"buildCtrlEndPath(\n    ctx,\n    node.x,\n    node.y,\n    node.w,\n    node.h\n)","two":""}},"type":"drakon","version":20180619,"updated_by":"stipan","when_updated":1673013141.5631,"name":"renderCtrlEnd","language":"LANG_S42"}