{"version":20180619,"tag":"255449659","params":"text","when_created":1665292667.6018,"parent_id":"f7515898","props":[],"created_by":"stipan","items":{"4":{"type":"loopend","id":"4","one":"11","text":""},"8":{"flag1":0,"id":"8","type":"question","two":"9","one":"10","text":"i === last"},"1":{"type":"end","id":"1"},"5":{"type":"loopbegin","text":"i = last; i >= 0; i--","one":"6","id":"5"},"9":{"type":"action","text":"return -1","one":"1","id":"9"},"6":{"type":"action","text":"c = text.charCodeAt(i)","one":"7","id":"6"},"11":{"type":"action","id":"11","one":"1","text":"return 0"},"3":{"type":"action","text":"last = text.length - 1","one":"5","id":"3"},"7":{"flag1":1,"id":"7","type":"question","two":"8","one":"4","text":"isDigit(c)"},"2":{"type":"branch","branchId":0,"one":"3","id":"2"},"10":{"type":"action","text":"return i + 1","one":"1","id":"10"}},"type":"drakon","keywords":{"scenario":false,"async":false,"export":false,"function":true,"algoprop":false},"updated_by":"stipan","language":"LANG_S42","name":"firstDigit","when_updated":1665292743.0472}