{"version":20180619,"tag":"","params":"diagram\nchange\nundo\nredo","when_created":1661097657.1692,"parent_id":"1b1117a0","props":[],"created_by":"stipan","items":{"67":{"one":"68","id":"67","type":"action","text":"redo.changes.push(change)\nundo.changes.push(undoChange)","two":""},"2":{"branchId":0,"one":"66","id":"2","type":"branch","text":""},"68":{"type":"action","text":"applyChange(diagram, change)","one":"1","id":"68"},"1":{"type":"end","id":"1"},"66":{"type":"action","id":"66","one":"67","text":"undoChange = createUndoChange(\n    diagram,\n    change\n)"}},"type":"drakon","keywords":{"scenario":false,"async":false,"export":false,"function":true,"algoprop":false},"updated_by":"stipan","language":"LANG_S42","name":"addChangeToEdit","when_updated":1661097657.1692}