{"keywords":{"scenario":false,"async":false,"export":false,"function":true,"algoprop":false},"tag":"108224294","params":"visuals\npos","when_created":1667046488.259,"parent_id":"45b959db","props":[],"language":"LANG_S42","items":{"8":{"flag1":0,"id":"8","type":"question","text":"hitBox(handle.box, pos.x, pos.y)","one":"6","two":"9"},"1":{"type":"end","id":"1"},"7":{"type":"loopbegin","text":"handle; visuals.handles","one":"8","id":"7"},"2":{"type":"branch","branchId":0,"one":"7","id":"2"},"6":{"type":"loopend","text":"","one":"3","id":"6"},"9":{"type":"action","id":"9","one":"1","text":"return handle"},"3":{"type":"action","id":"3","one":"1","text":"return undefined"}},"type":"drakon","version":20180619,"updated_by":"stipan","created_by":"stipan","name":"findHandle","when_updated":1667046552.6788}