{"version":20180619,"tag":"637115420","params":"widget","when_created":1677498897.8819,"parent_id":"befd80d4","props":[],"language":"LANG_S42","items":{"4":{"one":"5","id":"4","type":"action","text":"visuals = widget.visuals","two":""},"8":{"one":"9","id":"8","type":"action","text":"wheight = widget.height \/ zoom","two":""},"1":{"type":"end","id":"1"},"5":{"one":"6","id":"5","type":"action","two":"","text":"zoom = widget.zoomFactor"},"9":{"flag1":0,"id":"9","type":"question","text":"wheight > visuals.box.height","one":"7","two":"10"},"6":{"flag1":0,"id":"6","type":"question","text":"widget.model.type === \"free\"","one":"11","two":"8"},"11":{"one":"3","id":"11","type":"action","text":"top = visuals.box.top","two":""},"3":{"type":"action","id":"3","one":"1","text":"return top"},"7":{"one":"3","id":"7","type":"action","text":"top = visuals.box.top","two":""},"2":{"type":"branch","branchId":0,"one":"4","id":"2"},"10":{"one":"3","id":"10","type":"action","text":"top = visuals.box.top - Math.floor(\n    (wheight - visuals.box.height) \/ 3\n)","two":""}},"updated_by":"stipan","keywords":{"scenario":false,"async":false,"export":false,"function":true,"algoprop":false},"type":"drakon","when_updated":1677499232.0974,"name":"getDefaultScrollTop","created_by":"stipan"}