{"keywords":{"scenario":false,"async":false,"export":false,"function":true,"algoprop":false},"tag":"339944483","params":"node","when_created":1657630780.4606,"parent_id":"84128d97","props":[],"created_by":"stipan","items":{"2":{"type":"branch","branchId":0,"one":"3","id":"2"},"1":{"type":"end","id":"1"},"3":{"type":"action","id":"3","one":"1","text":"return node.left.head"}},"version":20180619,"type":"drakon","updated_by":"stipan","when_updated":1657630794.3655,"name":"getLeft","language":"LANG_S42"}