{"keywords":{"scenario":false,"async":false,"export":false,"function":true,"algoprop":false},"tag":"133695221","params":"widget\nnode","when_created":1665043060.4864,"parent_id":"f474e5bd","props":[],"when_updated":1675883721.1102,"items":{"8":{"type":"action","text":"updateItem(edits, host.id, {side: \"\"})","one":"6","id":"8"},"3":{"type":"action","text":"edits = []","one":"7","id":"3"},"5":{"type":"action","id":"5","one":"1","text":"return edits"},"2":{"type":"branch","branchId":0,"one":"3","id":"2"},"6":{"type":"action","text":"deleteItem(widget, edits, node)","one":"5","id":"6"},"7":{"type":"action","text":"host = getRight(node)","one":"8","id":"7"},"1":{"type":"end","id":"1"}},"type":"drakon","language":"LANG_S42","updated_by":"stipan","version":20180619,"name":"deleteDuration","created_by":"stipan"}