{"version":20180619,"tag":"573050595","params":"evt","when_created":1687179321.2366,"parent_id":"e0f4b57d","props":[],"language":"LANG_S42","items":{"4":{"one":"7","id":"4","type":"action","two":"","text":"evt.stopPropagation()"},"1":{"type":"end","id":"1"},"5":{"one":"4","id":"5","type":"action","text":"evt.preventDefault()","two":""},"2":{"type":"branch","branchId":0,"one":"5","id":"2"},"7":{"flag1":1,"id":"7","type":"question","two":"1","one":"3","text":"self.touchEvents"},"3":{"type":"action","text":"self.touchEvents.touchStart(evt)","one":"1","id":"3"}},"updated_by":"stipan","keywords":{"scenario":false,"async":false,"export":false,"function":true,"algoprop":false},"type":"drakon","created_by":"stipan","name":"onTouchStart","when_updated":1687199345.6787}