{"keywords":{"scenario":false,"async":false,"export":false,"function":true,"algoprop":false},"tag":"808649829","params":"visuals\nelement","when_created":1672852466.3226,"parent_id":"667297af","props":[],"when_updated":1673074056.447,"items":{"12":{"type":"action","text":"padding = 0.08","one":"9","id":"12"},"1":{"type":"end","id":"1"},"2":{"type":"branch","branchId":0,"one":"12","id":"2"},"9":{"one":"10","id":"9","type":"action","two":"","text":"options = {}"},"8":{"one":"1","id":"8","type":"action","text":"return buildTextContent(\n    visuals,\n    element,\n    options,\n    width\n)","two":""},"10":{"type":"action","text":"width = Math.round(\n    element.width * (1 - padding * 2)\n)","one":"8","id":"10"}},"version":20180619,"updated_by":"stipan","type":"drakon","language":"LANG_S42","name":"flow","created_by":"stipan"}