{"version":20180619,"tag":"210524952","params":"widget","when_created":1671346002.849,"parent_id":"35f7b123","props":[],"created_by":"stipan","items":{"11":{"type":"action","id":"11","one":"1","text":"return getConnection(visuals, id)"},"7":{"type":"action","text":"return undefined","one":"1","id":"7"},"1":{"type":"end","id":"1"},"5":{"type":"loopbegin","text":"id, type; prims","one":"10","id":"5"},"2":{"type":"branch","branchId":0,"one":"3","id":"2"},"4":{"type":"loopend","id":"4","one":"7","text":""},"3":{"type":"action","text":"visuals = widget.visuals\nprims = widget.selection.prims","one":"5","id":"3"},"10":{"flag1":0,"id":"10","type":"question","text":"type === \"connection\"","one":"4","two":"11"}},"keywords":{"scenario":false,"async":false,"export":false,"function":true,"algoprop":false},"when_updated":1672741505.2104,"updated_by":"stipan","type":"drakon","name":"getSelectedConnection","language":"LANG_S42"}