{"version":20180619,"tag":"409699839","params":"visuals\nelement\nctx","when_created":1673155972.7555,"parent_id":"f298c153","props":[],"when_updated":1673156011.5551,"items":{"2":{"type":"branch","branchId":0,"one":"28","id":"2"},"28":{"type":"action","text":"renderFreeIconShape(\n    ctx,\n    visuals,\n    element,\n    buildRectCoords,\n    undefined\n)","one":"1","id":"28"},"1":{"type":"end","id":"1"}},"keywords":{"scenario":false,"async":false,"export":false,"function":true,"algoprop":false},"created_by":"stipan","updated_by":"stipan","type":"drakon","name":"renderCheckFalse","language":"LANG_S42"}