{"keywords":{"scenario":false,"async":false,"export":false,"function":true,"algoprop":false},"tag":"186909304","params":"r2\nnode","when_created":1673582471.9221,"parent_id":"b3d6c272","props":[],"when_updated":1673585437.834,"items":{"4":{"one":"5","id":"4","type":"select","two":"","text":"parenType"},"8":{"one":"4","id":"8","type":"action","text":"parenType = getTType(node.parent)","two":""},"1":{"type":"end","id":"1"},"5":{"one":"9","id":"5","type":"case","two":"6","text":"\"vertical\""},"9":{"one":"11","id":"9","type":"action","text":"bx = node.x - node.w - r2\nby = node.y","two":""},"6":{"one":"10","id":"6","type":"case","two":"7","text":"\"horizontal\""},"11":{"one":"3","id":"11","type":"action","text":"ax = node.x + node.w + r2\nay = node.y","two":""},"12":{"one":"3","id":"12","type":"action","text":"ax = node.x\nay = node.y + node.h + r2","two":""},"3":{"type":"action","id":"3","one":"1","text":"return {\n    before: {x: bx, y: by},\n    after: {x: ax, y: ay}\n}"},"7":{"one":"10","id":"7","type":"case","two":"","text":"\"treeview\""},"2":{"type":"branch","branchId":0,"one":"8","id":"2"},"10":{"one":"12","id":"10","type":"action","text":"bx = node.x\nby = node.y - node.h - r2","two":""}},"version":20180619,"type":"drakon","updated_by":"stipan","created_by":"stipan","name":"getMindSiblingSocketPos","language":"LANG_S42"}