{"keywords":{"scenario":false,"async":false,"export":false,"function":true,"algoprop":false},"tag":"327416636","params":"node","when_created":1657701509.3479,"parent_id":"794efc2c","props":[],"language":"LANG_S42","items":{"4":{"flag1":1,"id":"4","type":"question","text":"node.up","one":"6","two":"5"},"1":{"type":"end","id":"1"},"5":{"type":"arrow-loop","one":"3","id":"5"},"2":{"type":"branch","branchId":0,"one":"5","id":"2"},"6":{"type":"action","text":"return node","one":"1","id":"6"},"3":{"type":"action","id":"3","one":"4","text":"node = getLeft(node)"}},"version":20180619,"updated_by":"stipan","type":"drakon","created_by":"stipan","name":"getNextUp","when_updated":1657701524.5762}