{"version":20180619,"tag":"390610825","params":"widget\nprim\npos\nevt","when_created":1666858585.4534,"parent_id":"b0881e64","props":[],"language":"LANG_S42","items":{"4":{"one":"5","id":"4","type":"action","text":"callback = widget.config.getCursorForItem","two":""},"1":{"type":"end","id":"1"},"5":{"flag1":1,"id":"5","type":"question","text":"callback","one":"3","two":"6"},"6":{"type":"action","id":"6","one":"1","text":"return \"grab\""},"11":{"type":"action","text":"return prim.getCursor()","one":"1","id":"11"},"12":{"flag1":0,"id":"12","type":"question","two":"13","one":"7","text":"prim.elType === \"nugget\""},"3":{"type":"action","id":"3","one":"1","text":"return callback(prim, pos, evt)"},"7":{"flag1":0,"id":"7","type":"question","text":"prim.elType === \"handle\"","one":"4","two":"11"},"2":{"type":"branch","branchId":0,"one":"12","id":"2"},"13":{"type":"action","id":"13","one":"1","text":"return \"move\""}},"type":"drakon","created_by":"stipan","updated_by":"stipan","keywords":{"scenario":false,"async":false,"export":false,"function":true,"algoprop":false},"name":"getCursorForItem","when_updated":1671427051.7549}