{"version":20180619,"tag":"327227018","params":"x\ny","when_created":1673450339.2279,"parent_id":"210812b5","props":[],"language":"LANG_S42","items":{"2":{"type":"branch","branchId":0,"one":"3","id":"2"},"4":{"type":"action","text":"self.element.x = self.left + self.element\n.w","one":"1","id":"4"},"1":{"type":"end","id":"1"},"3":{"type":"action","id":"3","one":"4","text":"self.element.w = (x - self.left) \/ 2"}},"keywords":{"scenario":false,"async":false,"export":false,"function":true,"algoprop":false},"type":"drakon","updated_by":"stipan","created_by":"stipan","name":"dragTo","when_updated":1673458642.7858}