{"version":20180619,"tag":"395381999","params":"element","when_created":1671584350.7689,"parent_id":"3b476462","props":[],"created_by":"stipan","items":{"4":{"one":"1","id":"4","type":"action","text":"return createBox(\n    element.left,\n    element.top,\n    element.width,\n    element.height\n)","two":""},"1":{"type":"end","id":"1"},"5":{"flag1":0,"id":"5","type":"question","text":"element.type === \"line\"","one":"4","two":"7"},"2":{"type":"branch","branchId":0,"one":"5","id":"2"},"7":{"one":"1","id":"7","type":"action","text":"return calculateLineBox(element, 0)","two":""}},"keywords":{"scenario":false,"async":false,"export":false,"function":true,"algoprop":false},"when_updated":1672989923.6894,"updated_by":"stipan","type":"drakon","name":"getSourceGuideBox","language":"LANG_S42"}