{"version":20180619,"tag":"50905962","params":"visuals\nbranch\nupper\nlower","when_created":1657963806.1775,"parent_id":"befd80d4","props":[],"language":"LANG_S42","items":{"4":{"branchId":4,"one":"11","id":"4","type":"branch","text":"Exit"},"10":{"type":"action","id":"10","one":"6","text":"createEdge(\n    visuals,\n    lower,\n    visuals.end,\n    false\n)"},"5":{"branchId":2,"one":"10","id":"5","type":"branch","text":"Technical edge"},"11":{"type":"action","id":"11","one":"1","text":"branch.bottomNode = lower"},"12":{"type":"loopend","text":"","one":"4","id":"12"},"7":{"type":"action","text":"ceil = createEdge(\n    visuals,\n    upper,\n    branch.topNode,\n    false\n)","one":"19","id":"7"},"18":{"type":"action","id":"18","one":"12","text":"lower = branchLower"},"13":{"type":"loopbegin","text":"address; branch.addresses","one":"14","id":"13"},"14":{"type":"action","text":"branchLower = createJunction(\n    visuals,\n    undefined\n)","one":"15","id":"14"},"8":{"flag1":0,"id":"8","type":"question","two":"5","one":"6","text":"branch.addresses.length === 0"},"1":{"type":"end","id":"1"},"9":{"type":"action","text":"createEdge(\n    visuals,\n    branch.topNode,\n    branch,\n    true\n)","one":"8","id":"9"},"6":{"branchId":3,"one":"13","id":"6","type":"branch","text":"Bottom"},"16":{"type":"action","text":"floor.role = \"floor\"","one":"17","id":"16"},"3":{"type":"action","text":"branch.topNode = createJunction(\n    visuals,\n    undefined\n)","one":"7","id":"3"},"17":{"type":"action","text":"createEdge(\n    visuals,\n    address,\n    branchLower,\n    true\n)","one":"18","id":"17"},"2":{"branchId":1,"one":"3","id":"2","type":"branch","text":"Top"},"15":{"type":"action","text":"floor = createEdge(\n    visuals,\n    lower,\n    branchLower,\n    false\n)","one":"16","id":"15"},"19":{"type":"action","id":"19","one":"9","text":"ceil.role = \"ceil\""}},"type":"drakon","created_by":"stipan","updated_by":"stipan","keywords":{"scenario":false,"async":false,"export":false,"function":true,"algoprop":false},"name":"connectBranch","when_updated":1672499494.7171}