{"version":20180619,"tag":"214805074","params":"visuals\npos","when_created":1672820733.3136,"parent_id":"2ffccec2","props":[],"when_updated":1672822472.2608,"items":{"4":{"flag1":1,"id":"4","type":"question","two":"5","one":"7","text":"visuals.ears"},"8":{"flag1":0,"id":"8","type":"question","two":"9","one":"6","text":"hitBox(box, pos.x, pos.y)"},"1":{"type":"end","id":"1"},"5":{"type":"action","id":"5","one":"1","text":"return undefined"},"9":{"type":"action","id":"9","one":"1","text":"return key"},"6":{"type":"loopend","id":"6","one":"10","text":""},"7":{"type":"loopbegin","text":"key, box; visuals.ears.boxes","one":"8","id":"7"},"2":{"type":"branch","branchId":0,"one":"4","id":"2"},"10":{"type":"action","id":"10","one":"1","text":"return undefined"}},"type":"drakon","keywords":{"scenario":false,"async":false,"export":false,"function":true,"algoprop":false},"updated_by":"stipan","language":"LANG_S42","name":"hitEars","created_by":"stipan"}