{"keywords":{"scenario":false,"async":false,"export":false,"function":true,"algoprop":false},"tag":"164691489","params":"visuals\nrightEdge","when_created":1657630873.2801,"parent_id":"82d2ccaf","props":[],"created_by":"stipan","items":{"4":{"type":"action","text":"removeEdge(visuals, rightEdge.id)","one":"5","id":"4"},"8":{"type":"action","text":"makeRightLoopEdge(\n    visuals,\n    jun,\n    rightNode,\n    finalTarget\n)","one":"9","id":"8"},"1":{"type":"end","id":"1"},"5":{"type":"action","text":"jun = createJunction(\n    visuals,\n    finalTarget\n)","one":"6","id":"5"},"9":{"type":"action","id":"9","one":"1","text":"return jun"},"6":{"type":"action","text":"leftPart = makeRightEdge(\n    visuals,\n    leftNode,\n    jun,\n    finalTarget\n)","one":"7","id":"6"},"3":{"type":"action","text":"leftNode = rightEdge.head\nrightNode = rightEdge.tail\nfinalTarget = rightEdge.finalTarget\nrole = rightEdge.role","one":"4","id":"3"},"7":{"type":"action","text":"leftPart.role = role","one":"8","id":"7"},"2":{"type":"branch","branchId":0,"one":"3","id":"2"}},"updated_by":"stipan","version":20180619,"type":"drakon","language":"LANG_S42","name":"splitRight","when_updated":1657630989.6225}