{"keywords":{"scenario":false,"async":false,"export":false,"function":true,"algoprop":false},"tag":"320146652","params":"item","when_created":1661502779.9937,"parent_id":"f7515898","props":[],"created_by":"stipan","items":{"4":{"type":"action","text":"fields = utils.clone(item)\ndelete fields.id","one":"5","id":"4"},"1":{"type":"end","id":"1"},"5":{"type":"action","id":"5","one":"1","text":"return {\n    id: id,\n    op: \"insert\",\n    fields: fields\n}"},"2":{"type":"branch","branchId":0,"one":"6","id":"2"},"6":{"type":"action","id":"6","one":"4","text":"id = item.id"}},"type":"drakon","version":20180619,"updated_by":"stipan","when_updated":1675145610.3146,"name":"createInsert","language":"LANG_S42"}