{"keywords":{"scenario":false,"async":false,"export":false,"function":true,"algoprop":false},"tag":"820109505","params":"visuals\nnode\nop","when_created":1664970300.628,"parent_id":"41f1c7b9","props":[],"language":"LANG_S42","items":{"4":{"type":"action","text":"radius = visuals.config.socketTouchRadius","one":"3","id":"4"},"1":{"type":"end","id":"1"},"5":{"type":"action","id":"5","one":"1","text":"socket.node = node"},"2":{"type":"branch","branchId":0,"one":"4","id":"2"},"3":{"type":"action","text":"socket = createSocket(\n    visuals,\n    node.x - node.w,\n    node.y,\n    op,\n    \"first-case\",\n    radius\n)","one":"5","id":"3"}},"type":"drakon","version":20180619,"updated_by":"stipan","created_by":"stipan","name":"showFirstCaseSocket","when_updated":1664970381.9186}