{"keywords":{"scenario":false,"async":false,"export":false,"function":true,"algoprop":false},"tag":"185415656","params":"visuals\nvertical","when_created":1657639210.2629,"parent_id":"794efc2c","props":[],"language":"LANG_S42","items":{"4":{"type":"action","text":"id = \"s\" + getNextId(visuals)","one":"3","id":"4"},"1":{"type":"end","id":"1"},"2":{"type":"branch","branchId":0,"one":"4","id":"2"},"6":{"type":"action","text":"return skewer","one":"1","id":"6"},"3":{"type":"action","text":"skewer = {\n    id: id,\n    nodes: [],\n    edges: [],\n    coord: -1,\n    boundary: 0,\n    vertical: vertical\n}","one":"6","id":"3"}},"version":20180619,"updated_by":"stipan","type":"drakon","created_by":"stipan","name":"createSkewerObj","when_updated":1657716856.1613}