{"keywords":{"scenario":false,"async":false,"export":false,"function":true,"algoprop":false},"tag":"297205009","params":"node","when_created":1666703196.5309,"parent_id":"41f1c7b9","props":[],"language":"LANG_S42","items":{"4":{"type":"case","one":"8","id":"4"},"10":{"one":"13","id":"10","type":"case","two":"11","text":"\"simpleinput\""},"5":{"one":"13","id":"5","type":"case","text":"\"question\"","two":"12"},"11":{"one":"13","id":"11","type":"case","two":"14","text":"\"simpleoutput\""},"12":{"one":"13","id":"12","type":"case","text":"\"select\"","two":"9"},"7":{"type":"select","id":"7","one":"6","text":"node.type"},"13":{"flag1":0,"id":"13","type":"question","text":"node.side","one":"3","two":"8"},"14":{"one":"13","id":"14","type":"case","text":"\"input\"","two":"15"},"8":{"type":"action","text":"return false","one":"1","id":"8"},"1":{"type":"end","id":"1"},"9":{"one":"13","id":"9","type":"case","text":"\"insertion\"","two":"10"},"15":{"one":"13","id":"15","type":"case","text":"\"output\"","two":"16"},"16":{"one":"13","id":"16","type":"case","text":"\"shelf\"","two":"17"},"3":{"type":"action","id":"3","one":"1","text":"return true"},"17":{"one":"13","id":"17","type":"case","two":"4","text":"\"process\""},"2":{"type":"branch","branchId":0,"one":"7","id":"2"},"6":{"one":"13","id":"6","type":"case","text":"\"action\"","two":"5"}},"type":"drakon","version":20180619,"updated_by":"stipan","created_by":"stipan","name":"canHaveDuration","when_updated":1666788622.9737}