{"keywords":{"scenario":false,"async":false,"export":false,"function":true,"algoprop":false},"tag":"890440756","params":"widget\nprev\nstartItemId\ntoKeep","when_created":1665046855.5036,"parent_id":"f474e5bd","props":[],"created_by":"stipan","items":{"2":{"type":"branch","branchId":0,"one":"3","id":"2"},"1":{"type":"end","id":"1"},"3":{"type":"action","id":"3","one":"1","text":"traverseItem(\n    widget,\n    prev,\n    startItemId,\n    toKeep\n)"}},"updated_by":"stipan","version":20180619,"type":"drakon","language":"LANG_S42","name":"markToStay","when_updated":1665047445.6397}