{"version":20180619,"tag":"613441429","params":"visuals\nid1\nid2","when_created":1672827676.2423,"parent_id":"fdabdff8","props":[],"language":"LANG_S42","items":{"4":{"flag1":1,"id":"4","type":"question","text":"connections","one":"6","two":"10"},"8":{"flag1":0,"id":"8","type":"question","two":"9","one":"5","text":"connection.end === id2"},"1":{"type":"end","id":"1"},"5":{"type":"loopend","id":"5","one":"11","text":""},"9":{"type":"action","text":"return true","one":"1","id":"9"},"6":{"type":"loopbegin","text":"connection; connections","one":"7","id":"6"},"11":{"type":"action","text":"return false","one":"1","id":"11"},"3":{"type":"action","id":"3","one":"4","text":"connections = visuals.connections[id1]"},"7":{"flag1":0,"id":"7","type":"question","text":"connection.begin === id2","one":"8","two":"9"},"2":{"type":"branch","branchId":0,"one":"3","id":"2"},"10":{"type":"action","id":"10","one":"1","text":"return false"}},"keywords":{"scenario":false,"async":false,"export":false,"function":true,"algoprop":false},"type":"drakon","updated_by":"stipan","created_by":"stipan","name":"areConnected","when_updated":1672827768.0885}