{"keywords":{"scenario":false,"async":false,"export":false,"function":true,"algoprop":false},"tag":"687186970","params":"widget\ndiaX\ndiaY","when_created":1660544363.2642,"parent_id":"35f7b123","props":[],"when_updated":1665578433.3428,"items":{"4":{"type":"action","id":"4","one":"6","text":"clientX = widgetX + rect.left\nclientY = widgetY + rect.top"},"8":{"type":"action","id":"8","one":"7","text":"visuals = widget.visuals"},"1":{"type":"end","id":"1"},"7":{"type":"action","id":"7","one":"3","text":"widgetX = diagramToWidgetX(widget, diaX)\nwidgetY = diagramToWidgetY(widget, diaY)"},"2":{"type":"branch","branchId":0,"one":"8","id":"2"},"6":{"type":"action","id":"6","one":"1","text":"return {\n    x: clientX,\n    y: clientY\n}"},"3":{"type":"action","id":"3","one":"4","text":"rect = getWidgetRect(widget)"}},"version":20180619,"type":"drakon","updated_by":"stipan","created_by":"stipan","name":"toClient","language":"LANG_S42"}