{"version":20180619,"tag":"669283037","params":"visuals","when_created":1673291747.3048,"parent_id":"b3d6c272","props":[],"when_updated":1673291772.1482,"items":{"4":{"type":"loopend","text":"","one":"1","id":"4"},"1":{"type":"end","id":"1"},"5":{"type":"loopbegin","id":"5","one":"6","text":"id, node; visuals.nodes"},"2":{"type":"branch","branchId":0,"one":"5","id":"2"},"6":{"type":"action","id":"6","one":"7","text":"ttype = getTType(node)"},"9":{"type":"action","id":"9","one":"4","text":"setSameHeightForMindChildren(node)"},"7":{"flag1":1,"id":"7","type":"question","text":"ttype === \"vertical\"","one":"9","two":"4"}},"keywords":{"scenario":false,"async":false,"export":false,"function":true,"algoprop":false},"created_by":"stipan","updated_by":"stipan","type":"drakon","name":"setSameHeightMind","language":"LANG_S42"}