{"keywords":{"scenario":false,"async":false,"export":false,"function":true,"algoprop":false},"tag":"137728474","params":"visuals","when_created":1657639270.5872,"parent_id":"794efc2c","props":[],"created_by":"stipan","items":{"1":{"type":"end","id":"1"},"5":{"type":"action","id":"5","one":"6","text":"visuals.levels[skewer.id] = skewer"},"2":{"type":"branch","branchId":0,"one":"7","id":"2"},"6":{"type":"action","text":"return skewer","one":"1","id":"6"},"7":{"type":"action","id":"7","one":"5","text":"skewer = createSkewerObj(visuals, false)"}},"updated_by":"stipan","version":20180619,"type":"drakon","language":"LANG_S42","name":"createLevel","when_updated":1657716899.0631}