{"version":20180619,"tag":"520940626","params":"widget\nnode","when_created":1665067794.3575,"parent_id":"f474e5bd","props":[],"language":"LANG_S42","items":{"4":{"branchId":4,"one":"9","id":"4","type":"branch","text":"Delete items"},"10":{"type":"action","id":"10","one":"8","text":"deleteItem(widget, edits, end)"},"11":{"type":"action","text":"edgeUp = node.up","one":"12","id":"11"},"12":{"type":"action","text":"end = node.loopEnd","one":"13","id":"12"},"7":{"branchId":3,"one":"16","id":"7","type":"branch","text":"Normal loop"},"18":{"type":"action","id":"18","one":"4","text":"redirectUpperItems(\n    edits,\n    edgeUp2.links,\n    end.one\n)"},"13":{"type":"action","text":"beforeEnd = getUp(end)","one":"14","id":"13"},"14":{"flag1":1,"id":"14","type":"question","two":"7","one":"6","text":"beforeEnd === node"},"8":{"type":"action","id":"8","one":"1","text":"return edits"},"1":{"type":"end","id":"1"},"9":{"type":"action","text":"deleteItem(widget, edits, node)","one":"10","id":"9"},"6":{"branchId":2,"one":"15","id":"6","type":"branch","text":"Empty loop"},"16":{"type":"action","text":"redirectUpperItems(\n    edits,\n    edgeUp.links,\n    node.one\n)","one":"17","id":"16"},"3":{"type":"action","text":"edits = []","one":"11","id":"3"},"17":{"type":"action","text":"edgeUp2 = end.up","one":"18","id":"17"},"2":{"branchId":1,"one":"3","id":"2","type":"branch","text":"Init"},"15":{"type":"action","text":"redirectUpperItems(\n    edits,\n    edgeUp.links,\n    end.one\n)","one":"4","id":"15"}},"keywords":{"scenario":false,"async":false,"export":false,"function":true,"algoprop":false},"type":"drakon","updated_by":"stipan","when_updated":1675883609.0605,"name":"deleteLoop","created_by":"stipan"}