{"keywords":{"scenario":false,"async":false,"export":false,"function":true,"algoprop":false},"tag":"300618921","params":"x1\ny1\nx2\ny2","when_created":1671544606.6155,"parent_id":"34e4d875","props":[],"items":{"4":{"flag1":1,"id":"4","type":"question","text":"v >= 0","one":"5","two":"6"},"8":{"type":"action","text":"hypSq = h * h + v * v","one":"9","id":"8"},"10":{"type":"action","id":"10","one":"1","text":"return 0"},"5":{"type":"action","id":"5","one":"1","text":"return angle"},"9":{"flag1":0,"id":"9","type":"question","two":"10","one":"3","text":"hypSq === 0"},"6":{"type":"action","id":"6","one":"1","text":"return -angle"},"3":{"type":"action","id":"3","one":"4","text":"hyp = Math.sqrt(hypSq)\ncos = h \/ hyp\nangle = Math.acos(cos)"},"7":{"type":"action","text":"h = x2 - x1\nv = y2 - y1","one":"8","id":"7"},"2":{"type":"branch","branchId":0,"one":"7","id":"2"},"1":{"type":"end","id":"1"}},"created_by":"stipan","version":20180619,"updated_by":"stipan","type":"drakon","name":"findAngle","when_updated":1671544735.0161}