{"version":20180619,"tag":"54091865","when_created":1671484356.7745,"parent_id":"c5e5357f","props":[],"items":{"4":{"type":"action","text":"accepted = []","one":"3","id":"4"},"1":{"type":"end","id":"1"},"5":{"type":"action","text":"return accepted","one":"1","id":"5"},"2":{"type":"branch","branchId":0,"one":"4","id":"2"},"3":{"type":"action","text":"accepted.push(\"lines\")\naccepted.push(\"lineWidth\")\naccepted.push(\"lineStyle\")\naccepted.push(\"headStyle\")\naccepted.push(\"tailStyle\")","one":"5","id":"3"}},"created_by":"stipan","language":"LANG_S42","updated_by":"stipan","type":"drakon","name":"getAccepted","when_updated":1671539086.0439}