{"version":20180619,"tag":"396416691","params":"widget","when_created":1665246362.7753,"parent_id":"2de5181c","props":[],"language":"LANG_S42","items":{"4":{"branchId":4,"one":"13","id":"4","type":"branch","text":"Exit"},"8":{"type":"action","id":"8","one":"5","text":"fb = firstBranchNode(visuals)"},"1":{"type":"end","id":"1"},"5":{"branchId":2,"one":"9","id":"5","type":"branch","text":"Create branches"},"9":{"type":"action","id":"9","one":"10","text":"branch3 = createItem(\n    model,\n    edits,\n    {\n        type: \"branch\",\n        content: b3,\n        one: end.itemId,\n        branchId: 3\n    }\n)"},"6":{"branchId":3,"one":"12","id":"6","type":"branch","text":"Redirect from end to branch"},"11":{"type":"action","id":"11","one":"6","text":"updateItem(\n    edits,\n    fb.itemId,\n    {content: b1, branchId: 1}\n)"},"12":{"type":"action","text":"redirectUpperItems(\n    edits,\n    end.up.links,\n    branch2\n)","one":"4","id":"12"},"3":{"type":"action","text":"edits = []","one":"7","id":"3"},"7":{"type":"action","text":"b1 = visuals.config.branch + \"1\"\nb2 = visuals.config.branch + \"2\"\nb3 = visuals.config.exit","one":"8","id":"7"},"2":{"branchId":1,"one":"14","id":"2","type":"branch","text":"Make branch names"},"10":{"type":"action","id":"10","one":"11","text":"branch2 = createItem(\n    model,\n    edits,\n    {\n        type: \"branch\",\n        content: b2,\n        one: branch3,\n        branchId: 2\n    }\n)"},"13":{"type":"action","id":"13","one":"1","text":"return edits"},"14":{"type":"action","text":"model = widget.model\nvisuals = widget.visuals\nend = visuals.end","one":"3","id":"14"}},"updated_by":"stipan","keywords":{"scenario":false,"async":false,"export":false,"function":true,"algoprop":false},"type":"drakon","created_by":"stipan","name":"toSilhouette","when_updated":1665247908.7109}