{"keywords":{"scenario":false,"async":false,"export":false,"function":true,"algoprop":false},"tag":"850917208","params":"sub\nnode","when_created":1664014318.2742,"parent_id":"8e739cfd","props":[],"language":"LANG_S42","items":{"4":{"type":"action","id":"4","one":"6","text":"existing = sub.outer[targetId]"},"10":{"type":"action","id":"10","one":"9","text":"oldNode = existing.element"},"5":{"type":"action","id":"5","one":"1","text":"addNodeSubRecord(sub.outer, node)"},"9":{"flag1":0,"id":"9","type":"question","two":"1","one":"5","text":"oldNode.down"},"6":{"flag1":0,"id":"6","type":"question","text":"existing","one":"5","two":"7"},"3":{"type":"action","id":"3","one":"4","text":"targetId = node.finalTarget.itemId"},"7":{"flag1":1,"id":"7","type":"question","two":"10","one":"5","text":"existing.type === \"edge\""},"2":{"type":"branch","branchId":0,"one":"3","id":"2"},"1":{"type":"end","id":"1"}},"type":"drakon","version":20180619,"updated_by":"stipan","created_by":"stipan","name":"addLowerCorner","when_updated":1664014962.1341}