{"version":20180619,"tag":"613122874","params":"visuals\norigin","when_created":1671002674.7316,"parent_id":"befd80d4","props":[],"language":"LANG_S42","items":{"4":{"flag1":0,"id":"4","type":"question","two":"5","one":"7","text":"origin.x < box.left"},"8":{"one":"9","id":"8","type":"action","two":"","text":"box.top = origin.y"},"1":{"type":"end","id":"1"},"5":{"type":"action","text":"box.left = origin.x","one":"6","id":"5"},"9":{"one":"1","id":"9","type":"action","text":"box.height = box.bottom - box.top","two":""},"6":{"type":"action","text":"box.width = box.right - box.left","one":"7","id":"6"},"7":{"flag1":0,"id":"7","type":"question","two":"8","one":"1","text":"origin.y < box.top"},"2":{"type":"branch","branchId":0,"one":"10","id":"2"},"10":{"type":"action","id":"10","one":"4","text":"box = visuals.box"}},"keywords":{"scenario":false,"async":false,"export":false,"function":true,"algoprop":false},"type":"drakon","updated_by":"stipan","created_by":"stipan","name":"extendVisualsBox","when_updated":1671002803.4337}