{"keywords":{"scenario":false,"async":false,"export":false,"function":true,"algoprop":false},"tag":"635466431","params":"config\noptions\nnode\nname\ndefaultValue","when_created":1667373112.9368,"parent_id":"f67c537c","props":[],"created_by":"stipan","items":{"8":{"flag1":1,"id":"8","type":"question","two":"11","one":"10","text":"utils.hasValue(value)"},"1":{"type":"end","id":"1"},"11":{"flag1":1,"id":"11","type":"question","text":"name in options","one":"12","two":"13"},"12":{"one":"1","id":"12","type":"action","text":"return options[name]","two":""},"7":{"flag1":1,"id":"7","type":"question","two":"11","one":"14","text":"node.style"},"2":{"type":"branch","branchId":0,"one":"7","id":"2"},"10":{"type":"action","text":"return value","one":"1","id":"10"},"13":{"one":"1","id":"13","type":"action","text":"return getThemeValueCore(\n    config,\n    node.type,\n    node.style,\n    name,\n    defaultValue\n)","two":""},"14":{"type":"action","id":"14","one":"8","text":"value = node.style[name]"}},"type":"drakon","version":20180619,"updated_by":"stipan","when_updated":1675146227.9721,"name":"getFromOptionsOrConfig","language":"LANG_S42"}