{"keywords":{"scenario":false,"async":false,"export":false,"function":true,"algoprop":false},"tag":"525057802","params":"ctx\nvisuals\nnode\nbuildCoords\naux","when_created":1672772587.8255,"parent_id":"2bccae93","props":[],"created_by":"stipan","items":{"2":{"type":"branch","branchId":0,"one":"3","id":"2"},"1":{"type":"end","id":"1"},"3":{"type":"action","id":"3","one":"1","text":"renderIconShape(\n    ctx,\n    visuals,\n    node,\n    buildCoords,\n    node.left,\n    node.top,\n    node.width,\n    node.height,\n    aux\n)"}},"version":20180619,"type":"drakon","updated_by":"stipan","when_updated":1672772634.0559,"name":"renderFreeIconShape","language":"LANG_S42"}