{"version":20180619,"tag":"735201746","params":"widget\nevt","when_created":1666977245.4925,"parent_id":"a52f66e7","props":[],"when_updated":1677576957.4328,"items":{"70":{"one":"77","id":"70","type":"action","text":"mover = createFreeMover(\n    widget,\n    [element],\n    evt\n)","two":""},"60":{"type":"action","id":"60","one":"63","text":"scroll = hitScrollBar(visuals, pos)"},"86":{"type":"action","text":"return createHScrollDrag(\n    widget,\n    evt,\n    scroll\n)","one":"1","id":"86"},"80":{"flag1":1,"id":"80","type":"question","text":"handle","one":"82","two":"81"},"71":{"one":"1","id":"71","type":"action","text":"return createFrameDrag(widget, evt)","two":""},"61":{"one":"60","id":"61","type":"action","text":"pos = toDiagram(widget, evt)","two":""},"87":{"type":"action","text":"return createVScrollDrag(\n    widget,\n    evt,\n    scroll\n)","one":"1","id":"87"},"81":{"flag1":1,"id":"81","type":"question","two":"68","one":"83","text":"hitNugget(visuals, pos)"},"62":{"one":"61","id":"62","type":"action","text":"visuals = widget.visuals","two":""},"72":{"flag1":0,"id":"72","type":"question","two":"73","one":"70","text":"isSelected(widget, element.id)"},"63":{"flag1":1,"id":"63","type":"question","text":"scroll","one":"85","two":"64"},"68":{"one":"69","id":"68","type":"action","text":"element = findFree(widget, pos)","two":""},"84":{"one":"77","id":"84","type":"action","two":"","text":"mover = createFreeMover(\n    widget,\n    selected,\n    evt\n)"},"83":{"one":"84","id":"83","type":"action","text":"selected = getSelectedFree(widget)","two":""},"64":{"flag1":0,"id":"64","type":"question","text":"isReadonly(widget)","one":"67","two":"71"},"69":{"flag1":1,"id":"69","type":"question","text":"element","one":"78","two":"71"},"1":{"type":"end","id":"1"},"75":{"one":"66","id":"75","type":"action","text":"visuals.ears.start(ear, evt)","two":""},"65":{"flag1":1,"id":"65","type":"question","text":"ear","one":"75","two":"79"},"82":{"one":"77","id":"82","type":"action","two":"","text":"mover = createHandleDrag(\n    widget,\n    handle,\n    evt\n)"},"79":{"one":"80","id":"79","type":"action","two":"","text":"handle = findHandle(visuals, pos)"},"66":{"one":"1","id":"66","type":"action","text":"return visuals.ears","two":""},"76":{"one":"1","id":"76","type":"action","text":"return mover","two":""},"78":{"flag1":0,"id":"78","type":"question","text":"element.type === \"connection\"","one":"72","two":"71"},"67":{"one":"65","id":"67","type":"action","text":"ear = hitEars(widget.visuals, pos)","two":""},"74":{"one":"77","id":"74","type":"action","text":"mover = createFreeMover(\n    widget,\n    selected,\n    evt\n)","two":""},"2":{"type":"branch","branchId":0,"one":"62","id":"2"},"77":{"one":"76","id":"77","type":"action","text":"visuals.ears = undefined","two":""},"85":{"flag1":1,"id":"85","type":"question","text":"scroll.elType === \"hscroll\"","one":"86","two":"87"},"73":{"one":"74","id":"73","type":"action","text":"selected = getSelectedFree(widget)","two":""}},"type":"drakon","keywords":{"scenario":false,"async":false,"export":false,"function":true,"algoprop":false},"updated_by":"stipan","created_by":"stipan","name":"chooseDragTarget","language":"LANG_S42"}