{"keywords":{"scenario":false,"async":false,"export":false,"function":true,"algoprop":false},"tag":"972205525","params":"visuals\nnode\nctx","when_created":1673585870.5987,"parent_id":"4ee6bb37","props":[],"language":"LANG_S42","items":{"2":{"type":"branch","branchId":0,"one":"5","id":"2"},"4":{"one":"1","id":"4","type":"action","two":"","text":"centerContent(visuals, node, ctx)"},"1":{"type":"end","id":"1"},"5":{"one":"4","id":"5","type":"action","two":"","text":"renderDrakonIconShapeComplex(\n    ctx,\n    visuals,\n    node,\n    roundedRect,\n    15\n)"}},"version":20180619,"updated_by":"stipan","type":"drakon","when_updated":1676206867.3308,"name":"renderMindImage","created_by":"stipan"}