{"version":20180619,"tag":"502580611","params":"widget\ntoDelete\nedits","when_created":1690206736.1286,"parent_id":"c7c5feee","props":[],"created_by":"stipan","items":{"4":{"type":"action","text":"zets = {}","one":"6","id":"4"},"8":{"branchId":3,"one":"1","id":"8","type":"branch","text":"Exit"},"1":{"type":"end","id":"1"},"5":{"type":"loopend","id":"5","one":"9","text":""},"9":{"branchId":2,"one":"12","id":"9","type":"branch","text":"Convert zets to edits"},"6":{"type":"loopbegin","text":"id, _; toDelete","one":"7","id":"6"},"11":{"type":"loopend","id":"11","one":"8","text":""},"12":{"type":"loopbegin","id":"12","one":"14","text":"id, zet; zets"},"3":{"type":"action","text":"free = widget.visuals.free.map(\n    function (element) {\n        return {\n            id: element.id,\n            zIndex: element.zIndex\n        }\n    }\n)","one":"4","id":"3"},"7":{"type":"action","text":"rearrangeZ(free, id, zets)","one":"5","id":"7"},"2":{"branchId":1,"one":"3","id":"2","type":"branch","text":"Pull elements out one by one"},"13":{"one":"11","id":"13","type":"action","two":"","text":"updateItem(edits, id, {zIndex: zet})"},"14":{"flag1":0,"id":"14","type":"question","text":"id in toDelete","one":"13","two":"11"}},"keywords":{"scenario":false,"async":false,"export":false,"function":true,"algoprop":false},"when_updated":1690623885.7425,"updated_by":"stipan","type":"drakon","name":"rearrangeZOnDelete","language":"LANG_S42"}