{"version":20180619,"tag":"365030870","params":"widget","when_created":1687411357.7813,"parent_id":"f4e542f6","props":[],"language":"LANG_S42","items":{"2":{"type":"branch","branchId":0,"one":"5","id":"2"},"1":{"type":"end","id":"1"},"5":{"one":"1","id":"5","type":"action","two":"","text":"widget.visuals.config.onZoomChanged(\n    widget.zoom\n)"}},"updated_by":"stipan","keywords":{"scenario":false,"async":false,"export":false,"function":true,"algoprop":false},"type":"drakon","created_by":"stipan","name":"onTouchZoomEnd","when_updated":1687411410.7469}