{"keywords":{"scenario":false,"async":false,"export":false,"function":true,"algoprop":false},"tag":"956131580","params":"dst\nsrc\nfields","when_created":1667726717.9283,"parent_id":"34e4d875","props":[],"created_by":"stipan","items":{"4":{"type":"loopend","text":"","one":"1","id":"4"},"8":{"flag1":1,"id":"8","type":"question","text":"utils.hasValue(value)","one":"6","two":"4"},"1":{"type":"end","id":"1"},"5":{"type":"loopbegin","text":"field; fields","one":"7","id":"5"},"2":{"type":"branch","branchId":0,"one":"5","id":"2"},"6":{"type":"action","text":"dst[field] = value","one":"4","id":"6"},"7":{"type":"action","text":"value = src[field]","one":"8","id":"7"}},"updated_by":"stipan","version":20180619,"type":"drakon","language":"LANG_S42","name":"copyFieldsWithValue","when_updated":1675146231.1278}