{"version":20180619,"tag":"240115959","params":"config\nnode","when_created":1673338712.4076,"parent_id":"b3d6c272","props":[],"language":"LANG_S42","items":{"4":{"flag1":1,"id":"4","type":"question","text":"node.parent","one":"6","two":"5"},"10":{"branchId":3,"one":"20","id":"10","type":"branch","text":"Adjust box"},"21":{"type":"action","text":"child.subtreeBox.left = left\nchild.subtreeBox.top = top","one":"22","id":"21"},"22":{"type":"action","text":"top += (\n    child.subtreeBox.height + config.metre\n)","one":"13","id":"22"},"11":{"branchId":2,"one":"17","id":"11","type":"branch","text":"Go through children"},"7":{"type":"action","id":"7","one":"11","text":"top = node.h * 2 + config.metre"},"18":{"type":"action","text":"node.subtreeBox.width = right","one":"19","id":"18"},"13":{"one":"10","id":"13","type":"loopend","two":"","text":""},"14":{"one":"15","id":"14","type":"loopbegin","text":"child; node.children","two":""},"19":{"type":"action","id":"19","one":"1","text":"node.subtreeBox.height = top - config.metre"},"6":{"type":"action","text":"left = config.metre * 2","one":"7","id":"6"},"1":{"type":"end","id":"1"},"17":{"type":"action","id":"17","one":"14","text":"right = node.subtreeBox.width"},"2":{"branchId":1,"one":"4","id":"2","type":"branch","text":"Start pos"},"5":{"type":"action","text":"left = 0","one":"7","id":"5"},"15":{"type":"action","id":"15","one":"21","text":"right = Math.max(\n    right,\n    left + child.subtreeBox.width\n)"},"20":{"type":"action","id":"20","one":"18","text":"node.x = node.w\nnode.y = node.h"}},"keywords":{"scenario":false,"async":false,"export":false,"function":true,"algoprop":false},"type":"drakon","updated_by":"stipan","when_updated":1673339792.6465,"name":"calculateTvSubtree","created_by":"stipan"}