{"keywords":{"scenario":false,"async":false,"export":false,"function":true,"algoprop":false},"tag":"673603956","params":"socket","when_created":1662483316.3825,"parent_id":"41f1c7b9","props":[],"when_updated":1675145396.3914,"items":{"4":{"type":"action","text":"socket.target = edge.finalTarget.itemId","one":"5","id":"4"},"1":{"type":"end","id":"1"},"5":{"type":"action","text":"utils.addRange(edge.links, socket.links)","one":"1","id":"5"},"2":{"type":"branch","branchId":0,"one":"3","id":"2"},"3":{"type":"action","text":"edge = socket.edge","one":"4","id":"3"}},"updated_by":"stipan","version":20180619,"type":"drakon","language":"LANG_S42","name":"copyEdgeLinks","created_by":"stipan"}