{"version":20180619,"tag":"655748961","params":"widget\ncontext\nsrc\nnode","when_created":1658479521.1016,"parent_id":"35f7b123","props":[],"language":"LANG_S42","items":{"4":{"flag1":1,"id":"4","type":"question","text":"node.type === \"end\"","one":"1","two":"5"},"10":{"type":"action","text":"nodeInfo.remaining--","one":"11","id":"10"},"5":{"flag1":1,"id":"5","type":"question","two":"6","one":"1","text":"node.type === \"address\""},"11":{"flag1":0,"id":"11","type":"question","text":"nodeInfo.remaining === 0","one":"1","two":"12"},"12":{"type":"action","text":"joins = prev - 1\ncontext.paths -= joins","one":"13","id":"12"},"7":{"flag1":0,"id":"7","type":"question","text":"isBackLink(src, node)","one":"8","two":"16"},"18":{"type":"action","text":"context.paths -= aprev","one":"19","id":"18"},"13":{"flag1":1,"id":"13","type":"question","two":"14","one":"1","text":"clusterComplete(context)"},"14":{"type":"action","id":"14","one":"1","text":"selectClusterStepNext(\n    widget,\n    context,\n    nodeInfo\n)"},"8":{"type":"action","text":"prev = nodeInfo.node.prev.length","one":"9","id":"8"},"1":{"type":"end","id":"1"},"9":{"flag1":0,"id":"9","type":"question","two":"14","one":"10","text":"prev === 1"},"6":{"type":"action","text":"nodeInfo = getNodeInfo(context, node)","one":"7","id":"6"},"16":{"type":"action","id":"16","one":"15","text":"aprev = nodeInfo.node.aprev.length"},"17":{"flag1":0,"id":"17","type":"question","text":"nodeInfo.aremaining === 0","one":"1","two":"18"},"2":{"type":"branch","branchId":0,"one":"4","id":"2"},"19":{"type":"action","id":"19","one":"1","text":"selectClusterStepBack(\n    widget,\n    context,\n    nodeInfo\n)"},"15":{"type":"action","text":"nodeInfo.aremaining--","one":"17","id":"15"}},"updated_by":"stipan","keywords":{"scenario":false,"async":false,"export":false,"function":true,"algoprop":false},"type":"drakon","when_updated":1665853606.2046,"name":"selectClusterStep","created_by":"stipan"}