{"keywords":{"scenario":false,"async":false,"export":false,"function":true,"algoprop":false},"tag":"77454680","params":"crawler\nbottom","when_created":1663866033.1705,"parent_id":"8e739cfd","props":[],"language":"LANG_S42","items":{"8":{"type":"action","id":"8","one":"9","text":"floor.finalTarget = bottom.up.finalTarget"},"3":{"type":"action","id":"3","one":"6","text":"sub = crawler.sub"},"9":{"type":"action","text":"floor.inner = sub","one":"10","id":"9"},"2":{"type":"branch","branchId":0,"one":"3","id":"2"},"6":{"type":"action","id":"6","one":"8","text":"floor = bottom.right"},"10":{"type":"action","text":"addEdgeSubRecord(sub.inner, floor)","one":"1","id":"10"},"1":{"type":"end","id":"1"}},"type":"drakon","version":20180619,"updated_by":"stipan","created_by":"stipan","name":"markParFloor","when_updated":1666555861.8942}