{"keywords":{"scenario":false,"async":false,"export":false,"function":true,"algoprop":false},"tag":"124274354","params":"select","when_created":1664376794.6364,"parent_id":"a07682cb","props":[],"language":"LANG_S42","items":{"2":{"type":"branch","branchId":0,"one":"3","id":"2"},"1":{"type":"end","id":"1"},"3":{"type":"action","id":"3","one":"1","text":"return select.cases[0]"}},"version":20180619,"updated_by":"stipan","type":"drakon","created_by":"stipan","name":"firstCase","when_updated":1664376830.3526}