{"keywords":{"scenario":false,"async":false,"export":false,"function":true,"algoprop":false},"tag":"490412423","params":"visuals\nstack\nfirstPar","when_created":1657621047.498,"parent_id":"82d2ccaf","props":[],"created_by":"stipan","items":{"40":{"type":"action","text":"planStep(stack, path, down)","one":"38","id":"40"},"31":{"type":"action","text":"edge.role = \"parceiling\"","one":"32","id":"31"},"41":{"type":"action","text":"path = firstPar.paths[i]\ndown = path.next[0]","one":"40","id":"41"},"38":{"type":"loopend","id":"38","one":"33","text":""},"32":{"type":"action","id":"32","one":"28","text":"left = right"},"28":{"flag1":0,"id":"28","type":"question","text":"left.two","one":"34","two":"30"},"39":{"type":"loopbegin","id":"39","one":"41","text":"i = firstPar.paths.length - 1; i >= 0; i--"},"34":{"branchId":2,"one":"39","id":"34","type":"branch","text":"Branch2"},"1":{"type":"end","id":"1"},"35":{"type":"action","text":"firstPar.paths = [firstPar]","one":"26","id":"35"},"25":{"type":"action","id":"25","one":"31","text":"edge = createEdge(\n    visuals,\n    left,\n    right,\n    false\n)"},"2":{"branchId":1,"one":"35","id":"2","type":"branch","text":"Branch1"},"26":{"type":"action","text":"left = firstPar","one":"30","id":"26"},"36":{"type":"action","text":"firstPar.paths.push(right)","one":"25","id":"36"},"30":{"type":"arrow-loop","one":"27","id":"30"},"27":{"type":"action","text":"right = left.next[1]","one":"36","id":"27"},"33":{"branchId":3,"one":"1","id":"33","type":"branch","text":"Exit"}},"updated_by":"stipan","version":20180619,"type":"drakon","language":"LANG_S42","name":"layoutParBlock","when_updated":1666510203.2806}