{"keywords":{"scenario":false,"async":false,"export":false,"function":true,"algoprop":false},"tag":"7716828","params":"ctx\nline\nleft\ntop","when_created":1667561808.3574,"parent_id":"99e62b4e","props":[],"language":"LANG_S42","items":{"4":{"type":"loopend","id":"4","one":"1","text":""},"8":{"type":"action","text":"ctx.font = token.font","one":"9","id":"8"},"1":{"type":"end","id":"1"},"5":{"type":"loopbegin","id":"5","one":"11","text":"token; line.tokens"},"9":{"type":"action","text":"ctx.fillText(token.text, x, baseLine)","one":"10","id":"9"},"6":{"type":"action","id":"6","one":"7","text":"baseLine = top + line.baseLine + 1"},"11":{"flag1":0,"id":"11","type":"question","text":"token.type === \"space\"","one":"8","two":"10"},"7":{"type":"action","id":"7","one":"5","text":"x = left + line.left"},"2":{"type":"branch","branchId":0,"one":"6","id":"2"},"10":{"type":"action","id":"10","one":"4","text":"x += token.width"}},"type":"drakon","version":20180619,"updated_by":"stipan","when_updated":1697115701.9069,"name":"renderFlowBlockLine","created_by":"stipan"}