{"version":20180619,"tag":"","when_created":1672852770.1239,"parent_id":"224ea0c9","props":[],"items":{"2":{"type":"branch","branchId":0,"one":"7","id":"2"},"8":{"one":"1","id":"8","type":"action","two":"","text":"updateAndKeepSelection(\n    self.widget,\n    [change]\n)"},"1":{"type":"end","id":"1"},"7":{"one":"8","id":"7","type":"action","text":"change = {\n    id: self.element.id,\n    fields: {aux: self.element.aux},\n    op: \"update\"\n}","two":""}},"language":"LANG_S42","when_updated":1672852770.1239,"updated_by":"stipan","type":"drakon","name":"complete","created_by":"stipan"}