{"version":20180619,"tag":"712590297","params":"widget\npos","when_created":1690626580.1731,"parent_id":"c7c5feee","props":[],"language":"LANG_S42","items":{"37":{"one":"36","id":"37","type":"action","text":"visuals = widget.visuals","two":""},"31":{"one":"32","id":"31","type":"action","text":"element = free[i]","two":""},"21":{"one":"19","id":"21","type":"action","text":"return undefined","two":""},"22":{"one":"21","id":"22","type":"loopend","text":"","two":""},"32":{"flag1":0,"id":"32","type":"question","two":"33","one":"30","text":"element.zIndex < 0"},"23":{"one":"26","id":"23","type":"loopbegin","two":"","text":"i = start; i >= 0; i--"},"33":{"type":"action","id":"33","one":"20","text":"start = i"},"29":{"one":"31","id":"29","type":"loopbegin","two":"","text":"i = free.length - 1; i >= 0; i--"},"34":{"one":"19","id":"34","type":"action","text":"return undefined","two":""},"19":{"branchId":4,"one":"1","id":"19","type":"branch","text":"Exit"},"24":{"one":"19","id":"24","type":"action","text":"return found","two":""},"38":{"one":"2","id":"38","type":"action","text":"visited = {}","two":""},"35":{"branchId":1,"one":"37","id":"35","type":"branch","text":"Init"},"25":{"flag1":0,"id":"25","type":"question","two":"24","one":"22","text":"found"},"36":{"one":"38","id":"36","type":"action","text":"free = visuals.free","two":""},"1":{"type":"end","id":"1"},"26":{"one":"27","id":"26","type":"action","two":"","text":"element = free[i]"},"30":{"one":"34","id":"30","type":"loopend","text":"","two":""},"2":{"branchId":2,"one":"29","id":"2","type":"branch","text":"Find back plane"},"27":{"one":"25","id":"27","type":"action","text":"found = hitFreeOrConnection(\n    widget,\n    element,\n    pos,\n    visited\n)","two":""},"20":{"branchId":3,"one":"23","id":"20","type":"branch","text":"Scan back plane"}},"keywords":{"scenario":false,"async":false,"export":false,"function":true,"algoprop":false},"updated_by":"stipan","type":"drakon","when_updated":1690627226.635,"name":"findFreeBack","created_by":"stipan"}