{"version":20180619,"tag":"874172988","params":"visuals\nelement\nctx","when_created":1673112772.6675,"parent_id":"f298c153","props":[],"language":"LANG_S42","items":{"28":{"type":"action","text":"renderFreeIconShape(\n    ctx,\n    visuals,\n    element,\n    buildRectCoords,\n    undefined\n)","one":"24","id":"28"},"1":{"type":"end","id":"1"},"33":{"type":"action","id":"33","one":"28","text":"w = element.width \/ 2\nh = element.height \/ 2\nx = element.left + w\ny = element.top + h"},"2":{"type":"branch","branchId":0,"one":"32","id":"2"},"24":{"one":"30","id":"24","type":"action","two":"","text":"clearShadow(ctx)"},"30":{"type":"action","text":"ctx.fillStyle = ctx.strokeStyle\npadding = h \/ 4\ny0 = y - h + padding\ny1 = y + h - padding\nx0 = x - w + padding\nx1 = x - w + h * 1.5\nx2 = x + w - h * 1.5\nx3 = x + w - padding\nctx.beginPath();\nctx.moveTo(x0, y)\nctx.lineTo(x1, y0)\nctx.lineTo(x1, y1)\nctx.closePath()\nctx.fill()\nctx.beginPath();\nctx.moveTo(x2, y0)\nctx.lineTo(x3, y)\nctx.lineTo(x2, y1)\nctx.closePath()\nctx.fill()","one":"1","id":"30"},"32":{"type":"action","text":"config = visuals.config","one":"33","id":"32"}},"updated_by":"stipan","keywords":{"scenario":false,"async":false,"export":false,"function":true,"algoprop":false},"type":"drakon","when_updated":1673113328.3104,"name":"renderHScroll","created_by":"stipan"}