{"keywords":{"scenario":false,"async":false,"export":false,"function":true,"algoprop":false},"tag":"565228436","params":"edge","when_created":1673009154.4402,"parent_id":"41f1c7b9","props":[],"created_by":"stipan","items":{"2":{"type":"branch","branchId":0,"one":"3","id":"2"},"1":{"type":"end","id":"1"},"3":{"type":"action","id":"3","one":"1","text":"return edge.head.y + edge.head.h"}},"version":20180619,"type":"drakon","updated_by":"stipan","when_updated":1673009185.386,"name":"getVerticalStartPos","language":"LANG_S42"}