{"version":20180619,"tag":"92227131","params":"widget\nsocket","when_created":1663150022.264,"parent_id":"f7515898","props":[],"language":"LANG_S42","items":{"4":{"one":"14","id":"4","type":"case","two":"8","text":"\"arrow\""},"5":{"one":"13","id":"5","type":"case","text":"\"paste\"","two":"4"},"11":{"type":"action","text":"edits = action(widget, socket)","one":"20","id":"11"},"7":{"type":"select","id":"7","one":"6","text":"socket.op"},"18":{"type":"action","text":"await loadCreatedImages(\n    widget,\n    edits,\n    images\n)","one":"17","id":"18"},"13":{"type":"action","id":"13","one":"18","text":"edits = pasteInSocket(\n    widget,\n    socket,\n    images\n)"},"14":{"type":"action","text":"edits = clickArrowSocket(widget, socket)","one":"18","id":"14"},"8":{"one":"15","id":"8","type":"case","two":"9","text":"\"liana\""},"19":{"type":"action","id":"19","one":"7","text":"images = {}"},"9":{"one":"1","id":"9","type":"case","text":"\"params\"","two":null},"15":{"type":"action","text":"edits = clickLianaSocket(widget, socket)","one":"18","id":"15"},"3":{"type":"action","text":"action = widget.insertActions[\n    socket.type\n]","one":"11","id":"3"},"17":{"one":"1","id":"17","type":"action","two":"","text":"return doEdit(widget, edits)"},"2":{"type":"branch","branchId":0,"one":"19","id":"2"},"1":{"type":"end","id":"1"},"6":{"one":"3","id":"6","type":"case","two":"5","text":"\"insert\""},"20":{"type":"action","text":"insertImageDataItem(\n    socket.imageData,\n    edits,\n    images\n)","one":"18","id":"20"}},"type":"drakon","when_updated":1676213471.8177,"updated_by":"stipan","keywords":{"scenario":false,"async":true,"export":false,"function":true,"algoprop":false},"name":"runInsertAction","created_by":"stipan"}