{"keywords":{"scenario":false,"async":false,"export":true,"function":true,"algoprop":false},"tag":"16751465834757","params":"array","when_created":1657541456.2736,"parent_id":"73128943","props":[],"when_updated":1675146583.476,"items":{"4":{"flag1":0,"id":"4","type":"question","text":"length === 0","one":"6","two":"5"},"1":{"type":"end","id":"1"},"5":{"type":"action","text":"return undefined","one":"1","id":"5"},"2":{"type":"branch","branchId":0,"one":"7","id":"2"},"6":{"type":"action","id":"6","one":"1","text":"return array[length - 1]"},"7":{"type":"action","id":"7","one":"4","text":"length = array.length"}},"version":20180619,"type":"drakon","updated_by":"stipan","created_by":"stipan","name":"last","language":"LANG_S42"}