{"version":20180619,"tag":"777724040","params":"widget\nedge\ntype","when_created":1673025541.9994,"parent_id":"e674bf58","props":[],"language":"LANG_S42","items":{"8":{"one":"9","id":"8","type":"action","two":"","text":"action = widget.insertActions[type]"},"1":{"type":"end","id":"1"},"5":{"type":"action","text":"socket = {edge: edge, links: []}","one":"6","id":"5"},"2":{"type":"branch","branchId":0,"one":"5","id":"2"},"6":{"type":"action","id":"6","one":"8","text":"copyEdgeLinks(socket)"},"9":{"one":"7","id":"9","type":"action","text":"edits = action(widget, socket)","two":""},"7":{"one":"1","id":"7","type":"action","two":"","text":"return doEdit(widget, edits)"}},"keywords":{"scenario":false,"async":false,"export":false,"function":true,"algoprop":false},"type":"drakon","updated_by":"stipan","when_updated":1673025674.9873,"name":"insertIntoEdge","created_by":"stipan"}