{"keywords":{"scenario":false,"async":false,"export":false,"function":true,"algoprop":false},"tag":"644805241","params":"sub\nedge","when_created":1664017016.146,"parent_id":"8e739cfd","props":[],"created_by":"stipan","items":{"2":{"type":"branch","branchId":0,"one":"3","id":"2"},"1":{"type":"end","id":"1"},"3":{"type":"action","id":"3","one":"1","text":"addEdgeSubRecord(sub.inner, edge)"}},"updated_by":"stipan","version":20180619,"type":"drakon","language":"LANG_S42","name":"addInnerEdgeToSub","when_updated":1664017037.664}