{"version":20180619,"tag":"934205244","params":"ctx\nleft\ntop\nwidth\nheight\naux","when_created":1673160832.0861,"parent_id":"a95f8752","props":[],"language":"LANG_S42","items":{"4":{"flag1":1,"id":"4","type":"question","text":"aux","one":"3","two":"10"},"8":{"type":"action","id":"8","one":"9","text":"ctx.arc(\n    right - aux,\n    top + aux,\n    aux,\n    Math.PI * 1.5,\n    Math.PI * 2\n)"},"10":{"type":"action","id":"10","one":"1","text":"ctx.moveTo(left, bottom)\nctx.lineTo(left, top)\nctx.lineTo(right, top)\nctx.lineTo(right, bottom)"},"5":{"type":"action","id":"5","one":"4","text":"ctx.beginPath()"},"9":{"type":"action","text":"ctx.arc(\n    right + aux,\n    bottom - aux,\n    aux,\n    Math.PI * 1.0,\n    Math.PI * 0.5,\n    true\n)","one":"1","id":"9"},"6":{"type":"action","id":"6","one":"5","text":"right = left + width\nbottom = top + height"},"3":{"type":"action","text":"ctx.arc(\n    left - aux,\n    bottom - aux,\n    aux,\n    Math.PI * 0.5,\n    Math.PI * 0.0,\n    true\n)","one":"7","id":"3"},"7":{"type":"action","id":"7","one":"8","text":"ctx.arc(\n    left + aux,\n    top + aux,\n    aux,\n    Math.PI * 1.0,\n    Math.PI * 1.5\n)"},"2":{"type":"branch","branchId":0,"one":"6","id":"2"},"1":{"type":"end","id":"1"}},"updated_by":"stipan","keywords":{"scenario":false,"async":false,"export":false,"function":true,"algoprop":false},"type":"drakon","when_updated":1673161164.6044,"name":"buildTabPath","created_by":"stipan"}