{"version":20180619,"tag":"478032183","params":"model","when_created":1663150916.7325,"parent_id":"f7515898","props":[],"when_updated":1663151040.0176,"items":{"4":{"type":"action","text":"model.nextId++","one":"5","id":"4"},"1":{"type":"end","id":"1"},"5":{"type":"action","id":"5","one":"1","text":"return id"},"2":{"type":"branch","branchId":0,"one":"3","id":"2"},"3":{"type":"action","text":"id = model.nextId.toString()","one":"4","id":"3"}},"type":"drakon","keywords":{"scenario":false,"async":false,"export":false,"function":true,"algoprop":false},"updated_by":"stipan","language":"LANG_S42","name":"getNextStorageId","created_by":"stipan"}