{"version":20180619,"tag":"618796256","params":"widget\nprim\nnode","when_created":1673342455.985,"parent_id":"b3d6c272","props":[],"created_by":"stipan","items":{"70":{"one":"71","id":"70","type":"action","text":"pushMenuItem(\n    \"layout_hor\",\n    menu,\n    tr(widget, \"Horizontal layout\"),\n    widget.visuals.config.imagePath + \"layout_hor.png\",\n    function () {\n        changeLayout(\n            widget,\n            prim,\n            \"horizontal\"\n        )\n    }\n)","two":""},"31":{"one":"2","id":"31","type":"action","two":"","text":"menu.push({type: \"separator\"})"},"21":{"type":"action","text":"pushMenuItem(\n    \"rename\",\n    menu,\n    tr(widget, \"Rename\"),\n    undefined,\n    function () {\n        startEditContent(widget, prim)\n    }\n)","one":"45","id":"21"},"80":{"one":"72","id":"80","type":"action","two":"","text":"menu.push({type: \"separator\"})"},"71":{"branchId":4,"one":"75","id":"71","type":"branch","text":"Transform"},"32":{"type":"action","id":"32","one":"43","text":"pushMenuItem(\n    \"copy_one\",\n    menu,\n    tr(widget, \"Copy\"),\n    undefined,\n    function () {\n        copy(widget)\n    }\n)"},"81":{"flag1":1,"id":"81","type":"question","two":"49","one":"82","text":"prim.type === \"graf-image\""},"62":{"one":"67","id":"62","type":"case","text":"\"vertical\"","two":"61"},"72":{"flag1":1,"id":"72","type":"question","two":"74","one":"76","text":"node.type === \"idea\""},"33":{"flag1":1,"id":"33","type":"question","two":"31","one":"34","text":"canDelete(widget.visuals, node)"},"63":{"one":"65","id":"63","type":"case","text":"\"horizontal\"","two":"62"},"43":{"flag1":0,"id":"43","type":"question","two":"31","one":"33","text":"isReadonly(widget)"},"64":{"type":"select","id":"64","one":"63","text":"getTType(prim)"},"34":{"type":"action","text":"pushMenuItem(\n    \"cut_one\",\n    menu,\n    tr(widget, \"Cut\"),\n    undefined,\n    function () {\n        cut(widget)\n    }\n)","one":"31","id":"34"},"45":{"flag1":0,"id":"45","type":"question","text":"isReadonly(widget)","one":"59","two":"8"},"75":{"flag1":0,"id":"75","type":"question","text":"node.type === \"header\"","one":"80","two":"16"},"24":{"flag1":1,"id":"24","type":"question","two":"45","one":"46","text":"canEditNodeText(widget, prim)"},"15":{"type":"action","id":"15","one":"1","text":"return menu"},"16":{"branchId":5,"one":"17","id":"16","type":"branch","text":"Delete"},"66":{"one":"71","id":"66","type":"action","two":"","text":"pushMenuItem(\n    \"layout_ver\",\n    menu,\n    tr(widget, \"Vertical layout\"),\n    widget.visuals.config.imagePath + \"layout_ver.png\",\n    function () {\n        changeLayout(\n            widget,\n            prim,\n            \"vertical\"\n        )\n    }\n)"},"25":{"one":"81","id":"25","type":"action","two":"","text":"pushMenuItem(\n    \"edit_content\",\n    menu,\n    tr(widget, \"Edit content\"),\n    undefined,\n    function () {\n        startEditContent(widget, prim)\n    }\n)"},"46":{"flag1":1,"id":"46","type":"question","text":"canEditSecondary(prim)","one":"47","two":"25"},"67":{"one":"68","id":"67","type":"action","text":"pushMenuItem(\n    \"layout_tree\",\n    menu,\n    tr(widget, \"Tree-like layout\"),\n    widget.visuals.config.imagePath + \"layout_tree.png\",\n    function () {\n        changeLayout(\n            widget,\n            prim,\n            \"treeview\"\n        )\n    }\n)","two":""},"17":{"flag1":1,"id":"17","type":"question","two":"56","one":"19","text":"canDelete(widget.visuals, node)"},"47":{"one":"25","id":"47","type":"action","two":"","text":"pushMenuItem(\n    \"edit_secondary\",\n    menu,\n    tr(widget, \"Edit upper text\"),\n    undefined,\n    function () {\n        startEditSecondary(widget, prim)\n    }\n)"},"77":{"one":"78","id":"77","type":"action","text":"pushMenuItem(\n    \"transform\",\n    menu,\n    \"> \" + tr(widget, \"Idea - rounded\"),\n    widget.visuals.config.imagePath + \"rounded.png\",\n    function () {\n        transformMind(\n            widget,\n            node,\n            \"ridea\"\n        )\n    }\n)","two":""},"27":{"branchId":1,"one":"28","id":"27","type":"branch","text":"Copy\/Cut"},"58":{"one":"8","id":"58","type":"action","two":"","text":"pushMenuItem(\n    \"format\",\n    menu,\n    tr(widget, \"Format\"),\n    undefined,\n    function () {\n        startEditStyle(widget)\n    }\n)"},"56":{"flag1":1,"id":"56","type":"question","text":"canEditStyle(node)","one":"57","two":"8"},"59":{"branchId":3,"one":"60","id":"59","type":"branch","text":"Layout"},"57":{"one":"58","id":"57","type":"action","text":"menu.push({type: \"separator\"})","two":""},"28":{"type":"action","id":"28","one":"32","text":"menu = []"},"78":{"flag1":1,"id":"78","type":"question","text":"node.type === \"conclusion\"","one":"16","two":"79"},"48":{"one":"45","id":"48","type":"action","two":"","text":"pushMenuItem(\n    \"edit_link\",\n    menu,\n    tr(widget, \"Edit link\"),\n    undefined,\n    function () {\n        startEditLink(widget, prim)\n    }\n)"},"18":{"type":"action","text":"pushMenuItem(\n    \"delete_one\",\n    menu,\n    tr(widget, \"Delete\"),\n    widget.visuals.config.imagePath + \"delete.png\",\n    function () {\n        deleteOne(widget, node)\n    }\n)","one":"56","id":"18"},"68":{"one":"71","id":"68","type":"action","text":"pushMenuItem(\n    \"layout_hor\",\n    menu,\n    tr(widget, \"Horizontal layout\"),\n    widget.visuals.config.imagePath + \"layout_hor.png\",\n    function () {\n        changeLayout(\n            widget,\n            prim,\n            \"horizontal\"\n        )\n    }\n)","two":""},"49":{"one":"48","id":"49","type":"action","two":"","text":"menu.push({type: \"separator\"})"},"79":{"one":"16","id":"79","type":"action","two":"","text":"pushMenuItem(\n    \"transform\",\n    menu,\n    \"> \" + tr(widget, \"Conclusion\"),\n    widget.visuals.config.imagePath + \"comment.png\",\n    function () {\n        transformMind(\n            widget,\n            node,\n            \"conclusion\"\n        )\n    }\n)"},"69":{"one":"70","id":"69","type":"action","text":"pushMenuItem(\n    \"layout_ver\",\n    menu,\n    tr(widget, \"Vertical layout\"),\n    widget.visuals.config.imagePath + \"layout_ver.png\",\n    function () {\n        changeLayout(\n            widget,\n            prim,\n            \"vertical\"\n        )\n    }\n)","two":""},"19":{"one":"18","id":"19","type":"action","two":"","text":"menu.push({type: \"separator\"})"},"83":{"one":"49","id":"83","type":"action","two":"","text":"pushMenuItem(\n    \"change_image\",\n    menu,\n    tr(widget, \"Change image\"),\n    undefined,\n    function () {\n        startChangeImage(widget, prim)\n    }\n)"},"82":{"flag1":0,"id":"82","type":"question","text":"isReadonly(widget)","one":"83","two":"49"},"8":{"branchId":6,"one":"15","id":"8","type":"branch","text":"Exit"},"76":{"flag1":1,"id":"76","type":"question","two":"77","one":"78","text":"node.type === \"ridea\""},"74":{"type":"action","id":"74","one":"76","text":"pushMenuItem(\n    \"transform\",\n    menu,\n    \"> \" + tr(widget, \"Idea\"),\n    widget.visuals.config.imagePath + \"action.png\",\n    function () {\n        transformMind(\n            widget,\n            node,\n            \"idea\"\n        )\n    }\n)"},"65":{"one":"66","id":"65","type":"action","two":"","text":"pushMenuItem(\n    \"layout_tree\",\n    menu,\n    tr(widget, \"Tree-like layout\"),\n    widget.visuals.config.imagePath + \"layout_tree.png\",\n    function () {\n        changeLayout(\n            widget,\n            prim,\n            \"treeview\"\n        )\n    }\n)"},"60":{"one":"64","id":"60","type":"action","text":"menu.push({type: \"separator\"})","two":""},"2":{"branchId":2,"one":"20","id":"2","type":"branch","text":"Edit content"},"1":{"type":"end","id":"1"},"61":{"type":"case","text":"\"treeview\"","one":"69","id":"61"},"20":{"flag1":1,"id":"20","type":"question","text":"prim.type === \"header\"","one":"21","two":"24"}},"keywords":{"scenario":false,"async":false,"export":false,"function":true,"algoprop":false},"updated_by":"stipan","type":"drakon","language":"LANG_S42","name":"buildMenuByTypeMind","when_updated":1676223164.6266}