{"version":20180619,"tag":"456441398","params":"ctx\ncoords\ncolor\nwidth","when_created":1672723733.7507,"parent_id":"befd80d4","props":[],"language":"LANG_S42","items":{"10":{"type":"action","id":"10","one":"7","text":"first = coords[0]"},"21":{"type":"action","id":"21","one":"11","text":"ctx.lineTo(x, y)"},"11":{"type":"loopend","id":"11","one":"5","text":""},"12":{"type":"loopbegin","text":"i = 1; i < coords.length; i++","one":"13","id":"12"},"7":{"flag1":1,"id":"7","type":"question","two":"8","one":"17","text":"width % 2 === 0"},"18":{"flag1":1,"id":"18","type":"question","two":"19","one":"20","text":"width % 2 === 0"},"13":{"type":"action","id":"13","one":"18","text":"point = coords[i]"},"8":{"type":"action","id":"8","one":"16","text":"x = first.x + 0.5\ny = first.y + 0.5"},"1":{"type":"end","id":"1"},"9":{"type":"action","id":"9","one":"10","text":"ctx.beginPath()"},"16":{"type":"action","id":"16","one":"12","text":"ctx.moveTo(x, y)"},"3":{"type":"action","text":"ctx.strokeStyle = color\nctx.lineWidth = width","one":"9","id":"3"},"17":{"type":"action","id":"17","one":"16","text":"x = first.x\ny = first.y"},"2":{"branchId":0,"one":"3","id":"2","type":"branch","text":""},"5":{"type":"action","text":"ctx.stroke()","one":"1","id":"5"},"19":{"one":"21","id":"19","type":"action","two":"","text":"x = point.x + 0.5\ny = point.y + 0.5"},"20":{"one":"21","id":"20","type":"action","two":"","text":"x = point.x\ny = point.y"}},"keywords":{"scenario":false,"async":false,"export":false,"function":true,"algoprop":false},"type":"drakon","updated_by":"stipan","created_by":"stipan","name":"multilineSharp","when_updated":1672777145.1802}