{"keywords":{"scenario":false,"async":false,"export":false,"function":true,"algoprop":false},"tag":"732040231","params":"visuals\nelement","when_created":1673013675.4441,"parent_id":"6c6f2843","props":[],"items":{"8":{"flag1":0,"id":"8","type":"question","two":"9","one":"6","text":"visuals.highlight === element.id"},"1":{"type":"end","id":"1"},"5":{"one":"8","id":"5","type":"action","two":"","text":"config = visuals.config"},"2":{"type":"branch","branchId":0,"one":"5","id":"2"},"6":{"one":"7","id":"6","type":"action","two":"","text":"color = getThemeValue(\n    config,\n    element,\n    \"lines\"\n)"},"9":{"one":"7","id":"9","type":"action","two":"","text":"color = config.theme.highlight"},"7":{"one":"1","id":"7","type":"action","two":"","text":"return color"}},"when_updated":1673013860.1769,"version":20180619,"type":"drakon","updated_by":"stipan","name":"getLineColor","created_by":"stipan"}