{"keywords":{"scenario":false,"async":false,"export":false,"function":true,"algoprop":false},"tag":"335534698","params":"widget\nprim\npos","when_created":1666791845.6398,"parent_id":"b0881e64","props":[],"when_updated":1683818047.2608,"items":{"8":{"type":"action","id":"8","one":"1","text":"return true"},"1":{"type":"end","id":"1"},"5":{"flag1":1,"id":"5","type":"question","text":"h2","one":"9","two":"10"},"9":{"flag1":1,"id":"9","type":"question","text":"pos.y < prim.y - prim.h + h2","one":"8","two":"10"},"12":{"type":"action","id":"12","one":"5","text":"h2 = getSecondaryHeightCore(\n    widget.visuals,\n    node\n)"},"3":{"type":"action","id":"3","one":"7","text":"node = getNode(widget.visuals, prim.id)"},"7":{"flag1":1,"id":"7","type":"question","two":"10","one":"12","text":"canEditSecondary(node)"},"2":{"type":"branch","branchId":0,"one":"3","id":"2"},"10":{"type":"action","id":"10","one":"1","text":"return false"}},"updated_by":"stipan","version":20180619,"type":"drakon","language":"LANG_S42","name":"clickedOnTop","created_by":"stipan"}