{"keywords":{"scenario":false,"async":false,"export":false,"function":true,"algoprop":false},"tag":"595727081","params":"widget\nnodes","when_created":1673555231.1953,"parent_id":"b3d6c272","props":[],"created_by":"stipan","items":{"4":{"type":"loopend","id":"4","one":"7","text":""},"9":{"type":"action","id":"9","one":"11","text":"parents = {}"},"10":{"branchId":3,"one":"16","id":"10","type":"branch","text":"Shift down ordinal of siblings"},"21":{"flag1":1,"id":"21","type":"question","two":"20","one":"22","text":"child.ordinal != ordinal"},"8":{"type":"action","text":"ids[node.id] = true","one":"4","id":"8"},"5":{"type":"loopbegin","text":"node; nodes","one":"8","id":"5"},"22":{"type":"action","id":"22","one":"20","text":"updateItem(\n    edits,\n    child.id,\n    {ordinal: ordinal}\n)"},"32":{"type":"action","id":"32","one":"10","text":"throw new Error(\n    \"deleteMind: bad number of parents: \"\n    + pids.length\n)"},"11":{"type":"loopbegin","id":"11","one":"13","text":"node; nodes"},"23":{"type":"action","id":"23","one":"3","text":"edits = []"},"6":{"branchId":5,"one":"24","id":"6","type":"branch","text":"Exit"},"7":{"branchId":2,"one":"9","id":"7","type":"branch","text":"Find roots"},"18":{"type":"loopbegin","id":"18","one":"21","text":"child; children"},"29":{"type":"loopbegin","text":"node; nodes","one":"30","id":"29"},"13":{"flag1":1,"id":"13","type":"question","two":"14","one":"12","text":"node.parent.id in ids"},"14":{"type":"action","text":"parents[node.parent.id] = true","one":"12","id":"14"},"33":{"type":"action","id":"33","one":"31","text":"pids = Object.keys(parents)"},"34":{"type":"action","text":"decrementImageRefCount(\n    widget,\n    node.image\n)","one":"28","id":"34"},"1":{"type":"end","id":"1"},"31":{"flag1":1,"id":"31","type":"question","text":"pids.length === 1","one":"15","two":"32"},"24":{"type":"action","id":"24","one":"1","text":"return edits"},"15":{"type":"action","id":"15","one":"10","text":"parent = getNode(widget.visuals, pids[0])"},"16":{"type":"action","id":"16","one":"19","text":"children = parent.children.filter(\n    function (sibling) {\n        return !ids[sibling.id]\n    }\n)"},"30":{"type":"action","text":"deleteItemCore(edits, node.id)","one":"34","id":"30"},"25":{"branchId":4,"one":"29","id":"25","type":"branch","text":"Delete the items"},"28":{"type":"loopend","id":"28","one":"6","text":""},"3":{"type":"action","id":"3","one":"5","text":"ids = {}"},"17":{"type":"loopend","id":"17","one":"25","text":""},"2":{"branchId":1,"one":"23","id":"2","type":"branch","text":"Collect internal parents"},"19":{"type":"action","id":"19","one":"18","text":"ordinal = 0"},"12":{"type":"loopend","id":"12","one":"33","text":""},"20":{"type":"action","id":"20","one":"17","text":"ordinal++"}},"version":20180619,"type":"drakon","updated_by":"stipan","when_updated":1676214386.7835,"name":"deleteMind","language":"LANG_S42"}