{"keywords":{"scenario":false,"async":false,"export":false,"function":true,"algoprop":false},"tag":"666282145","params":"widget\nelement","when_created":1671429340.0896,"parent_id":"c7c5feee","props":[],"language":"LANG_S42","items":{"4":{"type":"action","id":"4","one":"1","text":"return elementType.canGuide()"},"1":{"type":"end","id":"1"},"5":{"flag1":1,"id":"5","type":"question","two":"6","one":"4","text":"elementType.canGuide"},"2":{"type":"branch","branchId":0,"one":"3","id":"2"},"6":{"type":"action","text":"return false","one":"1","id":"6"},"3":{"type":"action","id":"3","one":"5","text":"elementType = widget.freeIcons[\n    element.type\n]"}},"version":20180619,"updated_by":"stipan","type":"drakon","when_updated":1671455097.2646,"name":"canGuide","created_by":"stipan"}