{"version":20180619,"tag":"","params":"obj\nchanges","when_created":1661097657.1596,"parent_id":"1b1117a0","props":[],"language":"LANG_S42","items":{"37":{"type":"action","text":"diagram = obj.diagram","one":"40","id":"37"},"31":{"type":"action","id":"31","one":"26","text":"obj.currentUndo++"},"50":{"type":"action","id":"50","one":"49","text":"undo.changes.reverse()"},"23":{"branchId":2,"one":"24","id":"23","type":"branch","text":"Replace tail in undo buffer"},"18":{"type":"action","text":"return edit","one":"1","id":"18"},"29":{"type":"action","id":"29","one":"10","text":"obj.undo.push(edit)"},"49":{"type":"action","text":"edit = {undo: undo, redo: redo}","one":"23","id":"49"},"1":{"type":"end","id":"1"},"24":{"flag1":1,"id":"24","type":"question","two":"25","one":"30","text":"obj.currentUndo >= 0"},"47":{"type":"action","text":"addChangeToEdit(\n    diagram,\n    change,\n    undo,\n    redo\n)","one":"45","id":"47"},"10":{"branchId":3,"one":"18","id":"10","type":"branch","text":"Exit"},"25":{"type":"action","text":"obj.undo = []","one":"28","id":"25"},"46":{"type":"loopbegin","id":"46","one":"47","text":"change; changes"},"2":{"branchId":1,"one":"37","id":"2","type":"branch","text":"Create edit"},"26":{"type":"action","id":"26","one":"29","text":"obj.undo = obj.undo.slice(\n    0,\n    obj.currentUndo\n)"},"30":{"flag1":1,"id":"30","type":"question","two":"26","one":"31","text":"obj.currentUndo < obj.undo.length"},"28":{"type":"action","text":"obj.currentUndo = 0","one":"29","id":"28"},"40":{"type":"action","id":"40","one":"46","text":"undo = createEditStep(diagram.id)\nredo = createEditStep(diagram.id)"},"45":{"type":"loopend","text":"","one":"50","id":"45"}},"updated_by":"stipan","keywords":{"scenario":false,"async":false,"export":false,"function":true,"algoprop":false},"type":"drakon","created_by":"stipan","name":"createEdit","when_updated":1661097657.1596}