{"keywords":{"scenario":false,"async":false,"export":false,"function":true,"algoprop":false},"tag":"682545862","params":"diagram","when_created":1661097657.1466,"parent_id":"1b1117a0","props":[],"language":"LANG_S42","items":{"11":{"flag1":0,"id":"11","type":"question","two":"7","one":"13","text":"diagram.initial.length === 0"},"8":{"type":"action","id":"8","one":"1","text":"return step"},"1":{"type":"end","id":"1"},"7":{"type":"action","id":"7","one":"1","text":"return undefined"},"2":{"type":"branch","branchId":0,"one":"9","id":"2"},"9":{"flag1":1,"id":"9","type":"question","text":"diagram.initial","one":"11","two":"7"},"13":{"type":"action","id":"13","one":"14","text":"step = createEditStep(diagram.id)\nstep.changes = diagram.initial"},"14":{"type":"action","text":"diagram.initial = undefined","one":"8","id":"14"}},"type":"drakon","version":20180619,"updated_by":"stipan","when_updated":1661500765.9515,"name":"createInitialEdit","created_by":"stipan"}