{"keywords":{"scenario":false,"async":false,"export":false,"function":true,"algoprop":false},"tag":"800969738","params":"dict\nkey\nvalue","when_created":1657537153.7248,"parent_id":"34e4d875","props":[],"created_by":"stipan","items":{"2":{"type":"branch","branchId":0,"one":"3","id":"2"},"4":{"type":"action","id":"4","one":"1","text":"utils.remove(sameType, value)"},"1":{"type":"end","id":"1"},"3":{"type":"action","text":"sameType = getCreateList(dict, key)","one":"4","id":"3"}},"version":20180619,"updated_by":"stipan","type":"drakon","language":"LANG_S42","name":"removeFromMultiDict","when_updated":1675146789.1636}