{"keywords":{"scenario":false,"async":false,"export":false,"function":true,"algoprop":false},"tag":"731774985","params":"widget","when_created":1658298329.1279,"parent_id":"35f7b123","props":[],"created_by":"stipan","items":{"4":{"type":"action","id":"4","one":"1","text":"widget.visuals.handles = []"},"1":{"type":"end","id":"1"},"5":{"flag1":1,"id":"5","type":"question","two":"1","one":"4","text":"widget.visuals"},"2":{"type":"branch","branchId":0,"one":"3","id":"2"},"3":{"type":"action","id":"3","one":"5","text":"widget.selection = {prims: {}}"}},"version":20180619,"type":"drakon","updated_by":"stipan","when_updated":1667742120.3662,"name":"resetSelectionCore","language":"LANG_S42"}