{"version":20180619,"tag":"187120638","params":"widget\nnode","when_created":1665064200.9892,"parent_id":"f474e5bd","props":[],"language":"LANG_S42","items":{"4":{"type":"action","id":"4","one":"1","text":"return toKeep"},"8":{"type":"action","text":"below = caseNode.next[0]","one":"9","id":"8"},"1":{"type":"end","id":"1"},"5":{"type":"loopend","text":"","one":"4","id":"5"},"9":{"type":"action","text":"markToStay(\n    widget,\n    caseNode,\n    below.itemId,\n    toKeep\n)","one":"5","id":"9"},"6":{"type":"loopbegin","text":"caseNode; node.select.cases","one":"7","id":"6"},"3":{"type":"action","text":"toKeep = {}","one":"6","id":"3"},"7":{"flag1":0,"id":"7","type":"question","text":"caseNode === node","one":"8","two":"5"},"2":{"type":"branch","branchId":0,"one":"3","id":"2"}},"updated_by":"stipan","keywords":{"scenario":false,"async":false,"export":false,"function":true,"algoprop":false},"type":"drakon","when_updated":1665064301.7446,"name":"markOtherCasesToStay","created_by":"stipan"}