{"version":20180619,"tag":"732912179","params":"visuals\nelement","when_created":1672936644.4292,"parent_id":"dc56baef","props":[],"when_updated":1672941798.3762,"items":{"2":{"type":"branch","branchId":0,"one":"9","id":"2"},"8":{"one":"1","id":"8","type":"action","two":"","text":"return buildTextContent(\n    visuals,\n    element,\n    options,\n    element.width\n)"},"1":{"type":"end","id":"1"},"9":{"one":"8","id":"9","type":"action","two":"","text":"options = {}"}},"updated_by":"stipan","keywords":{"scenario":false,"async":false,"export":false,"function":true,"algoprop":false},"type":"drakon","language":"LANG_S42","name":"flow","created_by":"stipan"}