{"keywords":{"scenario":false,"async":false,"export":false,"function":true,"algoprop":false},"tag":"450599629","params":"visuals","when_created":1657545557.0532,"parent_id":"befd80d4","props":[],"language":"LANG_S42","items":{"4":{"type":"action","text":"header.next = branch.next","one":"5","id":"4"},"1":{"type":"end","id":"1"},"5":{"type":"action","id":"5","one":"1","text":"buildManhattan(visuals, header)"},"2":{"type":"branch","branchId":0,"one":"3","id":"2"},"3":{"type":"action","id":"3","one":"4","text":"branch = firstBranchNode(visuals)\nheader = visuals.header"}},"type":"drakon","version":20180619,"updated_by":"stipan","when_updated":1657545813.1687,"name":"layoutPrimitive","created_by":"stipan"}