{"keywords":{"scenario":false,"async":false,"export":false,"function":true,"algoprop":false},"tag":"799234467","params":"element\nmargin","when_created":1671584456.1703,"parent_id":"f298c153","props":[],"language":"LANG_S42","items":{"11":{"type":"action","text":"return calculateLineBoxCore(\n    x1,\n    y1,\n    x2,\n    y2,\n    margin\n)","one":"1","id":"11"},"9":{"one":"11","id":"9","type":"action","two":"","text":"x1 = element.left\nx2 = x1 + element.x2\ny1 = element.top\ny2 = y1 + element.y2"},"1":{"type":"end","id":"1"},"2":{"type":"branch","branchId":0,"one":"9","id":"2"}},"version":20180619,"updated_by":"stipan","type":"drakon","when_updated":1672989955.919,"name":"calculateLineBox","created_by":"stipan"}