{"version":20180619,"tag":"370817322","params":"widget\ncontext\nnodeInfo","when_created":1658404391.8014,"parent_id":"35f7b123","props":[],"language":"LANG_S42","items":{"4":{"flag1":1,"id":"4","type":"question","text":"nodeInfo.include","one":"3","two":"5"},"10":{"flag1":0,"id":"10","type":"question","two":"18","one":"11","text":"node.type === \"loopend\""},"21":{"type":"action","id":"21","one":"11","text":"context.arrows--"},"22":{"type":"action","id":"22","one":"8","text":"nodeInfo.include = true\nnode = nodeInfo.node"},"11":{"flag1":0,"id":"11","type":"question","two":"12","one":"7","text":"clusterComplete(context)"},"12":{"flag1":1,"id":"12","type":"question","two":"1","one":"7","text":"node.type == \"select\""},"7":{"type":"action","text":"selectClusterStep(\n    widget,\n    context,\n    node,\n    node.next[0]\n)","one":"1","id":"7"},"18":{"flag1":1,"id":"18","type":"question","text":"node.loopStart.id in context.loops","one":"21","two":"19"},"14":{"type":"action","id":"14","one":"11","text":"selectClusterStep(\n    widget,\n    context,\n    node,\n    node.next[1]\n)"},"8":{"flag1":0,"id":"8","type":"question","text":"node.next.length === 2","one":"9","two":"15"},"1":{"type":"end","id":"1"},"9":{"flag1":0,"id":"9","type":"question","text":"node.type === \"loopbegin\"","one":"10","two":"17"},"15":{"type":"action","id":"15","one":"14","text":"context.paths++"},"16":{"type":"action","id":"16","one":"11","text":"context.arrows++"},"6":{"type":"action","text":"context.arrows++","one":"22","id":"6"},"3":{"type":"action","id":"3","one":"1","text":"context.arrows--"},"17":{"type":"action","id":"17","one":"16","text":"context.loops[node.id] = true"},"2":{"type":"branch","branchId":0,"one":"4","id":"2"},"5":{"flag1":0,"id":"5","type":"question","two":"6","one":"22","text":"isArrowLoop(nodeInfo.node)"},"19":{"type":"action","text":"info = getNodeInfo(\n    context,\n    node.loopStart\n)","one":"20","id":"19"},"20":{"type":"action","text":"selectClusterStepNext(\n    widget,\n    context,\n    info\n)","one":"11","id":"20"}},"updated_by":"stipan","keywords":{"scenario":false,"async":false,"export":false,"function":true,"algoprop":false},"type":"drakon","created_by":"stipan","name":"selectClusterStepNext","when_updated":1665853568.6931}